player_id,team,player_name,snapshot_at,temporal_status,recent_minutes,recent_goals,recent_assists,offensive_participation,defensive_performance,injury_status,physical_condition,source_dataset,age,club,club_country,position,national_team_caps,national_team_goals,league_strength_proxy,player_quality_proxy
algeria::abada_achref,Algeria,ABADA Achref,2026-06-11T03:59:59+00:00,BACKFILLED_PRE_TOURNAMENT_FACT,NA,NA,NA,NA,NA,NA,NA,data/database/players_database.csv,27,USM Alger (ALG),ALG,DF,10,1,6.5,6.1
algeria::ait-nouri_rayan,Algeria,AIT-NOURI Rayan,2026-06-11T03:59:59+00:00,BACKFILLED_PRE_TOURNAMENT_FACT,NA,NA,NA,NA,NA,NA,NA,data/database/players_database.csv,25,Manchester City FC (ENG),ENG,DF,32,0,9.0,5.2
algeria::amoura_mohamed,Algeria,AMOURA Mohamed,2026-06-11T03:59:59+00:00,BACKFILLED_PRE_TOURNAMENT_FACT,NA,NA,NA,NA,NA,NA,NA,data/database/players_database.csv,26,VfL Wolfsburg (GER),GER,FW,48,19,9.0,8.3
algeria::aouar_houssem,Algeria,AOUAR Houssem,2026-06-11T03:59:59+00:00,BACKFILLED_PRE_TOURNAMENT_FACT,NA,NA,NA,NA,NA,NA,NA,data/database/players_database.csv,27,Al Ittihad (KSA),KSA,MF,24,6,7.5,6.9
algeria::belaid_zineddine,Algeria,BELAID Zineddine,2026-06-11T03:59:59+00:00,BACKFILLED_PRE_TOURNAMENT_FACT,NA,NA,NA,NA,NA,NA,NA,data/database/players_database.csv,27,JS Kabylie (ALG),ALG,DF,19,1,6.5,5.6
algeria::belghali_ra_k,Algeria,BELGHALI Ra k,2026-06-11T03:59:59+00:00,BACKFILLED_PRE_TOURNAMENT_FACT,NA,NA,NA,NA,NA,NA,NA,data/database/players_database.csv,24,Hellas Verona FC (ITA),ITA,DF,15,1,9.0,6.5
algeria::benbot_oussama,Algeria,BENBOT Oussama,2026-06-11T03:59:59+00:00,BACKFILLED_PRE_TOURNAMENT_FACT,NA,NA,NA,NA,NA,NA,NA,data/database/players_database.csv,31,USM Alger (ALG),ALG,GK,3,0,6.5,4.0
algeria::benbouali_nadhir,Algeria,BENBOUALI Nadhir,2026-06-11T03:59:59+00:00,BACKFILLED_PRE_TOURNAMENT_FACT,NA,NA,NA,NA,NA,NA,NA,data/database/players_database.csv,26,Györi ETO FC (HUN),HUN,FW,5,2,6.5,5.8
algeria::bensebaini_ramy,Algeria,BENSEBAINI Ramy,2026-06-11T03:59:59+00:00,BACKFILLED_PRE_TOURNAMENT_FACT,NA,NA,NA,NA,NA,NA,NA,data/database/players_database.csv,31,Borussia Dortmund (GER),GER,DF,84,9,9.0,9.4
algeria::bentaleb_nabil,Algeria,BENTALEB Nabil,2026-06-11T03:59:59+00:00,BACKFILLED_PRE_TOURNAMENT_FACT,NA,NA,NA,NA,NA,NA,NA,data/database/players_database.csv,31,Lille OSC (FRA),FRA,MF,62,6,9.0,7.8
algeria::boudaoui_hicham,Algeria,BOUDAOUI Hicham,2026-06-11T03:59:59+00:00,BACKFILLED_PRE_TOURNAMENT_FACT,NA,NA,NA,NA,NA,NA,NA,data/database/players_database.csv,26,OGC Nice (FRA),FRA,MF,36,0,9.0,5.3
algeria::boulbina_adil,Algeria,BOULBINA Adil,2026-06-11T03:59:59+00:00,BACKFILLED_PRE_TOURNAMENT_FACT,NA,NA,NA,NA,NA,NA,NA,data/database/players_database.csv,23,Al Duhail SC (QAT),QAT,FW,12,5,6.5,5.9
algeria::chaibi_fares,Algeria,CHAIBI Fares,2026-06-11T03:59:59+00:00,BACKFILLED_PRE_TOURNAMENT_FACT,NA,NA,NA,NA,NA,NA,NA,data/database/players_database.csv,23,Eintracht Frankfurt (GER),GER,MF,33,3,9.0,6.4
algeria::chergui_samir,Algeria,CHERGUI Samir,2026-06-11T03:59:59+00:00,BACKFILLED_PRE_TOURNAMENT_FACT,NA,NA,NA,NA,NA,NA,NA,data/database/players_database.csv,27,Paris FC (FRA),FRA,DF,5,0,9.0,4.0
algeria::ghedjemis_fares,Algeria,GHEDJEMIS Fares,2026-06-11T03:59:59+00:00,BACKFILLED_PRE_TOURNAMENT_FACT,NA,NA,NA,NA,NA,NA,NA,data/database/players_database.csv,23,Frosinone (ITA),ITA,FW,1,1,9.0,6.0
algeria::gouiri_amine,Algeria,GOUIRI Amine,2026-06-11T03:59:59+00:00,BACKFILLED_PRE_TOURNAMENT_FACT,NA,NA,NA,NA,NA,NA,NA,data/database/players_database.csv,26,Olympique Marseille (FRA),FRA,FW,25,11,9.0,7.3
algeria::hadj_moussa_anis,Algeria,HADJ MOUSSA Anis,2026-06-11T03:59:59+00:00,BACKFILLED_PRE_TOURNAMENT_FACT,NA,NA,NA,NA,NA,NA,NA,data/database/players_database.csv,24,Feyenoord Rotterdam (NED),NED,FW,17,2,7.5,5.0
algeria::hadjam_jaouen,Algeria,HADJAM Jaouen,2026-06-11T03:59:59+00:00,BACKFILLED_PRE_TOURNAMENT_FACT,NA,NA,NA,NA,NA,NA,NA,data/database/players_database.csv,23,BSC Young Boys (SUI),SUI,DF,19,3,7.5,6.4
algeria::mahrez_riyad,Algeria,MAHREZ Riyad,2026-06-11T03:59:59+00:00,BACKFILLED_PRE_TOURNAMENT_FACT,NA,NA,NA,NA,NA,NA,NA,data/database/players_database.csv,35,Al Ahli FC (KSA),KSA,FW,118,38,7.5,8.6
algeria::mandi_aissa,Algeria,MANDI Aissa,2026-06-11T03:59:59+00:00,BACKFILLED_PRE_TOURNAMENT_FACT,NA,NA,NA,NA,NA,NA,NA,data/database/players_database.csv,34,Lille OSC (FRA),FRA,DF,121,8,9.0,8.7
algeria::mastil_melvin,Algeria,MASTIL Melvin,2026-06-11T03:59:59+00:00,BACKFILLED_PRE_TOURNAMENT_FACT,NA,NA,NA,NA,NA,NA,NA,data/database/players_database.csv,26,FC Stade Nyonnais (SUI),SUI,GK,2,0,7.5,4.7
algeria::maza_ibrahim,Algeria,MAZA Ibrahim,2026-06-11T03:59:59+00:00,BACKFILLED_PRE_TOURNAMENT_FACT,NA,NA,NA,NA,NA,NA,NA,data/database/players_database.csv,20,Bayer 04 Leverkusen (GER),GER,MF,19,2,9.0,5.7
algeria::titraoui_yassine,Algeria,TITRAOUI Yassine,2026-06-11T03:59:59+00:00,BACKFILLED_PRE_TOURNAMENT_FACT,NA,NA,NA,NA,NA,NA,NA,data/database/players_database.csv,22,Sporting Charleroi (BEL),BEL,MF,5,0,7.5,3.3
algeria::tougai_mohamed_amine,Algeria,TOUGAI Mohamed Amine,2026-06-11T03:59:59+00:00,BACKFILLED_PRE_TOURNAMENT_FACT,NA,NA,NA,NA,NA,NA,NA,data/database/players_database.csv,26,Espérance De Tunisie (TUN),TUN,DF,30,2,5.5,6.3
algeria::zerrouki_ramiz,Algeria,ZERROUKI Ramiz,2026-06-11T03:59:59+00:00,BACKFILLED_PRE_TOURNAMENT_FACT,NA,NA,NA,NA,NA,NA,NA,data/database/players_database.csv,28,FC Twente (NED),NED,MF,55,3,7.5,6.7
algeria::zidane_luca,Algeria,ZIDANE Luca,2026-06-11T03:59:59+00:00,BACKFILLED_PRE_TOURNAMENT_FACT,NA,NA,NA,NA,NA,NA,NA,data/database/players_database.csv,28,Granada CF (ESP),ESP,GK,9,0,9.0,5.7
argentina::almada_thiago,Argentina,ALMADA Thiago,2026-06-11T03:59:59+00:00,BACKFILLED_PRE_TOURNAMENT_FACT,NA,NA,NA,NA,NA,NA,NA,data/database/players_database.csv,25,Atlético De Madrid (ESP),ESP,FW,18,5,9.0,6.5
argentina::alvarez_julian,Argentina,ALVAREZ Julian,2026-06-11T03:59:59+00:00,BACKFILLED_PRE_TOURNAMENT_FACT,NA,NA,NA,NA,NA,NA,NA,data/database/players_database.csv,26,Atlético De Madrid (ESP),ESP,FW,53,14,9.0,8.0
argentina::barco_valentin,Argentina,BARCO Valentin,2026-06-11T03:59:59+00:00,BACKFILLED_PRE_TOURNAMENT_FACT,NA,NA,NA,NA,NA,NA,NA,data/database/players_database.csv,21,RC Strasbourg (FRA),FRA,MF,4,2,9.0,6.1
argentina::de_paul_rodrigo,Argentina,DE PAUL Rodrigo,2026-06-11T03:59:59+00:00,BACKFILLED_PRE_TOURNAMENT_FACT,NA,NA,NA,NA,NA,NA,NA,data/database/players_database.csv,32,Inter Miami CF (USA),USA,MF,89,2,7.5,6.9
argentina::fernandez_enzo,Argentina,FERNANDEZ Enzo,2026-06-11T03:59:59+00:00,BACKFILLED_PRE_TOURNAMENT_FACT,NA,NA,NA,NA,NA,NA,NA,data/database/players_database.csv,25,Chelsea FC (ENG),ENG,MF,44,6,9.0,7.9
argentina::gonzalez_nico,Argentina,GONZALEZ Nico,2026-06-11T03:59:59+00:00,BACKFILLED_PRE_TOURNAMENT_FACT,NA,NA,NA,NA,NA,NA,NA,data/database/players_database.csv,28,Atlético De Madrid (ESP),ESP,MF,53,6,9.0,8.0
argentina::lo_celso_giovani,Argentina,LO CELSO Giovani,2026-06-11T03:59:59+00:00,BACKFILLED_PRE_TOURNAMENT_FACT,NA,NA,NA,NA,NA,NA,NA,data/database/players_database.csv,30,Real Betis (ESP),ESP,MF,67,4,9.0,7.7
argentina::lopez_jose_manuel,Argentina,LOPEZ Jose Manuel,2026-06-11T03:59:59+00:00,BACKFILLED_PRE_TOURNAMENT_FACT,NA,NA,NA,NA,NA,NA,NA,data/database/players_database.csv,25,SE Palmeiras (BRA),BRA,FW,5,0,7.5,3.6
argentina::mac_allister_alexis,Argentina,MAC ALLISTER Alexis,2026-06-11T03:59:59+00:00,BACKFILLED_PRE_TOURNAMENT_FACT,NA,NA,NA,NA,NA,NA,NA,data/database/players_database.csv,27,Liverpool FC (ENG),ENG,MF,48,6,9.0,7.9
argentina::martinez_emiliano,Argentina,MARTINEZ Emiliano,2026-06-11T03:59:59+00:00,BACKFILLED_PRE_TOURNAMENT_FACT,NA,NA,NA,NA,NA,NA,NA,data/database/players_database.csv,33,Aston Villa FC (ENG),ENG,GK,61,0,9.0,8.2
argentina::martinez_lautaro,Argentina,MARTINEZ Lautaro,2026-06-11T03:59:59+00:00,BACKFILLED_PRE_TOURNAMENT_FACT,NA,NA,NA,NA,NA,NA,NA,data/database/players_database.csv,28,FC Internazionale Milano (ITA),ITA,FW,79,37,9.0,9.7
argentina::martinez_lisandro,Argentina,MARTINEZ Lisandro,2026-06-11T03:59:59+00:00,BACKFILLED_PRE_TOURNAMENT_FACT,NA,NA,NA,NA,NA,NA,NA,data/database/players_database.csv,28,Manchester United FC (ENG),ENG,DF,30,1,9.0,6.1
argentina::medina_facundo,Argentina,MEDINA Facundo,2026-06-11T03:59:59+00:00,BACKFILLED_PRE_TOURNAMENT_FACT,NA,NA,NA,NA,NA,NA,NA,data/database/players_database.csv,27,Olympique Marseille (FRA),FRA,DF,11,0,9.0,4.2
argentina::messi_lionel,Argentina,MESSI Lionel,2026-06-11T03:59:59+00:00,BACKFILLED_PRE_TOURNAMENT_FACT,NA,NA,NA,NA,NA,NA,NA,data/database/players_database.csv,39,Inter Miami CF (USA),USA,FW,201,122,7.5,8.5
argentina::molina_nahuel,Argentina,MOLINA Nahuel,2026-06-11T03:59:59+00:00,BACKFILLED_PRE_TOURNAMENT_FACT,NA,NA,NA,NA,NA,NA,NA,data/database/players_database.csv,28,Atlético De Madrid (ESP),ESP,DF,60,1,9.0,6.9
argentina::montiel_gonzalo,Argentina,MONTIEL Gonzalo,2026-06-11T03:59:59+00:00,BACKFILLED_PRE_TOURNAMENT_FACT,NA,NA,NA,NA,NA,NA,NA,data/database/players_database.csv,29,CA River Plate (ARG),ARG,DF,40,2,7.5,6.7
argentina::musso_juan,Argentina,MUSSO Juan,2026-06-11T03:59:59+00:00,BACKFILLED_PRE_TOURNAMENT_FACT,NA,NA,NA,NA,NA,NA,NA,data/database/players_database.csv,32,Atlético De Madrid (ESP),ESP,GK,4,0,9.0,5.0
argentina::otamendi_nicolas,Argentina,OTAMENDI Nicolas,2026-06-11T03:59:59+00:00,BACKFILLED_PRE_TOURNAMENT_FACT,NA,NA,NA,NA,NA,NA,NA,data/database/players_database.csv,38,SL Ben ca (POR),POR,DF,134,8,7.5,7.8
argentina::palacios_exequiel,Argentina,PALACIOS Exequiel,2026-06-11T03:59:59+00:00,BACKFILLED_PRE_TOURNAMENT_FACT,NA,NA,NA,NA,NA,NA,NA,data/database/players_database.csv,27,Bayer 04 Leverkusen (GER),GER,MF,40,0,9.0,5.5
argentina::paredes_leandro,Argentina,PAREDES Leandro,2026-06-11T03:59:59+00:00,BACKFILLED_PRE_TOURNAMENT_FACT,NA,NA,NA,NA,NA,NA,NA,data/database/players_database.csv,31,CA Boca Juniors (ARG),ARG,MF,78,5,7.5,7.6
argentina::paz_nico,Argentina,PAZ Nico,2026-06-11T03:59:59+00:00,BACKFILLED_PRE_TOURNAMENT_FACT,NA,NA,NA,NA,NA,NA,NA,data/database/players_database.csv,21,Como (ITA),ITA,FW,10,1,9.0,4.6
argentina::romero_cristian,Argentina,ROMERO Cristian,2026-06-11T03:59:59+00:00,BACKFILLED_PRE_TOURNAMENT_FACT,NA,NA,NA,NA,NA,NA,NA,data/database/players_database.csv,28,Tottenham Hotspur FC (ENG),ENG,DF,53,3,9.0,7.8
argentina::rulli_geronimo,Argentina,RULLI Geronimo,2026-06-11T03:59:59+00:00,BACKFILLED_PRE_TOURNAMENT_FACT,NA,NA,NA,NA,NA,NA,NA,data/database/players_database.csv,34,Olympique Marseille (FRA),FRA,GK,8,0,9.0,4.8
argentina::senesi_marcos,Argentina,SENESI Marcos,2026-06-11T03:59:59+00:00,BACKFILLED_PRE_TOURNAMENT_FACT,NA,NA,NA,NA,NA,NA,NA,data/database/players_database.csv,29,AFC Bournemouth (ENG),ENG,DF,3,0,9.0,3.9
argentina::simeone_giuliano,Argentina,SIMEONE Giuliano,2026-06-11T03:59:59+00:00,BACKFILLED_PRE_TOURNAMENT_FACT,NA,NA,NA,NA,NA,NA,NA,data/database/players_database.csv,23,Atlético De Madrid (ESP),ESP,FW,13,2,9.0,5.1
argentina::tagliafico_nicolas,Argentina,TAGLIAFICO Nicolas,2026-06-11T03:59:59+00:00,BACKFILLED_PRE_TOURNAMENT_FACT,NA,NA,NA,NA,NA,NA,NA,data/database/players_database.csv,33,Olympique Lyonnais (FRA),FRA,DF,77,1,9.0,7.2
australia::beach_patrick,Australia,BEACH Patrick,2026-06-11T03:59:59+00:00,BACKFILLED_PRE_TOURNAMENT_FACT,NA,NA,NA,NA,NA,NA,NA,data/database/players_database.csv,22,Melbourne City FC (AUS),AUS,GK,5,0,5.5,3.8
australia::behich_aziz,Australia,BEHICH Aziz,2026-06-11T03:59:59+00:00,BACKFILLED_PRE_TOURNAMENT_FACT,NA,NA,NA,NA,NA,NA,NA,data/database/players_database.csv,35,Melbourne City FC (AUS),AUS,DF,86,3,5.5,6.9
australia::bos_jordan,Australia,BOS Jordan,2026-06-11T03:59:59+00:00,BACKFILLED_PRE_TOURNAMENT_FACT,NA,NA,NA,NA,NA,NA,NA,data/database/players_database.csv,23,Feyenoord Rotterdam (NED),NED,DF,30,4,7.5,6.9
australia::burgess_cameron,Australia,BURGESS Cameron,2026-06-11T03:59:59+00:00,BACKFILLED_PRE_TOURNAMENT_FACT,NA,NA,NA,NA,NA,NA,NA,data/database/players_database.csv,30,Swansea City AFC (WAL),WAL,DF,29,0,5.5,4.1
australia::circati_alessandro,Australia,CIRCATI Alessandro,2026-06-11T03:59:59+00:00,BACKFILLED_PRE_TOURNAMENT_FACT,NA,NA,NA,NA,NA,NA,NA,data/database/players_database.csv,22,Parma (ITA),ITA,DF,16,1,9.0,6.1
australia::degenek_milos,Australia,DEGENEK Milos,2026-06-11T03:59:59+00:00,BACKFILLED_PRE_TOURNAMENT_FACT,NA,NA,NA,NA,NA,NA,NA,data/database/players_database.csv,32,APOEL FC (CYP),CYP,DF,57,1,5.5,5.6
australia::devlin_cameron,Australia,DEVLIN Cameron,2026-06-11T03:59:59+00:00,BACKFILLED_PRE_TOURNAMENT_FACT,NA,NA,NA,NA,NA,NA,NA,data/database/players_database.csv,28,Heart Of Midlothian FC (SCO),SCO,MF,5,0,7.5,3.6
australia::geria_jason,Australia,GERIA Jason,2026-06-11T03:59:59+00:00,BACKFILLED_PRE_TOURNAMENT_FACT,NA,NA,NA,NA,NA,NA,NA,data/database/players_database.csv,33,Albirex Niigata (JPN),JPN,DF,16,0,6.5,3.5
australia::herrington_lucas,Australia,HERRINGTON Lucas,2026-06-11T03:59:59+00:00,BACKFILLED_PRE_TOURNAMENT_FACT,NA,NA,NA,NA,NA,NA,NA,data/database/players_database.csv,18,Colorado Rapids (USA),USA,DF,5,0,7.5,3.0
australia::hrustic_ajdin,Australia,HRUSTIC Ajdin,2026-06-11T03:59:59+00:00,BACKFILLED_PRE_TOURNAMENT_FACT,NA,NA,NA,NA,NA,NA,NA,data/database/players_database.csv,29,SC Heracles Almelo (NED),NED,FW,38,3,7.5,5.6
australia::irankunda_nestory,Australia,IRANKUNDA Nestory,2026-06-11T03:59:59+00:00,BACKFILLED_PRE_TOURNAMENT_FACT,NA,NA,NA,NA,NA,NA,NA,data/database/players_database.csv,20,Watford FC (ENG),ENG,FW,18,6,9.0,6.3
australia::irvine_jackson,Australia,IRVINE Jackson,2026-06-11T03:59:59+00:00,BACKFILLED_PRE_TOURNAMENT_FACT,NA,NA,NA,NA,NA,NA,NA,data/database/players_database.csv,33,FC St. Pauli (GER),GER,MF,85,14,9.0,9.4
australia::italiano_jacob,Australia,ITALIANO Jacob,2026-06-11T03:59:59+00:00,BACKFILLED_PRE_TOURNAMENT_FACT,NA,NA,NA,NA,NA,NA,NA,data/database/players_database.csv,24,Grazer AK (AUT),AUT,DF,7,0,7.5,3.7
australia::izzo_paul,Australia,IZZO Paul,2026-06-11T03:59:59+00:00,BACKFILLED_PRE_TOURNAMENT_FACT,NA,NA,NA,NA,NA,NA,NA,data/database/players_database.csv,31,Randers FC (DEN),DEN,GK,4,0,7.5,4.5
australia::leckie_mathew,Australia,LECKIE Mathew,2026-06-11T03:59:59+00:00,BACKFILLED_PRE_TOURNAMENT_FACT,NA,NA,NA,NA,NA,NA,NA,data/database/players_database.csv,35,Melbourne City FC (AUS),AUS,FW,82,14,5.5,7.0
australia::mabil_awer,Australia,MABIL Awer,2026-06-11T03:59:59+00:00,BACKFILLED_PRE_TOURNAMENT_FACT,NA,NA,NA,NA,NA,NA,NA,data/database/players_database.csv,30,CD Castellón (ESP),ESP,FW,38,10,9.0,7.3
australia::metcalfe_connor,Australia,METCALFE Connor,2026-06-11T03:59:59+00:00,BACKFILLED_PRE_TOURNAMENT_FACT,NA,NA,NA,NA,NA,NA,NA,data/database/players_database.csv,26,FC St. Pauli (GER),GER,MF,39,2,9.0,6.3
australia::okon-engstler_paul,Australia,OKON-ENGSTLER Paul,2026-06-11T03:59:59+00:00,BACKFILLED_PRE_TOURNAMENT_FACT,NA,NA,NA,NA,NA,NA,NA,data/database/players_database.csv,21,Sydney FC (AUS),AUS,MF,9,0,5.5,3.0
australia::oneill_aiden,Australia,ONEILL Aiden,2026-06-11T03:59:59+00:00,BACKFILLED_PRE_TOURNAMENT_FACT,NA,NA,NA,NA,NA,NA,NA,data/database/players_database.csv,27,New York City FC (USA),USA,MF,34,0,7.5,4.9
australia::ryan_mathew,Australia,RYAN Mathew,2026-06-11T03:59:59+00:00,BACKFILLED_PRE_TOURNAMENT_FACT,NA,NA,NA,NA,NA,NA,NA,data/database/players_database.csv,34,Levante UD (ESP),ESP,GK,104,0,9.0,8.9
australia::souttar_harry,Australia,SOUTTAR Harry,2026-06-11T03:59:59+00:00,BACKFILLED_PRE_TOURNAMENT_FACT,NA,NA,NA,NA,NA,NA,NA,data/database/players_database.csv,27,Leicester City FC (ENG),ENG,DF,41,11,9.0,8.0
australia::toure_mohamed,Australia,TOURE Mohamed,2026-06-11T03:59:59+00:00,BACKFILLED_PRE_TOURNAMENT_FACT,NA,NA,NA,NA,NA,NA,NA,data/database/players_database.csv,22,Norwich City FC (ENG),ENG,FW,12,2,9.0,5.2
australia::trewin_kai,Australia,TREWIN Kai,2026-06-11T03:59:59+00:00,BACKFILLED_PRE_TOURNAMENT_FACT,NA,NA,NA,NA,NA,NA,NA,data/database/players_database.csv,25,New York City FC (USA),USA,DF,6,0,7.5,3.6
australia::velupillay_nishan,Australia,VELUPILLAY Nishan,2026-06-11T03:59:59+00:00,BACKFILLED_PRE_TOURNAMENT_FACT,NA,NA,NA,NA,NA,NA,NA,data/database/players_database.csv,25,Melbourne Victory FC (AUS),AUS,FW,9,3,5.5,5.6
australia::volpato_cristian,Australia,VOLPATO Cristian,2026-06-11T03:59:59+00:00,BACKFILLED_PRE_TOURNAMENT_FACT,NA,NA,NA,NA,NA,NA,NA,data/database/players_database.csv,22,US Sassuolo (ITA),ITA,FW,3,0,9.0,3.6
australia::yengi_tete,Australia,YENGI Tete,2026-06-11T03:59:59+00:00,BACKFILLED_PRE_TOURNAMENT_FACT,NA,NA,NA,NA,NA,NA,NA,data/database/players_database.csv,25,FC Machida Zelvia (JPN),JPN,FW,3,1,6.5,5.6
austria::affengruber_david,Austria,AFFENGRUBER David,2026-06-11T03:59:59+00:00,BACKFILLED_PRE_TOURNAMENT_FACT,NA,NA,NA,NA,NA,NA,NA,data/database/players_database.csv,25,Elche CF (ESP),ESP,DF,1,0,9.0,3.8
austria::alaba_david,Austria,ALABA David,2026-06-11T03:59:59+00:00,BACKFILLED_PRE_TOURNAMENT_FACT,NA,NA,NA,NA,NA,NA,NA,data/database/players_database.csv,34,Real Madrid C. F. (ESP),ESP,DF,115,15,9.0,9.2
austria::arnautovic_marko,Austria,ARNAUTOVIC Marko,2026-06-11T03:59:59+00:00,BACKFILLED_PRE_TOURNAMENT_FACT,NA,NA,NA,NA,NA,NA,NA,data/database/players_database.csv,37,FK Crvena Zvezda (SRB),SRB,FW,135,48,6.5,8.2
austria::chukwuemeka_carney,Austria,CHUKWUEMEKA Carney,2026-06-11T03:59:59+00:00,BACKFILLED_PRE_TOURNAMENT_FACT,NA,NA,NA,NA,NA,NA,NA,data/database/players_database.csv,22,Borussia Dortmund (GER),GER,MF,5,1,9.0,6.2
austria::danso_kevin,Austria,DANSO Kevin,2026-06-11T03:59:59+00:00,BACKFILLED_PRE_TOURNAMENT_FACT,NA,NA,NA,NA,NA,NA,NA,data/database/players_database.csv,27,Tottenham Hotspur FC (ENG),ENG,DF,34,0,9.0,5.2
austria::friedl_marco,Austria,FRIEDL Marco,2026-06-11T03:59:59+00:00,BACKFILLED_PRE_TOURNAMENT_FACT,NA,NA,NA,NA,NA,NA,NA,data/database/players_database.csv,28,SV Werder Bremen (GER),GER,DF,12,0,9.0,4.3
austria::gregoritsch_michael,Austria,GREGORITSCH Michael,2026-06-11T03:59:59+00:00,BACKFILLED_PRE_TOURNAMENT_FACT,NA,NA,NA,NA,NA,NA,NA,data/database/players_database.csv,32,FC Augsburg (GER),GER,FW,76,24,9.0,9.0
austria::grillitsch_florian,Austria,GRILLITSCH Florian,2026-06-11T03:59:59+00:00,BACKFILLED_PRE_TOURNAMENT_FACT,NA,NA,NA,NA,NA,NA,NA,data/database/players_database.csv,30,SC Braga (POR),POR,MF,59,1,7.5,6.2
austria::kalajdzic_sasa,Austria,KALAJDZIC Sasa,2026-06-11T03:59:59+00:00,BACKFILLED_PRE_TOURNAMENT_FACT,NA,NA,NA,NA,NA,NA,NA,data/database/players_database.csv,28,LASK Linz (AUT),AUT,FW,23,4,7.5,5.6
austria::laimer_konrad,Austria,LAIMER Konrad,2026-06-11T03:59:59+00:00,BACKFILLED_PRE_TOURNAMENT_FACT,NA,NA,NA,NA,NA,NA,NA,data/database/players_database.csv,29,FC Bayern München (GER),GER,MF,59,7,9.0,8.3
austria::lienhart_philipp,Austria,LIENHART Philipp,2026-06-11T03:59:59+00:00,BACKFILLED_PRE_TOURNAMENT_FACT,NA,NA,NA,NA,NA,NA,NA,data/database/players_database.csv,29,SC Freiburg (GER),GER,DF,42,3,9.0,7.8
austria::ljubicic_dejan,Austria,LJUBICIC Dejan,2026-06-11T03:59:59+00:00,BACKFILLED_PRE_TOURNAMENT_FACT,NA,NA,NA,NA,NA,NA,NA,data/database/players_database.csv,28,FC Schalke 04 (GER),GER,MF,9,1,9.0,6.0
austria::mwene_phillip,Austria,MWENE Phillip,2026-06-11T03:59:59+00:00,BACKFILLED_PRE_TOURNAMENT_FACT,NA,NA,NA,NA,NA,NA,NA,data/database/players_database.csv,32,1. FSV Mainz 05 (GER),GER,DF,31,0,9.0,4.8
austria::pentz_patrick,Austria,PENTZ Patrick,2026-06-11T03:59:59+00:00,BACKFILLED_PRE_TOURNAMENT_FACT,NA,NA,NA,NA,NA,NA,NA,data/database/players_database.csv,29,Brøndby IF (DEN),DEN,GK,18,0,7.5,5.6
austria::posch_stefan,Austria,POSCH Stefan,2026-06-11T03:59:59+00:00,BACKFILLED_PRE_TOURNAMENT_FACT,NA,NA,NA,NA,NA,NA,NA,data/database/players_database.csv,29,1. FSV Mainz 05 (GER),GER,DF,54,5,9.0,8.6
austria::prass_alexander,Austria,PRASS Alexander,2026-06-11T03:59:59+00:00,BACKFILLED_PRE_TOURNAMENT_FACT,NA,NA,NA,NA,NA,NA,NA,data/database/players_database.csv,25,TSG Hoffenheim (GER),GER,MF,20,0,9.0,4.6
austria::sabitzer_marcel,Austria,SABITZER Marcel,2026-06-11T03:59:59+00:00,BACKFILLED_PRE_TOURNAMENT_FACT,NA,NA,NA,NA,NA,NA,NA,data/database/players_database.csv,32,Borussia Dortmund (GER),GER,MF,100,26,9.0,9.4
austria::schlager_alexander,Austria,SCHLAGER Alexander,2026-06-11T03:59:59+00:00,BACKFILLED_PRE_TOURNAMENT_FACT,NA,NA,NA,NA,NA,NA,NA,data/database/players_database.csv,30,FC Red Bull Salzburg (AUT),AUT,GK,28,0,7.5,6.2
austria::schlager_xaver,Austria,SCHLAGER Xaver,2026-06-11T03:59:59+00:00,BACKFILLED_PRE_TOURNAMENT_FACT,NA,NA,NA,NA,NA,NA,NA,data/database/players_database.csv,28,RB Leipzig (GER),GER,MF,53,4,9.0,7.3
austria::schmid_romano,Austria,SCHMID Romano,2026-06-11T03:59:59+00:00,BACKFILLED_PRE_TOURNAMENT_FACT,NA,NA,NA,NA,NA,NA,NA,data/database/players_database.csv,26,SV Werder Bremen (GER),GER,MF,36,4,9.0,7.2
austria::schoepf_alessandro,Austria,SCHOEPF Alessandro,2026-06-11T03:59:59+00:00,BACKFILLED_PRE_TOURNAMENT_FACT,NA,NA,NA,NA,NA,NA,NA,data/database/players_database.csv,32,Wolfsberger AC (AUT),AUT,MF,35,6,7.5,7.1
austria::seiwald_nicolas,Austria,SEIWALD Nicolas,2026-06-11T03:59:59+00:00,BACKFILLED_PRE_TOURNAMENT_FACT,NA,NA,NA,NA,NA,NA,NA,data/database/players_database.csv,25,RB Leipzig (GER),GER,MF,49,1,9.0,6.2
austria::svoboda_michael,Austria,SVOBODA Michael,2026-06-11T03:59:59+00:00,BACKFILLED_PRE_TOURNAMENT_FACT,NA,NA,NA,NA,NA,NA,NA,data/database/players_database.csv,27,Venezia FC (ITA),ITA,DF,4,0,9.0,3.9
austria::wanner_paul,Austria,WANNER Paul,2026-06-11T03:59:59+00:00,BACKFILLED_PRE_TOURNAMENT_FACT,NA,NA,NA,NA,NA,NA,NA,data/database/players_database.csv,20,PSV Eindhoven (NED),NED,MF,5,0,7.5,3.0
austria::wiegele_florian,Austria,WIEGELE Florian,2026-06-11T03:59:59+00:00,BACKFILLED_PRE_TOURNAMENT_FACT,NA,NA,NA,NA,NA,NA,NA,data/database/players_database.csv,25,FC Viktoria Plzeň (CZE),CZE,GK,1,0,6.5,4.3
austria::wimmer_patrick,Austria,WIMMER Patrick,2026-06-11T03:59:59+00:00,BACKFILLED_PRE_TOURNAMENT_FACT,NA,NA,NA,NA,NA,NA,NA,data/database/players_database.csv,25,VfL Wolfsburg (GER),GER,FW,32,1,9.0,5.4
belgium::castagne_timothy,Belgium,CASTAGNE Timothy,2026-06-11T03:59:59+00:00,BACKFILLED_PRE_TOURNAMENT_FACT,NA,NA,NA,NA,NA,NA,NA,data/database/players_database.csv,30,Fulham FC (ENG),ENG,DF,65,2,9.0,7.6
belgium::courtois_thibaut,Belgium,COURTOIS Thibaut,2026-06-11T03:59:59+00:00,BACKFILLED_PRE_TOURNAMENT_FACT,NA,NA,NA,NA,NA,NA,NA,data/database/players_database.csv,34,Real Madrid C. F. (ESP),ESP,GK,111,0,9.0,8.9
belgium::de_bruyne_kevin,Belgium,DE BRUYNE Kevin,2026-06-11T03:59:59+00:00,BACKFILLED_PRE_TOURNAMENT_FACT,NA,NA,NA,NA,NA,NA,NA,data/database/players_database.csv,34,SSC Napoli (ITA),ITA,MF,121,37,9.0,9.2
belgium::de_cuyper_maxim,Belgium,DE CUYPER Maxim,2026-06-11T03:59:59+00:00,BACKFILLED_PRE_TOURNAMENT_FACT,NA,NA,NA,NA,NA,NA,NA,data/database/players_database.csv,25,Brighton & Hove Albion FC (ENG),ENG,DF,21,4,9.0,7.2
belgium::de_ketelaere_charles,Belgium,DE KETELAERE Charles,2026-06-11T03:59:59+00:00,BACKFILLED_PRE_TOURNAMENT_FACT,NA,NA,NA,NA,NA,NA,NA,data/database/players_database.csv,25,Atalanta Bergamo (ITA),ITA,FW,31,6,9.0,6.5
belgium::de_winter_koni,Belgium,DE WINTER Koni,2026-06-11T03:59:59+00:00,BACKFILLED_PRE_TOURNAMENT_FACT,NA,NA,NA,NA,NA,NA,NA,data/database/players_database.csv,24,AC Milan (ITA),ITA,DF,8,0,9.0,4.1
belgium::debast_zeno,Belgium,DEBAST Zeno,2026-06-11T03:59:59+00:00,BACKFILLED_PRE_TOURNAMENT_FACT,NA,NA,NA,NA,NA,NA,NA,data/database/players_database.csv,22,Sporting CP (POR),POR,DF,26,1,7.5,5.4
belgium::doku_jeremy,Belgium,DOKU Jeremy,2026-06-11T03:59:59+00:00,BACKFILLED_PRE_TOURNAMENT_FACT,NA,NA,NA,NA,NA,NA,NA,data/database/players_database.csv,24,Manchester City FC (ENG),ENG,FW,44,7,9.0,6.8
belgium::fernandez-pardo_matias,Belgium,FERNANDEZ-PARDO Matias,2026-06-11T03:59:59+00:00,BACKFILLED_PRE_TOURNAMENT_FACT,NA,NA,NA,NA,NA,NA,NA,data/database/players_database.csv,21,Lille OSC (FRA),FRA,FW,4,0,9.0,3.6
belgium::lammens_senne,Belgium,LAMMENS Senne,2026-06-11T03:59:59+00:00,BACKFILLED_PRE_TOURNAMENT_FACT,NA,NA,NA,NA,NA,NA,NA,data/database/players_database.csv,23,Manchester United FC (ENG),ENG,GK,2,0,9.0,4.9
belgium::lukaku_romelu,Belgium,LUKAKU Romelu,2026-06-11T03:59:59+00:00,BACKFILLED_PRE_TOURNAMENT_FACT,NA,NA,NA,NA,NA,NA,NA,data/database/players_database.csv,33,SSC Napoli (ITA),ITA,FW,128,90,9.0,9.4
belgium::lukebakio_dodi,Belgium,LUKEBAKIO Dodi,2026-06-11T03:59:59+00:00,BACKFILLED_PRE_TOURNAMENT_FACT,NA,NA,NA,NA,NA,NA,NA,data/database/players_database.csv,28,SL Ben ca (POR),POR,FW,31,6,7.5,6.1
belgium::mechele_brandon,Belgium,MECHELE Brandon,2026-06-11T03:59:59+00:00,BACKFILLED_PRE_TOURNAMENT_FACT,NA,NA,NA,NA,NA,NA,NA,data/database/players_database.csv,33,Club Brugge (BEL),BEL,DF,11,1,7.5,6.1
belgium::meunier_thomas,Belgium,MEUNIER Thomas,2026-06-11T03:59:59+00:00,BACKFILLED_PRE_TOURNAMENT_FACT,NA,NA,NA,NA,NA,NA,NA,data/database/players_database.csv,34,Lille OSC (FRA),FRA,DF,82,10,9.0,9.2
belgium::moreira_diego,Belgium,MOREIRA Diego,2026-06-11T03:59:59+00:00,BACKFILLED_PRE_TOURNAMENT_FACT,NA,NA,NA,NA,NA,NA,NA,data/database/players_database.csv,21,RC Strasbourg (FRA),FRA,MF,3,0,9.0,3.6
belgium::ngoy_nathan,Belgium,NGOY Nathan,2026-06-11T03:59:59+00:00,BACKFILLED_PRE_TOURNAMENT_FACT,NA,NA,NA,NA,NA,NA,NA,data/database/players_database.csv,23,Lille OSC (FRA),FRA,DF,6,0,9.0,3.7
belgium::onana_amadou,Belgium,ONANA Amadou,2026-06-11T03:59:59+00:00,BACKFILLED_PRE_TOURNAMENT_FACT,NA,NA,NA,NA,NA,NA,NA,data/database/players_database.csv,24,Aston Villa FC (ENG),ENG,MF,30,1,9.0,5.6
belgium::penders_mike,Belgium,PENDERS Mike,2026-06-11T03:59:59+00:00,BACKFILLED_PRE_TOURNAMENT_FACT,NA,NA,NA,NA,NA,NA,NA,data/database/players_database.csv,20,RC Strasbourg (FRA),FRA,GK,0,0,9.0,4.3
belgium::raskin_nicolas,Belgium,RASKIN Nicolas,2026-06-11T03:59:59+00:00,BACKFILLED_PRE_TOURNAMENT_FACT,NA,NA,NA,NA,NA,NA,NA,data/database/players_database.csv,25,Rangers FC (SCO),SCO,MF,15,2,7.5,6.3
belgium::saelemaekers_alexis,Belgium,SAELEMAEKERS Alexis,2026-06-11T03:59:59+00:00,BACKFILLED_PRE_TOURNAMENT_FACT,NA,NA,NA,NA,NA,NA,NA,data/database/players_database.csv,26,AC Milan (ITA),ITA,MF,25,2,9.0,6.2
belgium::seys_joaquin,Belgium,SEYS Joaquin,2026-06-11T03:59:59+00:00,BACKFILLED_PRE_TOURNAMENT_FACT,NA,NA,NA,NA,NA,NA,NA,data/database/players_database.csv,21,Club Brugge (BEL),BEL,DF,5,0,7.5,3.3
belgium::theate_arthur,Belgium,THEATE Arthur,2026-06-11T03:59:59+00:00,BACKFILLED_PRE_TOURNAMENT_FACT,NA,NA,NA,NA,NA,NA,NA,data/database/players_database.csv,26,Eintracht Frankfurt (GER),GER,DF,34,1,9.0,6.2
belgium::tielemans_youri,Belgium,TIELEMANS Youri,2026-06-11T03:59:59+00:00,BACKFILLED_PRE_TOURNAMENT_FACT,NA,NA,NA,NA,NA,NA,NA,data/database/players_database.csv,29,Aston Villa FC (ENG),ENG,MF,87,13,9.0,9.7
belgium::trossard_leandro,Belgium,TROSSARD Leandro,2026-06-11T03:59:59+00:00,BACKFILLED_PRE_TOURNAMENT_FACT,NA,NA,NA,NA,NA,NA,NA,data/database/players_database.csv,31,Arsenal FC (ENG),ENG,FW,53,12,9.0,7.4
belgium::vanaken_hans,Belgium,VANAKEN Hans,2026-06-11T03:59:59+00:00,BACKFILLED_PRE_TOURNAMENT_FACT,NA,NA,NA,NA,NA,NA,NA,data/database/players_database.csv,33,Club Brugge (BEL),BEL,MF,36,7,7.5,7.2
belgium::witsel_axel,Belgium,WITSEL Axel,2026-06-11T03:59:59+00:00,BACKFILLED_PRE_TOURNAMENT_FACT,NA,NA,NA,NA,NA,NA,NA,data/database/players_database.csv,37,Girona FC (ESP),ESP,MF,138,12,9.0,7.8
bosnia_and_herzegovina::alajbegovic_kerim,Bosnia And Herzegovina,ALAJBEGOVIC Kerim,2026-06-11T03:59:59+00:00,BACKFILLED_PRE_TOURNAMENT_FACT,NA,NA,NA,NA,NA,NA,NA,data/database/players_database.csv,18,FC Red Bull Salzburg (AUT),AUT,FW,13,2,7.5,4.4
bosnia_and_herzegovina::bajraktarevic_esmir,Bosnia And Herzegovina,BAJRAKTAREVIC Esmir,2026-06-11T03:59:59+00:00,BACKFILLED_PRE_TOURNAMENT_FACT,NA,NA,NA,NA,NA,NA,NA,data/database/players_database.csv,21,PSV Eindhoven (NED),NED,FW,19,1,7.5,4.3
bosnia_and_herzegovina::basic_ivan,Bosnia And Herzegovina,BASIC Ivan,2026-06-11T03:59:59+00:00,BACKFILLED_PRE_TOURNAMENT_FACT,NA,NA,NA,NA,NA,NA,NA,data/database/players_database.csv,24,FC Astana (KAZ),KAZ,MF,20,0,5.5,3.8
bosnia_and_herzegovina::bazdar_samed,Bosnia And Herzegovina,BAZDAR Samed,2026-06-11T03:59:59+00:00,BACKFILLED_PRE_TOURNAMENT_FACT,NA,NA,NA,NA,NA,NA,NA,data/database/players_database.csv,22,Jagiellonia Białystok (POL),POL,FW,14,1,6.5,3.9
bosnia_and_herzegovina::burnic_dzenis,Bosnia And Herzegovina,BURNIC Dzenis,2026-06-11T03:59:59+00:00,BACKFILLED_PRE_TOURNAMENT_FACT,NA,NA,NA,NA,NA,NA,NA,data/database/players_database.csv,28,Karlsruher SC (GER),GER,MF,22,0,9.0,4.7
bosnia_and_herzegovina::dedic_amar,Bosnia And Herzegovina,DEDIC Amar,2026-06-11T03:59:59+00:00,BACKFILLED_PRE_TOURNAMENT_FACT,NA,NA,NA,NA,NA,NA,NA,data/database/players_database.csv,23,SL Ben ca (POR),POR,DF,30,1,7.5,5.4
bosnia_and_herzegovina::demirovic_ermedin,Bosnia And Herzegovina,DEMIROVIC Ermedin,2026-06-11T03:59:59+00:00,BACKFILLED_PRE_TOURNAMENT_FACT,NA,NA,NA,NA,NA,NA,NA,data/database/players_database.csv,28,VfB Stuttgart (GER),GER,FW,43,4,9.0,6.3
bosnia_and_herzegovina::dzeko_edin,Bosnia And Herzegovina,DZEKO Edin,2026-06-11T03:59:59+00:00,BACKFILLED_PRE_TOURNAMENT_FACT,NA,NA,NA,NA,NA,NA,NA,data/database/players_database.csv,40,FC Schalke 04 (GER),GER,FW,150,73,9.0,8.8
bosnia_and_herzegovina::gigovic_armin,Bosnia And Herzegovina,GIGOVIC Armin,2026-06-11T03:59:59+00:00,BACKFILLED_PRE_TOURNAMENT_FACT,NA,NA,NA,NA,NA,NA,NA,data/database/players_database.csv,24,BSC Young Boys (SUI),SUI,MF,21,1,7.5,5.1
bosnia_and_herzegovina::hadziahmetovic_amir,Bosnia And Herzegovina,HADZIAHMETOVIC Amir,2026-06-11T03:59:59+00:00,BACKFILLED_PRE_TOURNAMENT_FACT,NA,NA,NA,NA,NA,NA,NA,data/database/players_database.csv,29,Hull City FC (ENG),ENG,MF,37,0,9.0,5.4
bosnia_and_herzegovina::hadzikadunic_dennis,Bosnia And Herzegovina,HADZIKADUNIC Dennis,2026-06-11T03:59:59+00:00,BACKFILLED_PRE_TOURNAMENT_FACT,NA,NA,NA,NA,NA,NA,NA,data/database/players_database.csv,27,UC Sampdoria (ITA),ITA,DF,33,0,9.0,5.2
bosnia_and_herzegovina::jurkas_mladen,Bosnia And Herzegovina,JURKAS Mladen,2026-06-11T03:59:59+00:00,BACKFILLED_PRE_TOURNAMENT_FACT,NA,NA,NA,NA,NA,NA,NA,data/database/players_database.csv,18,FK Borac Banja Luka (BIH),BIH,GK,0,0,5.5,3.1
bosnia_and_herzegovina::katic_nikola,Bosnia And Herzegovina,KATIC Nikola,2026-06-11T03:59:59+00:00,BACKFILLED_PRE_TOURNAMENT_FACT,NA,NA,NA,NA,NA,NA,NA,data/database/players_database.csv,29,FC Schalke 04 (GER),GER,DF,20,2,9.0,7.1
bosnia_and_herzegovina::kolasinac_sead,Bosnia And Herzegovina,KOLASINAC Sead,2026-06-11T03:59:59+00:00,BACKFILLED_PRE_TOURNAMENT_FACT,NA,NA,NA,NA,NA,NA,NA,data/database/players_database.csv,33,Atalanta Bergamo (ITA),ITA,DF,68,0,9.0,6.4
bosnia_and_herzegovina::lukic_jovo,Bosnia And Herzegovina,LUKIC Jovo,2026-06-11T03:59:59+00:00,BACKFILLED_PRE_TOURNAMENT_FACT,NA,NA,NA,NA,NA,NA,NA,data/database/players_database.csv,27,Universitatea Cluj (ROU),ROU,FW,5,1,6.5,4.8
bosnia_and_herzegovina::mahmic_ermin,Bosnia And Herzegovina,MAHMIC Ermin,2026-06-11T03:59:59+00:00,BACKFILLED_PRE_TOURNAMENT_FACT,NA,NA,NA,NA,NA,NA,NA,data/database/players_database.csv,21,FC Slovan Liberec (CZE),CZE,MF,4,2,6.5,5.5
bosnia_and_herzegovina::malic_arjan,Bosnia And Herzegovina,MALIC Arjan,2026-06-11T03:59:59+00:00,BACKFILLED_PRE_TOURNAMENT_FACT,NA,NA,NA,NA,NA,NA,NA,data/database/players_database.csv,20,SK Sturm Graz (AUT),AUT,DF,9,0,7.5,3.2
bosnia_and_herzegovina::memic_amar,Bosnia And Herzegovina,MEMIC Amar,2026-06-11T03:59:59+00:00,BACKFILLED_PRE_TOURNAMENT_FACT,NA,NA,NA,NA,NA,NA,NA,data/database/players_database.csv,25,FC Viktoria Plzeň (CZE),CZE,MF,16,1,6.5,4.9
bosnia_and_herzegovina::muharemovic_tarik,Bosnia And Herzegovina,MUHAREMOVIC Tarik,2026-06-11T03:59:59+00:00,BACKFILLED_PRE_TOURNAMENT_FACT,NA,NA,NA,NA,NA,NA,NA,data/database/players_database.csv,23,US Sassuolo (ITA),ITA,DF,16,1,9.0,6.1
bosnia_and_herzegovina::mujakic_nihad,Bosnia And Herzegovina,MUJAKIC Nihad,2026-06-11T03:59:59+00:00,BACKFILLED_PRE_TOURNAMENT_FACT,NA,NA,NA,NA,NA,NA,NA,data/database/players_database.csv,28,Gaziantep FK (TUR),TUR,DF,12,1,7.5,6.4
bosnia_and_herzegovina::radeljic_stjepan,Bosnia And Herzegovina,RADELJIC Stjepan,2026-06-11T03:59:59+00:00,BACKFILLED_PRE_TOURNAMENT_FACT,NA,NA,NA,NA,NA,NA,NA,data/database/players_database.csv,28,HNK Rijeka (CRO),CRO,DF,6,0,6.5,3.4
bosnia_and_herzegovina::sunjic_ivan,Bosnia And Herzegovina,SUNJIC Ivan,2026-06-11T03:59:59+00:00,BACKFILLED_PRE_TOURNAMENT_FACT,NA,NA,NA,NA,NA,NA,NA,data/database/players_database.csv,29,Pafos FC (CYP),CYP,MF,14,0,5.5,3.5
bosnia_and_herzegovina::tabakovic_haris,Bosnia And Herzegovina,TABAKOVIC Haris,2026-06-11T03:59:59+00:00,BACKFILLED_PRE_TOURNAMENT_FACT,NA,NA,NA,NA,NA,NA,NA,data/database/players_database.csv,32,Borussia Mönchengladbach (GER),GER,FW,10,4,9.0,6.4
bosnia_and_herzegovina::tahirovic_benjamin,Bosnia And Herzegovina,TAHIROVIC Benjamin,2026-06-11T03:59:59+00:00,BACKFILLED_PRE_TOURNAMENT_FACT,NA,NA,NA,NA,NA,NA,NA,data/database/players_database.csv,23,Brøndby IF (DEN),DEN,MF,31,2,7.5,5.5
bosnia_and_herzegovina::vasilj_nikola,Bosnia And Herzegovina,VASILJ Nikola,2026-06-11T03:59:59+00:00,BACKFILLED_PRE_TOURNAMENT_FACT,NA,NA,NA,NA,NA,NA,NA,data/database/players_database.csv,30,FC St. Pauli (GER),GER,GK,29,0,9.0,6.8
bosnia_and_herzegovina::zlomislic_martin,Bosnia And Herzegovina,ZLOMISLIC Martin,2026-06-11T03:59:59+00:00,BACKFILLED_PRE_TOURNAMENT_FACT,NA,NA,NA,NA,NA,NA,NA,data/database/players_database.csv,27,HNK Rijeka (CRO),CRO,GK,3,0,6.5,4.4
brazil::alex_sandro,Brazil,ALEX SANDRO,2026-06-11T03:59:59+00:00,BACKFILLED_PRE_TOURNAMENT_FACT,NA,NA,NA,NA,NA,NA,NA,data/database/players_database.csv,35,CR Flamengo (BRA),BRA,DF,46,2,7.5,6.1
brazil::alisson,Brazil,ALISSON,2026-06-11T03:59:59+00:00,BACKFILLED_PRE_TOURNAMENT_FACT,NA,NA,NA,NA,NA,NA,NA,data/database/players_database.csv,33,Liverpool FC (ENG),ENG,GK,81,0,9.0,9.2
brazil::bremer,Brazil,BREMER,2026-06-11T03:59:59+00:00,BACKFILLED_PRE_TOURNAMENT_FACT,NA,NA,NA,NA,NA,NA,NA,data/database/players_database.csv,29,Juventus FC (ITA),ITA,DF,8,1,9.0,6.6
brazil::bruno_guimaraes,Brazil,BRUNO GUIMARAES,2026-06-11T03:59:59+00:00,BACKFILLED_PRE_TOURNAMENT_FACT,NA,NA,NA,NA,NA,NA,NA,data/database/players_database.csv,28,Newcastle United FC (ENG),ENG,MF,46,3,9.0,6.8
brazil::casemiro,Brazil,CASEMIRO,2026-06-11T03:59:59+00:00,BACKFILLED_PRE_TOURNAMENT_FACT,NA,NA,NA,NA,NA,NA,NA,data/database/players_database.csv,34,Manchester United FC (ENG),ENG,MF,89,9,9.0,8.3
brazil::danilo,Brazil,DANILO,2026-06-11T03:59:59+00:00,BACKFILLED_PRE_TOURNAMENT_FACT,NA,NA,NA,NA,NA,NA,NA,data/database/players_database.csv,34,CR Flamengo (BRA),BRA,DF,73,1,7.5,6.4
brazil::danilo_santos,Brazil,DANILO SANTOS,2026-06-11T03:59:59+00:00,BACKFILLED_PRE_TOURNAMENT_FACT,NA,NA,NA,NA,NA,NA,NA,data/database/players_database.csv,25,Botafogo (BRA),BRA,MF,6,2,7.5,6.1
brazil::douglas_santos,Brazil,DOUGLAS SANTOS,2026-06-11T03:59:59+00:00,BACKFILLED_PRE_TOURNAMENT_FACT,NA,NA,NA,NA,NA,NA,NA,data/database/players_database.csv,32,FC Zenit St. Petersburg (RUS),RUS,DF,10,0,5.5,3.0
brazil::ederson,Brazil,EDERSON,2026-06-11T03:59:59+00:00,BACKFILLED_PRE_TOURNAMENT_FACT,NA,NA,NA,NA,NA,NA,NA,data/database/players_database.csv,32,Fenerbahçe SK (TUR),TUR,GK,32,0,7.5,6.0
brazil::ederson_silva,Brazil,EDERSON SILVA,2026-06-11T03:59:59+00:00,BACKFILLED_PRE_TOURNAMENT_FACT,NA,NA,NA,NA,NA,NA,NA,data/database/players_database.csv,26,Atalanta Bergamo (ITA),ITA,MF,4,0,9.0,3.9
brazil::endrick,Brazil,ENDRICK,2026-06-11T03:59:59+00:00,BACKFILLED_PRE_TOURNAMENT_FACT,NA,NA,NA,NA,NA,NA,NA,data/database/players_database.csv,19,Olympique Lyonnais (FRA),FRA,FW,19,4,9.0,5.5
brazil::fabinho,Brazil,FABINHO,2026-06-11T03:59:59+00:00,BACKFILLED_PRE_TOURNAMENT_FACT,NA,NA,NA,NA,NA,NA,NA,data/database/players_database.csv,32,Al Ittihad (KSA),KSA,MF,35,0,7.5,4.6
brazil::gabriel_magalhaes,Brazil,GABRIEL MAGALHAES,2026-06-11T03:59:59+00:00,BACKFILLED_PRE_TOURNAMENT_FACT,NA,NA,NA,NA,NA,NA,NA,data/database/players_database.csv,28,Arsenal FC (ENG),ENG,DF,20,1,9.0,6.2
brazil::gabriel_martinelli,Brazil,GABRIEL MARTINELLI,2026-06-11T03:59:59+00:00,BACKFILLED_PRE_TOURNAMENT_FACT,NA,NA,NA,NA,NA,NA,NA,data/database/players_database.csv,25,Arsenal FC (ENG),ENG,FW,25,4,9.0,6.0
brazil::igor_thiago,Brazil,IGOR THIAGO,2026-06-11T03:59:59+00:00,BACKFILLED_PRE_TOURNAMENT_FACT,NA,NA,NA,NA,NA,NA,NA,data/database/players_database.csv,25,Brentford FC (ENG),ENG,FW,5,2,9.0,6.5
brazil::leo_pereira,Brazil,LEO PEREIRA,2026-06-11T03:59:59+00:00,BACKFILLED_PRE_TOURNAMENT_FACT,NA,NA,NA,NA,NA,NA,NA,data/database/players_database.csv,30,CR Flamengo (BRA),BRA,DF,4,0,7.5,3.5
brazil::lucas_paqueta,Brazil,LUCAS PAQUETA,2026-06-11T03:59:59+00:00,BACKFILLED_PRE_TOURNAMENT_FACT,NA,NA,NA,NA,NA,NA,NA,data/database/players_database.csv,28,CR Flamengo (BRA),BRA,MF,66,13,7.5,8.8
brazil::luiz_henrique,Brazil,LUIZ HENRIQUE,2026-06-11T03:59:59+00:00,BACKFILLED_PRE_TOURNAMENT_FACT,NA,NA,NA,NA,NA,NA,NA,data/database/players_database.csv,25,FC Zenit St. Petersburg (RUS),RUS,FW,16,2,5.5,4.5
brazil::marquinhos,Brazil,MARQUINHOS,2026-06-11T03:59:59+00:00,BACKFILLED_PRE_TOURNAMENT_FACT,NA,NA,NA,NA,NA,NA,NA,data/database/players_database.csv,32,Paris Saint-Germain (FRA),FRA,DF,108,7,9.0,9.0
brazil::matheus_cunha,Brazil,MATHEUS CUNHA,2026-06-11T03:59:59+00:00,BACKFILLED_PRE_TOURNAMENT_FACT,NA,NA,NA,NA,NA,NA,NA,data/database/players_database.csv,27,Manchester United FC (ENG),ENG,FW,26,4,9.0,6.0
brazil::neymar_jr,Brazil,NEYMAR JR,2026-06-11T03:59:59+00:00,BACKFILLED_PRE_TOURNAMENT_FACT,NA,NA,NA,NA,NA,NA,NA,data/database/players_database.csv,34,Santos FC (BRA),BRA,FW,129,79,7.5,8.8
brazil::raphinha,Brazil,RAPHINHA,2026-06-11T03:59:59+00:00,BACKFILLED_PRE_TOURNAMENT_FACT,NA,NA,NA,NA,NA,NA,NA,data/database/players_database.csv,29,FC Barcelona (ESP),ESP,FW,41,11,9.0,7.5
brazil::rayan,Brazil,RAYAN,2026-06-11T03:59:59+00:00,BACKFILLED_PRE_TOURNAMENT_FACT,NA,NA,NA,NA,NA,NA,NA,data/database/players_database.csv,19,AFC Bournemouth (ENG),ENG,FW,4,1,9.0,5.1
brazil::roger_ibanez,Brazil,ROGER IBANEZ,2026-06-11T03:59:59+00:00,BACKFILLED_PRE_TOURNAMENT_FACT,NA,NA,NA,NA,NA,NA,NA,data/database/players_database.csv,27,Al Ahli FC (KSA),KSA,DF,8,0,7.5,3.7
brazil::vinicius_junior,Brazil,VINICIUS JUNIOR,2026-06-11T03:59:59+00:00,BACKFILLED_PRE_TOURNAMENT_FACT,NA,NA,NA,NA,NA,NA,NA,data/database/players_database.csv,25,Real Madrid C. F. (ESP),ESP,FW,52,13,9.0,7.8
brazil::weverton,Brazil,WEVERTON,2026-06-11T03:59:59+00:00,BACKFILLED_PRE_TOURNAMENT_FACT,NA,NA,NA,NA,NA,NA,NA,data/database/players_database.csv,38,Grêmio FBPA (BRA),BRA,GK,11,0,7.5,4.0
cabo_verde::cj_dos_santos,Cabo Verde,CJ DOS SANTOS,2026-06-11T03:59:59+00:00,BACKFILLED_PRE_TOURNAMENT_FACT,NA,NA,NA,NA,NA,NA,NA,data/database/players_database.csv,25,San Diego FC (USA),USA,GK,1,0,7.5,4.7
cabo_verde::dailon_livramento,Cabo Verde,DAILON LIVRAMENTO,2026-06-11T03:59:59+00:00,BACKFILLED_PRE_TOURNAMENT_FACT,NA,NA,NA,NA,NA,NA,NA,data/database/players_database.csv,25,Casa Pia AC (POR),POR,FW,23,7,7.5,6.6
cabo_verde::deroy_duarte,Cabo Verde,DEROY DUARTE,2026-06-11T03:59:59+00:00,BACKFILLED_PRE_TOURNAMENT_FACT,NA,NA,NA,NA,NA,NA,NA,data/database/players_database.csv,26,PFC Ludogorets Razgrad (BUL),BUL,MF,35,0,5.5,4.4
cabo_verde::diney_borges,Cabo Verde,DINEY BORGES,2026-06-11T03:59:59+00:00,BACKFILLED_PRE_TOURNAMENT_FACT,NA,NA,NA,NA,NA,NA,NA,data/database/players_database.csv,31,Al Bataeh Club (UAE),UAE,DF,34,2,6.5,6.2
cabo_verde::garry_rodrigues,Cabo Verde,GARRY RODRIGUES,2026-06-11T03:59:59+00:00,BACKFILLED_PRE_TOURNAMENT_FACT,NA,NA,NA,NA,NA,NA,NA,data/database/players_database.csv,35,Apollon Limassol (CYP),CYP,MF,62,10,5.5,7.5
cabo_verde::gilson_benchimol,Cabo Verde,GILSON BENCHIMOL,2026-06-11T03:59:59+00:00,BACKFILLED_PRE_TOURNAMENT_FACT,NA,NA,NA,NA,NA,NA,NA,data/database/players_database.csv,24,FC Akron Tolyatti (RUS),RUS,FW,22,6,5.5,5.8
cabo_verde::helio_varela,Cabo Verde,HELIO VARELA,2026-06-11T03:59:59+00:00,BACKFILLED_PRE_TOURNAMENT_FACT,NA,NA,NA,NA,NA,NA,NA,data/database/players_database.csv,24,Maccabi Tel-Aviv FC (ISR),ISR,MF,22,1,5.5,4.6
cabo_verde::jamiro_monteiro,Cabo Verde,JAMIRO MONTEIRO,2026-06-11T03:59:59+00:00,BACKFILLED_PRE_TOURNAMENT_FACT,NA,NA,NA,NA,NA,NA,NA,data/database/players_database.csv,32,PEC Zwolle (NED),NED,MF,57,5,7.5,7.0
cabo_verde::joao_paulo,Cabo Verde,JOAO PAULO,2026-06-11T03:59:59+00:00,BACKFILLED_PRE_TOURNAMENT_FACT,NA,NA,NA,NA,NA,NA,NA,data/database/players_database.csv,28,FC FCSB (ROU),ROU,MF,42,1,6.5,5.4
cabo_verde::jovane_cabral,Cabo Verde,JOVANE CABRAL,2026-06-11T03:59:59+00:00,BACKFILLED_PRE_TOURNAMENT_FACT,NA,NA,NA,NA,NA,NA,NA,data/database/players_database.csv,28,CF Estrela Da Amadora (POR),POR,MF,30,3,7.5,6.4
cabo_verde::kelvin_pires,Cabo Verde,KELVIN PIRES,2026-06-11T03:59:59+00:00,BACKFILLED_PRE_TOURNAMENT_FACT,NA,NA,NA,NA,NA,NA,NA,data/database/players_database.csv,26,SJK (FIN),FIN,DF,6,1,5.5,5.6
cabo_verde::kevin_pina,Cabo Verde,KEVIN PINA,2026-06-11T03:59:59+00:00,BACKFILLED_PRE_TOURNAMENT_FACT,NA,NA,NA,NA,NA,NA,NA,data/database/players_database.csv,29,FC Krasnodar (RUS),RUS,MF,33,4,5.5,6.3
cabo_verde::laros_duarte,Cabo Verde,LAROS DUARTE,2026-06-11T03:59:59+00:00,BACKFILLED_PRE_TOURNAMENT_FACT,NA,NA,NA,NA,NA,NA,NA,data/database/players_database.csv,29,Puskás Akadémia FC (HUN),HUN,MF,22,1,6.5,4.8
cabo_verde::logan_costa,Cabo Verde,LOGAN COSTA,2026-06-11T03:59:59+00:00,BACKFILLED_PRE_TOURNAMENT_FACT,NA,NA,NA,NA,NA,NA,NA,data/database/players_database.csv,25,Villarreal CF (ESP),ESP,DF,28,0,9.0,5.0
cabo_verde::marcio_rosa,Cabo Verde,MARCIO ROSA,2026-06-11T03:59:59+00:00,BACKFILLED_PRE_TOURNAMENT_FACT,NA,NA,NA,NA,NA,NA,NA,data/database/players_database.csv,29,PFC Montana (BUL),BUL,GK,11,0,5.5,4.5
cabo_verde::nuno_da_costa,Cabo Verde,NUNO DA COSTA,2026-06-11T03:59:59+00:00,BACKFILLED_PRE_TOURNAMENT_FACT,NA,NA,NA,NA,NA,NA,NA,data/database/players_database.csv,35,Başakşehir FK (TUR),TUR,MF,11,2,7.5,5.8
cabo_verde::pico_lopes,Cabo Verde,PICO LOPES,2026-06-11T03:59:59+00:00,BACKFILLED_PRE_TOURNAMENT_FACT,NA,NA,NA,NA,NA,NA,NA,data/database/players_database.csv,34,Shamrock Rovers FC (IRL),IRL,DF,47,0,5.5,4.3
cabo_verde::ryan_mendes,Cabo Verde,RYAN MENDES,2026-06-11T03:59:59+00:00,BACKFILLED_PRE_TOURNAMENT_FACT,NA,NA,NA,NA,NA,NA,NA,data/database/players_database.csv,36,Iğdır FK (TUR),TUR,FW,100,22,7.5,7.8
cabo_verde::sidny_lopes_cabral,Cabo Verde,SIDNY LOPES CABRAL,2026-06-11T03:59:59+00:00,BACKFILLED_PRE_TOURNAMENT_FACT,NA,NA,NA,NA,NA,NA,NA,data/database/players_database.csv,23,SL Ben ca (POR),POR,DF,13,3,7.5,6.1
cabo_verde::steven_moreira,Cabo Verde,STEVEN MOREIRA,2026-06-11T03:59:59+00:00,BACKFILLED_PRE_TOURNAMENT_FACT,NA,NA,NA,NA,NA,NA,NA,data/database/players_database.csv,31,Columbus Crew (USA),USA,DF,22,0,7.5,4.0
cabo_verde::stopira,Cabo Verde,STOPIRA,2026-06-11T03:59:59+00:00,BACKFILLED_PRE_TOURNAMENT_FACT,NA,NA,NA,NA,NA,NA,NA,data/database/players_database.csv,38,SCU Torreense (POR),POR,DF,61,4,7.5,7.2
cabo_verde::telmo_arcanjo,Cabo Verde,TELMO ARCANJO,2026-06-11T03:59:59+00:00,BACKFILLED_PRE_TOURNAMENT_FACT,NA,NA,NA,NA,NA,NA,NA,data/database/players_database.csv,25,Vitória SC (POR),POR,MF,18,1,7.5,5.1
cabo_verde::vozinha,Cabo Verde,VOZINHA,2026-06-11T03:59:59+00:00,BACKFILLED_PRE_TOURNAMENT_FACT,NA,NA,NA,NA,NA,NA,NA,data/database/players_database.csv,40,GD Chaves (POR),POR,GK,92,0,7.5,7.9
cabo_verde::wagner_pina,Cabo Verde,WAGNER PINA,2026-06-11T03:59:59+00:00,BACKFILLED_PRE_TOURNAMENT_FACT,NA,NA,NA,NA,NA,NA,NA,data/database/players_database.csv,23,Trabzonspor (TUR),TUR,DF,14,0,7.5,3.7
cabo_verde::willy_semedo,Cabo Verde,WILLY SEMEDO,2026-06-11T03:59:59+00:00,BACKFILLED_PRE_TOURNAMENT_FACT,NA,NA,NA,NA,NA,NA,NA,data/database/players_database.csv,32,AC Omonia (CYP),CYP,MF,39,3,5.5,5.6
cabo_verde::yannick_semedo,Cabo Verde,YANNICK SEMEDO,2026-06-11T03:59:59+00:00,BACKFILLED_PRE_TOURNAMENT_FACT,NA,NA,NA,NA,NA,NA,NA,data/database/players_database.csv,30,SC Farense (POR),POR,MF,12,1,7.5,5.3
canada::ahmed_ali,Canada,AHMED Ali,2026-06-11T03:59:59+00:00,BACKFILLED_PRE_TOURNAMENT_FACT,NA,NA,NA,NA,NA,NA,NA,data/database/players_database.csv,25,Norwich City FC (ENG),ENG,FW,27,1,9.0,5.2
canada::bombito_moise,Canada,BOMBITO Moise,2026-06-11T03:59:59+00:00,BACKFILLED_PRE_TOURNAMENT_FACT,NA,NA,NA,NA,NA,NA,NA,data/database/players_database.csv,26,OGC Nice (FRA),FRA,DF,21,0,9.0,4.7
canada::buchanan_tajon,Canada,BUCHANAN Tajon,2026-06-11T03:59:59+00:00,BACKFILLED_PRE_TOURNAMENT_FACT,NA,NA,NA,NA,NA,NA,NA,data/database/players_database.csv,27,Villarreal CF (ESP),ESP,FW,63,8,9.0,7.4
canada::choiniere_mathieu,Canada,CHOINIERE Mathieu,2026-06-11T03:59:59+00:00,BACKFILLED_PRE_TOURNAMENT_FACT,NA,NA,NA,NA,NA,NA,NA,data/database/players_database.csv,27,LAFC (USA),USA,MF,25,0,7.5,4.5
canada::cornelius_derek,Canada,CORNELIUS Derek,2026-06-11T03:59:59+00:00,BACKFILLED_PRE_TOURNAMENT_FACT,NA,NA,NA,NA,NA,NA,NA,data/database/players_database.csv,28,Rangers FC (SCO),SCO,DF,47,1,7.5,6.1
canada::crepeau_maxime,Canada,CREPEAU Maxime,2026-06-11T03:59:59+00:00,BACKFILLED_PRE_TOURNAMENT_FACT,NA,NA,NA,NA,NA,NA,NA,data/database/players_database.csv,32,Orlando City SC (USA),USA,GK,35,0,7.5,6.2
canada::david_jonathan,Canada,DAVID Jonathan,2026-06-11T03:59:59+00:00,BACKFILLED_PRE_TOURNAMENT_FACT,NA,NA,NA,NA,NA,NA,NA,data/database/players_database.csv,26,Juventus FC (ITA),ITA,FW,80,42,9.0,9.8
canada::david_promise,Canada,DAVID Promise,2026-06-11T03:59:59+00:00,BACKFILLED_PRE_TOURNAMENT_FACT,NA,NA,NA,NA,NA,NA,NA,data/database/players_database.csv,24,Royale Union Saint-Gilloise (BEL),BEL,FW,12,4,7.5,6.3
canada::davies_alphonso,Canada,DAVIES Alphonso,2026-06-11T03:59:59+00:00,BACKFILLED_PRE_TOURNAMENT_FACT,NA,NA,NA,NA,NA,NA,NA,data/database/players_database.csv,25,FC Bayern München (GER),GER,DF,58,15,9.0,8.8
canada::de_fougerolles_luc,Canada,DE FOUGEROLLES Luc,2026-06-11T03:59:59+00:00,BACKFILLED_PRE_TOURNAMENT_FACT,NA,NA,NA,NA,NA,NA,NA,data/database/players_database.csv,20,FCV Dender EH (BEL),BEL,DF,16,0,7.5,3.5
canada::eustaquio_stephen,Canada,EUSTAQUIO Stephen,2026-06-11T03:59:59+00:00,BACKFILLED_PRE_TOURNAMENT_FACT,NA,NA,NA,NA,NA,NA,NA,data/database/players_database.csv,29,LAFC (USA),USA,MF,59,4,7.5,7.1
canada::goodman_owen,Canada,GOODMAN Owen,2026-06-11T03:59:59+00:00,BACKFILLED_PRE_TOURNAMENT_FACT,NA,NA,NA,NA,NA,NA,NA,data/database/players_database.csv,22,Barnsley (ENG),ENG,GK,0,0,9.0,4.8
canada::johnston_alistair,Canada,JOHNSTON Alistair,2026-06-11T03:59:59+00:00,BACKFILLED_PRE_TOURNAMENT_FACT,NA,NA,NA,NA,NA,NA,NA,data/database/players_database.csv,27,Celtic FC (SCO),SCO,DF,61,1,7.5,6.6
canada::jones_al_e,Canada,JONES Al e,2026-06-11T03:59:59+00:00,BACKFILLED_PRE_TOURNAMENT_FACT,NA,NA,NA,NA,NA,NA,NA,data/database/players_database.csv,28,Middlesbrough FC (ENG),ENG,DF,2,0,9.0,3.8
canada::kone_ismael,Canada,KONE Ismael,2026-06-11T03:59:59+00:00,BACKFILLED_PRE_TOURNAMENT_FACT,NA,NA,NA,NA,NA,NA,NA,data/database/players_database.csv,24,US Sassuolo (ITA),ITA,MF,42,4,9.0,7.2
canada::larin_cyle,Canada,LARIN Cyle,2026-06-11T03:59:59+00:00,BACKFILLED_PRE_TOURNAMENT_FACT,NA,NA,NA,NA,NA,NA,NA,data/database/players_database.csv,31,Southampton FC (ENG),ENG,FW,93,32,9.0,9.4
canada::laryea_richie,Canada,LARYEA Richie,2026-06-11T03:59:59+00:00,BACKFILLED_PRE_TOURNAMENT_FACT,NA,NA,NA,NA,NA,NA,NA,data/database/players_database.csv,31,Toronto FC (CAN),CAN,DF,79,1,5.5,6.4
canada::millar_liam,Canada,MILLAR Liam,2026-06-11T03:59:59+00:00,BACKFILLED_PRE_TOURNAMENT_FACT,NA,NA,NA,NA,NA,NA,NA,data/database/players_database.csv,26,Hull City FC (ENG),ENG,MF,43,1,9.0,6.0
canada::nelson_jayden,Canada,NELSON Jayden,2026-06-11T03:59:59+00:00,BACKFILLED_PRE_TOURNAMENT_FACT,NA,NA,NA,NA,NA,NA,NA,data/database/players_database.csv,23,Austin FC (USA),USA,FW,15,3,7.5,5.2
canada::oluwaseyi_tani,Canada,OLUWASEYI Tani,2026-06-11T03:59:59+00:00,BACKFILLED_PRE_TOURNAMENT_FACT,NA,NA,NA,NA,NA,NA,NA,data/database/players_database.csv,26,Villarreal CF (ESP),ESP,FW,27,2,9.0,5.5
canada::osorio_jonathan,Canada,OSORIO Jonathan,2026-06-11T03:59:59+00:00,BACKFILLED_PRE_TOURNAMENT_FACT,NA,NA,NA,NA,NA,NA,NA,data/database/players_database.csv,34,Toronto FC (CAN),CAN,MF,92,10,5.5,7.6
canada::saliba_nathan,Canada,SALIBA Nathan,2026-06-11T03:59:59+00:00,BACKFILLED_PRE_TOURNAMENT_FACT,NA,NA,NA,NA,NA,NA,NA,data/database/players_database.csv,22,RSC Anderlecht (BEL),BEL,MF,17,3,7.5,6.3
canada::shaffelburg_jacob,Canada,SHAFFELBURG Jacob,2026-06-11T03:59:59+00:00,BACKFILLED_PRE_TOURNAMENT_FACT,NA,NA,NA,NA,NA,NA,NA,data/database/players_database.csv,26,LAFC (USA),USA,MF,34,6,7.5,7.4
canada::sigur_niko,Canada,SIGUR Niko,2026-06-11T03:59:59+00:00,BACKFILLED_PRE_TOURNAMENT_FACT,NA,NA,NA,NA,NA,NA,NA,data/database/players_database.csv,22,HNK Hajduk Split (CRO),CRO,DF,20,2,6.5,6.2
canada::st._clair_dayne,Canada,ST. CLAIR Dayne,2026-06-11T03:59:59+00:00,BACKFILLED_PRE_TOURNAMENT_FACT,NA,NA,NA,NA,NA,NA,NA,data/database/players_database.csv,29,Inter Miami CF (USA),USA,GK,20,0,7.5,5.8
canada::waterman_joel,Canada,WATERMAN Joel,2026-06-11T03:59:59+00:00,BACKFILLED_PRE_TOURNAMENT_FACT,NA,NA,NA,NA,NA,NA,NA,data/database/players_database.csv,30,Chicago Fire FC (USA),USA,DF,17,0,7.5,4.1
colombia::arias_jhon,Colombia,ARIAS Jhon,2026-06-11T03:59:59+00:00,BACKFILLED_PRE_TOURNAMENT_FACT,NA,NA,NA,NA,NA,NA,NA,data/database/players_database.csv,28,SE Palmeiras (BRA),BRA,MF,40,6,7.5,7.6
colombia::arias_santiago,Colombia,ARIAS Santiago,2026-06-11T03:59:59+00:00,BACKFILLED_PRE_TOURNAMENT_FACT,NA,NA,NA,NA,NA,NA,NA,data/database/players_database.csv,34,CA Independiente (ARG),ARG,DF,68,0,7.5,5.8
colombia::campaz_jaminton,Colombia,CAMPAZ Jaminton,2026-06-11T03:59:59+00:00,BACKFILLED_PRE_TOURNAMENT_FACT,NA,NA,NA,NA,NA,NA,NA,data/database/players_database.csv,26,CA Rosario Central (ARG),ARG,FW,11,2,7.5,5.2
colombia::carrascal_jorge,Colombia,CARRASCAL Jorge,2026-06-11T03:59:59+00:00,BACKFILLED_PRE_TOURNAMENT_FACT,NA,NA,NA,NA,NA,NA,NA,data/database/players_database.csv,28,CR Flamengo (BRA),BRA,MF,25,2,7.5,5.8
colombia::castano_kevin,Colombia,CASTANO Kevin,2026-06-11T03:59:59+00:00,BACKFILLED_PRE_TOURNAMENT_FACT,NA,NA,NA,NA,NA,NA,NA,data/database/players_database.csv,25,CA River Plate (ARG),ARG,MF,26,0,7.5,4.5
colombia::cordoba_jhon,Colombia,CORDOBA Jhon,2026-06-11T03:59:59+00:00,BACKFILLED_PRE_TOURNAMENT_FACT,NA,NA,NA,NA,NA,NA,NA,data/database/players_database.csv,33,FC Krasnodar (RUS),RUS,FW,22,6,5.5,5.5
colombia::diaz_luis,Colombia,DIAZ Luis,2026-06-11T03:59:59+00:00,BACKFILLED_PRE_TOURNAMENT_FACT,NA,NA,NA,NA,NA,NA,NA,data/database/players_database.csv,29,FC Bayern München (GER),GER,FW,76,23,9.0,9.2
colombia::ditta_willer,Colombia,DITTA Willer,2026-06-11T03:59:59+00:00,BACKFILLED_PRE_TOURNAMENT_FACT,NA,NA,NA,NA,NA,NA,NA,data/database/players_database.csv,28,CF Cruz Azul (MEX),MEX,DF,5,0,7.5,3.6
colombia::gomez_andres,Colombia,GOMEZ Andres,2026-06-11T03:59:59+00:00,BACKFILLED_PRE_TOURNAMENT_FACT,NA,NA,NA,NA,NA,NA,NA,data/database/players_database.csv,23,CR Vasco Da Gama (BRA),BRA,FW,9,2,7.5,5.1
colombia::hernandez_cucho,Colombia,HERNANDEZ Cucho,2026-06-11T03:59:59+00:00,BACKFILLED_PRE_TOURNAMENT_FACT,NA,NA,NA,NA,NA,NA,NA,data/database/players_database.csv,27,Real Betis (ESP),ESP,FW,10,2,9.0,5.6
colombia::lerma_jefferson,Colombia,LERMA Jefferson,2026-06-11T03:59:59+00:00,BACKFILLED_PRE_TOURNAMENT_FACT,NA,NA,NA,NA,NA,NA,NA,data/database/players_database.csv,31,Crystal Palace FC (ENG),ENG,MF,67,5,9.0,7.6
colombia::lucumi_jhon,Colombia,LUCUMI Jhon,2026-06-11T03:59:59+00:00,BACKFILLED_PRE_TOURNAMENT_FACT,NA,NA,NA,NA,NA,NA,NA,data/database/players_database.csv,28,Bologna FC (ITA),ITA,DF,39,1,9.0,6.3
colombia::machado_deiver,Colombia,MACHADO Deiver,2026-06-11T03:59:59+00:00,BACKFILLED_PRE_TOURNAMENT_FACT,NA,NA,NA,NA,NA,NA,NA,data/database/players_database.csv,32,FC Nantes (FRA),FRA,DF,15,0,9.0,4.1
colombia::mina_yerry,Colombia,MINA Yerry,2026-06-11T03:59:59+00:00,BACKFILLED_PRE_TOURNAMENT_FACT,NA,NA,NA,NA,NA,NA,NA,data/database/players_database.csv,31,Cagliari (ITA),ITA,DF,54,8,9.0,8.3
colombia::mojica_johan,Colombia,MOJICA Johan,2026-06-11T03:59:59+00:00,BACKFILLED_PRE_TOURNAMENT_FACT,NA,NA,NA,NA,NA,NA,NA,data/database/players_database.csv,33,RCD Mallorca (ESP),ESP,DF,47,1,9.0,6.2
colombia::montero_alvaro,Colombia,MONTERO Alvaro,2026-06-11T03:59:59+00:00,BACKFILLED_PRE_TOURNAMENT_FACT,NA,NA,NA,NA,NA,NA,NA,data/database/players_database.csv,31,CA Vélez Sars eld (ARG),ARG,GK,12,0,7.5,4.9
colombia::munoz_daniel,Colombia,MUNOZ Daniel,2026-06-11T03:59:59+00:00,BACKFILLED_PRE_TOURNAMENT_FACT,NA,NA,NA,NA,NA,NA,NA,data/database/players_database.csv,30,Crystal Palace FC (ENG),ENG,DF,48,5,9.0,8.3
colombia::ospina_david,Colombia,OSPINA David,2026-06-11T03:59:59+00:00,BACKFILLED_PRE_TOURNAMENT_FACT,NA,NA,NA,NA,NA,NA,NA,data/database/players_database.csv,37,Atlético Nacional (COL),COL,GK,130,0,6.5,7.6
colombia::portilla_juan,Colombia,PORTILLA Juan,2026-06-11T03:59:59+00:00,BACKFILLED_PRE_TOURNAMENT_FACT,NA,NA,NA,NA,NA,NA,NA,data/database/players_database.csv,27,Athletico Paranaense (BRA),BRA,MF,10,0,7.5,3.8
colombia::puerta_gustavo,Colombia,PUERTA Gustavo,2026-06-11T03:59:59+00:00,BACKFILLED_PRE_TOURNAMENT_FACT,NA,NA,NA,NA,NA,NA,NA,data/database/players_database.csv,22,Racing Santander (ESP),ESP,DF,8,1,9.0,6.3
colombia::quintero_juan,Colombia,QUINTERO Juan,2026-06-11T03:59:59+00:00,BACKFILLED_PRE_TOURNAMENT_FACT,NA,NA,NA,NA,NA,NA,NA,data/database/players_database.csv,33,CA River Plate (ARG),ARG,MF,50,6,7.5,7.3
colombia::rios_richard,Colombia,RIOS Richard,2026-06-11T03:59:59+00:00,BACKFILLED_PRE_TOURNAMENT_FACT,NA,NA,NA,NA,NA,NA,NA,data/database/players_database.csv,26,SL Ben ca (POR),POR,MF,34,2,7.5,5.8
colombia::rodriguez_james,Colombia,RODRIGUEZ James,2026-06-11T03:59:59+00:00,BACKFILLED_PRE_TOURNAMENT_FACT,NA,NA,NA,NA,NA,NA,NA,data/database/players_database.csv,34,Minnesota United FC (USA),USA,MF,128,31,7.5,8.8
colombia::sanchez_davinson,Colombia,SANCHEZ Davinson,2026-06-11T03:59:59+00:00,BACKFILLED_PRE_TOURNAMENT_FACT,NA,NA,NA,NA,NA,NA,NA,data/database/players_database.csv,30,Galatasaray SK (TUR),TUR,DF,81,4,7.5,8.4
colombia::suarez_luis,Colombia,SUAREZ Luis,2026-06-11T03:59:59+00:00,BACKFILLED_PRE_TOURNAMENT_FACT,NA,NA,NA,NA,NA,NA,NA,data/database/players_database.csv,28,Sporting CP (POR),POR,FW,14,5,7.5,6.5
colombia::vargas_camilo,Colombia,VARGAS Camilo,2026-06-11T03:59:59+00:00,BACKFILLED_PRE_TOURNAMENT_FACT,NA,NA,NA,NA,NA,NA,NA,data/database/players_database.csv,37,Atlas FC (MEX),MEX,GK,44,0,7.5,5.9
congo_dr::bakambu_cedric,Congo DR,BAKAMBU Cedric,2026-06-11T03:59:59+00:00,BACKFILLED_PRE_TOURNAMENT_FACT,NA,NA,NA,NA,NA,NA,NA,data/database/players_database.csv,35,Real Betis (ESP),ESP,FW,72,21,9.0,8.4
congo_dr::banza_simon,Congo DR,BANZA Simon,2026-06-11T03:59:59+00:00,BACKFILLED_PRE_TOURNAMENT_FACT,NA,NA,NA,NA,NA,NA,NA,data/database/players_database.csv,29,Al Jazira (UAE),UAE,FW,17,2,6.5,4.7
congo_dr::batubinsika_dylan,Congo DR,BATUBINSIKA Dylan,2026-06-11T03:59:59+00:00,BACKFILLED_PRE_TOURNAMENT_FACT,NA,NA,NA,NA,NA,NA,NA,data/database/players_database.csv,30,AEL FC (GRE),GRE,DF,15,1,6.5,5.9
congo_dr::bongonda_theo,Congo DR,BONGONDA Theo,2026-06-11T03:59:59+00:00,BACKFILLED_PRE_TOURNAMENT_FACT,NA,NA,NA,NA,NA,NA,NA,data/database/players_database.csv,30,FC Spartak Moscow (RUS),RUS,MF,38,7,5.5,7.0
congo_dr::cipenga_brian,Congo DR,CIPENGA Brian,2026-06-11T03:59:59+00:00,BACKFILLED_PRE_TOURNAMENT_FACT,NA,NA,NA,NA,NA,NA,NA,data/database/players_database.csv,28,CD Castellón (ESP),ESP,FW,8,0,9.0,4.1
congo_dr::elia_meschack,Congo DR,ELIA Meschack,2026-06-11T03:59:59+00:00,BACKFILLED_PRE_TOURNAMENT_FACT,NA,NA,NA,NA,NA,NA,NA,data/database/players_database.csv,28,Alanyaspor (TUR),TUR,FW,68,12,7.5,7.6
congo_dr::epolo_matthieu,Congo DR,EPOLO Matthieu,2026-06-11T03:59:59+00:00,BACKFILLED_PRE_TOURNAMENT_FACT,NA,NA,NA,NA,NA,NA,NA,data/database/players_database.csv,21,Standard Liège (BEL),BEL,GK,1,0,7.5,4.3
congo_dr::fayulu_timothy,Congo DR,FAYULU Timothy,2026-06-11T03:59:59+00:00,BACKFILLED_PRE_TOURNAMENT_FACT,NA,NA,NA,NA,NA,NA,NA,data/database/players_database.csv,26,FC Noah (ARM),ARM,GK,3,0,5.5,4.1
congo_dr::kakuta_gael,Congo DR,KAKUTA Gael,2026-06-11T03:59:59+00:00,BACKFILLED_PRE_TOURNAMENT_FACT,NA,NA,NA,NA,NA,NA,NA,data/database/players_database.csv,35,AEL FC (GRE),GRE,FW,31,5,6.5,5.0
congo_dr::kalulu_gedeon,Congo DR,KALULU Gedeon,2026-06-11T03:59:59+00:00,BACKFILLED_PRE_TOURNAMENT_FACT,NA,NA,NA,NA,NA,NA,NA,data/database/players_database.csv,28,Aris Limassol FC (CYP),CYP,DF,29,0,5.5,4.1
congo_dr::kapuadi_steve,Congo DR,KAPUADI Steve,2026-06-11T03:59:59+00:00,BACKFILLED_PRE_TOURNAMENT_FACT,NA,NA,NA,NA,NA,NA,NA,data/database/players_database.csv,28,Widzew Łódź (POL),POL,DF,5,0,6.5,3.3
congo_dr::kayembe_edo,Congo DR,KAYEMBE Edo,2026-06-11T03:59:59+00:00,BACKFILLED_PRE_TOURNAMENT_FACT,NA,NA,NA,NA,NA,NA,NA,data/database/players_database.csv,28,Watford FC (ENG),ENG,MF,44,2,9.0,6.4
congo_dr::kayembe_joris,Congo DR,KAYEMBE Joris,2026-06-11T03:59:59+00:00,BACKFILLED_PRE_TOURNAMENT_FACT,NA,NA,NA,NA,NA,NA,NA,data/database/players_database.csv,31,KRC Genk (BEL),BEL,DF,28,1,7.5,5.4
congo_dr::masuaku_arthur,Congo DR,MASUAKU Arthur,2026-06-11T03:59:59+00:00,BACKFILLED_PRE_TOURNAMENT_FACT,NA,NA,NA,NA,NA,NA,NA,data/database/players_database.csv,32,RC Lens (FRA),FRA,DF,46,4,9.0,8.0
congo_dr::mayele_fiston,Congo DR,MAYELE Fiston,2026-06-11T03:59:59+00:00,BACKFILLED_PRE_TOURNAMENT_FACT,NA,NA,NA,NA,NA,NA,NA,data/database/players_database.csv,32,Pyramids FC (EGY),EGY,FW,36,5,6.5,5.4
congo_dr::mbemba_chancel,Congo DR,MBEMBA Chancel,2026-06-11T03:59:59+00:00,BACKFILLED_PRE_TOURNAMENT_FACT,NA,NA,NA,NA,NA,NA,NA,data/database/players_database.csv,31,Lille OSC (FRA),FRA,DF,111,7,9.0,8.9
congo_dr::mbuku_nathanael,Congo DR,MBUKU Nathanael,2026-06-11T03:59:59+00:00,BACKFILLED_PRE_TOURNAMENT_FACT,NA,NA,NA,NA,NA,NA,NA,data/database/players_database.csv,24,Montpellier HSC (FRA),FRA,MF,20,2,9.0,6.3
congo_dr::moutoussamy_samuel,Congo DR,MOUTOUSSAMY Samuel,2026-06-11T03:59:59+00:00,BACKFILLED_PRE_TOURNAMENT_FACT,NA,NA,NA,NA,NA,NA,NA,data/database/players_database.csv,29,Atromitos FC (GRE),GRE,MF,60,0,6.5,5.8
congo_dr::mpasi_lionel,Congo DR,MPASI Lionel,2026-06-11T03:59:59+00:00,BACKFILLED_PRE_TOURNAMENT_FACT,NA,NA,NA,NA,NA,NA,NA,data/database/players_database.csv,31,Le Havre AC (FRA),FRA,GK,30,0,9.0,6.4
congo_dr::mukau_ngalayel,Congo DR,MUKAU Ngalayel,2026-06-11T03:59:59+00:00,BACKFILLED_PRE_TOURNAMENT_FACT,NA,NA,NA,NA,NA,NA,NA,data/database/players_database.csv,21,Lille OSC (FRA),FRA,MF,16,0,9.0,4.2
congo_dr::pickel_charles,Congo DR,PICKEL Charles,2026-06-11T03:59:59+00:00,BACKFILLED_PRE_TOURNAMENT_FACT,NA,NA,NA,NA,NA,NA,NA,data/database/players_database.csv,29,RCD Espanyol (ESP),ESP,MF,36,1,9.0,5.8
congo_dr::sadiki_noah,Congo DR,SADIKI Noah,2026-06-11T03:59:59+00:00,BACKFILLED_PRE_TOURNAMENT_FACT,NA,NA,NA,NA,NA,NA,NA,data/database/players_database.csv,21,Sunderland AFC (ENG),ENG,MF,22,0,9.0,4.4
congo_dr::tshibola_aaron,Congo DR,TSHIBOLA Aaron,2026-06-11T03:59:59+00:00,BACKFILLED_PRE_TOURNAMENT_FACT,NA,NA,NA,NA,NA,NA,NA,data/database/players_database.csv,31,Kilmarnock FC (SCO),SCO,MF,17,1,7.5,4.8
congo_dr::tuanzebe_axel,Congo DR,TUANZEBE Axel,2026-06-11T03:59:59+00:00,BACKFILLED_PRE_TOURNAMENT_FACT,NA,NA,NA,NA,NA,NA,NA,data/database/players_database.csv,28,Burnley FC (ENG),ENG,DF,15,1,9.0,6.5
congo_dr::wan-bissaka_aaron,Congo DR,WAN-BISSAKA Aaron,2026-06-11T03:59:59+00:00,BACKFILLED_PRE_TOURNAMENT_FACT,NA,NA,NA,NA,NA,NA,NA,data/database/players_database.csv,28,West Ham United FC (ENG),ENG,DF,14,0,9.0,4.4
congo_dr::wissa_yoane,Congo DR,WISSA Yoane,2026-06-11T03:59:59+00:00,BACKFILLED_PRE_TOURNAMENT_FACT,NA,NA,NA,NA,NA,NA,NA,data/database/players_database.csv,29,Newcastle United FC (ENG),ENG,FW,40,9,9.0,7.1
croatia::baturina_martin,Croatia,BATURINA Martin,2026-06-11T03:59:59+00:00,BACKFILLED_PRE_TOURNAMENT_FACT,NA,NA,NA,NA,NA,NA,NA,data/database/players_database.csv,23,Como (ITA),ITA,MF,21,2,9.0,6.0
croatia::budimir_ante,Croatia,BUDIMIR Ante,2026-06-11T03:59:59+00:00,BACKFILLED_PRE_TOURNAMENT_FACT,NA,NA,NA,NA,NA,NA,NA,data/database/players_database.csv,34,CA Osasuna (ESP),ESP,FW,39,7,9.0,6.1
croatia::caleta-car_duje,Croatia,CALETA-CAR Duje,2026-06-11T03:59:59+00:00,BACKFILLED_PRE_TOURNAMENT_FACT,NA,NA,NA,NA,NA,NA,NA,data/database/players_database.csv,29,Real Sociedad (ESP),ESP,DF,38,1,9.0,6.2
croatia::erlic_martin,Croatia,ERLIC Martin,2026-06-11T03:59:59+00:00,BACKFILLED_PRE_TOURNAMENT_FACT,NA,NA,NA,NA,NA,NA,NA,data/database/players_database.csv,28,FC Midtjylland (DEN),DEN,DF,13,1,7.5,6.3
croatia::fruk_toni,Croatia,FRUK Toni,2026-06-11T03:59:59+00:00,BACKFILLED_PRE_TOURNAMENT_FACT,NA,NA,NA,NA,NA,NA,NA,data/database/players_database.csv,25,HNK Rijeka (CRO),CRO,MF,7,1,6.5,5.8
croatia::gvardiol_josko,Croatia,GVARDIOL Josko,2026-06-11T03:59:59+00:00,BACKFILLED_PRE_TOURNAMENT_FACT,NA,NA,NA,NA,NA,NA,NA,data/database/players_database.csv,24,Manchester City FC (ENG),ENG,DF,50,4,9.0,8.4
croatia::jakic_kristijan,Croatia,JAKIC Kristijan,2026-06-11T03:59:59+00:00,BACKFILLED_PRE_TOURNAMENT_FACT,NA,NA,NA,NA,NA,NA,NA,data/database/players_database.csv,29,FC Augsburg (GER),GER,DF,17,2,9.0,7.0
croatia::kotarski_dominik,Croatia,KOTARSKI Dominik,2026-06-11T03:59:59+00:00,BACKFILLED_PRE_TOURNAMENT_FACT,NA,NA,NA,NA,NA,NA,NA,data/database/players_database.csv,26,FC København (DEN),DEN,GK,4,0,7.5,4.8
croatia::kovacic_mateo,Croatia,KOVACIC Mateo,2026-06-11T03:59:59+00:00,BACKFILLED_PRE_TOURNAMENT_FACT,NA,NA,NA,NA,NA,NA,NA,data/database/players_database.csv,32,Manchester City FC (ENG),ENG,MF,115,5,9.0,7.7
croatia::kramaric_andrej,Croatia,KRAMARIC Andrej,2026-06-11T03:59:59+00:00,BACKFILLED_PRE_TOURNAMENT_FACT,NA,NA,NA,NA,NA,NA,NA,data/database/players_database.csv,35,TSG Hoffenheim (GER),GER,FW,118,36,9.0,8.8
croatia::livakovic_dominik,Croatia,LIVAKOVIC Dominik,2026-06-11T03:59:59+00:00,BACKFILLED_PRE_TOURNAMENT_FACT,NA,NA,NA,NA,NA,NA,NA,data/database/players_database.csv,31,GNK Dinamo Zagreb (CRO),CRO,GK,77,0,6.5,8.2
croatia::matanovic_igor,Croatia,MATANOVIC Igor,2026-06-11T03:59:59+00:00,BACKFILLED_PRE_TOURNAMENT_FACT,NA,NA,NA,NA,NA,NA,NA,data/database/players_database.csv,23,SC Freiburg (GER),GER,FW,10,2,9.0,5.3
croatia::modric_luka,Croatia,MODRIC Luka,2026-06-11T03:59:59+00:00,BACKFILLED_PRE_TOURNAMENT_FACT,NA,NA,NA,NA,NA,NA,NA,data/database/players_database.csv,40,AC Milan (ITA),ITA,MF,200,29,9.0,8.8
croatia::moro_nikola,Croatia,MORO Nikola,2026-06-11T03:59:59+00:00,BACKFILLED_PRE_TOURNAMENT_FACT,NA,NA,NA,NA,NA,NA,NA,data/database/players_database.csv,28,Bologna FC (ITA),ITA,MF,10,0,9.0,4.2
croatia::musa_petar,Croatia,MUSA Petar,2026-06-11T03:59:59+00:00,BACKFILLED_PRE_TOURNAMENT_FACT,NA,NA,NA,NA,NA,NA,NA,data/database/players_database.csv,28,FC Dallas (USA),USA,FW,13,2,7.5,5.0
croatia::pandur_ivor,Croatia,PANDUR Ivor,2026-06-11T03:59:59+00:00,BACKFILLED_PRE_TOURNAMENT_FACT,NA,NA,NA,NA,NA,NA,NA,data/database/players_database.csv,26,Hull City FC (ENG),ENG,GK,0,0,9.0,5.2
croatia::pasalic_marco,Croatia,PASALIC Marco,2026-06-11T03:59:59+00:00,BACKFILLED_PRE_TOURNAMENT_FACT,NA,NA,NA,NA,NA,NA,NA,data/database/players_database.csv,25,Orlando City SC (USA),USA,FW,17,1,7.5,4.5
croatia::pasalic_mario,Croatia,PASALIC Mario,2026-06-11T03:59:59+00:00,BACKFILLED_PRE_TOURNAMENT_FACT,NA,NA,NA,NA,NA,NA,NA,data/database/players_database.csv,31,Atalanta Bergamo (ITA),ITA,MF,87,12,9.0,9.2
croatia::perisic_ivan,Croatia,PERISIC Ivan,2026-06-11T03:59:59+00:00,BACKFILLED_PRE_TOURNAMENT_FACT,NA,NA,NA,NA,NA,NA,NA,data/database/players_database.csv,37,PSV Eindhoven (NED),NED,FW,156,38,7.5,7.7
croatia::pongracic_marin,Croatia,PONGRACIC Marin,2026-06-11T03:59:59+00:00,BACKFILLED_PRE_TOURNAMENT_FACT,NA,NA,NA,NA,NA,NA,NA,data/database/players_database.csv,28,ACF Fiorentina (ITA),ITA,DF,21,0,9.0,4.7
croatia::stanisic_josip,Croatia,STANISIC Josip,2026-06-11T03:59:59+00:00,BACKFILLED_PRE_TOURNAMENT_FACT,NA,NA,NA,NA,NA,NA,NA,data/database/players_database.csv,26,FC Bayern München (GER),GER,DF,33,0,9.0,5.2
croatia::sucic_luka,Croatia,SUCIC Luka,2026-06-11T03:59:59+00:00,BACKFILLED_PRE_TOURNAMENT_FACT,NA,NA,NA,NA,NA,NA,NA,data/database/players_database.csv,23,Real Sociedad (ESP),ESP,MF,22,1,9.0,5.2
croatia::sucic_petar,Croatia,SUCIC Petar,2026-06-11T03:59:59+00:00,BACKFILLED_PRE_TOURNAMENT_FACT,NA,NA,NA,NA,NA,NA,NA,data/database/players_database.csv,22,FC Internazionale Milano (ITA),ITA,MF,19,1,9.0,5.2
croatia::sutalo_josip,Croatia,SUTALO Josip,2026-06-11T03:59:59+00:00,BACKFILLED_PRE_TOURNAMENT_FACT,NA,NA,NA,NA,NA,NA,NA,data/database/players_database.csv,26,AFC Ajax (NED),NED,DF,35,0,7.5,4.9
croatia::vlasic_nikola,Croatia,VLASIC Nikola,2026-06-11T03:59:59+00:00,BACKFILLED_PRE_TOURNAMENT_FACT,NA,NA,NA,NA,NA,NA,NA,data/database/players_database.csv,28,Torino FC (ITA),ITA,MF,64,10,9.0,9.1
croatia::vuskovic_luka,Croatia,VUSKOVIC Luka,2026-06-11T03:59:59+00:00,BACKFILLED_PRE_TOURNAMENT_FACT,NA,NA,NA,NA,NA,NA,NA,data/database/players_database.csv,19,Hamburger SV (GER),GER,DF,6,1,9.0,5.9
curacao::antonisse_jeremy,Curaçao,ANTONISSE Jeremy,2026-06-11T03:59:59+00:00,BACKFILLED_PRE_TOURNAMENT_FACT,NA,NA,NA,NA,NA,NA,NA,data/database/players_database.csv,24,AE Ki sia FC (GRE),GRE,FW,29,4,6.5,5.4
curacao::bacuna_juninho,Curaçao,BACUNA Juninho,2026-06-11T03:59:59+00:00,BACKFILLED_PRE_TOURNAMENT_FACT,NA,NA,NA,NA,NA,NA,NA,data/database/players_database.csv,28,FC Volendam (NED),NED,MF,53,14,7.5,8.2
curacao::bacuna_leandro,Curaçao,BACUNA Leandro,2026-06-11T03:59:59+00:00,BACKFILLED_PRE_TOURNAMENT_FACT,NA,NA,NA,NA,NA,NA,NA,data/database/players_database.csv,34,Iğdır FK (TUR),TUR,MF,75,16,7.5,8.6
curacao::bazoer_riechedly,Curaçao,BAZOER Riechedly,2026-06-11T03:59:59+00:00,BACKFILLED_PRE_TOURNAMENT_FACT,NA,NA,NA,NA,NA,NA,NA,data/database/players_database.csv,29,Konyaspor (TUR),TUR,DF,6,0,7.5,3.6
curacao::bodak_tyrick,Curaçao,BODAK Tyrick,2026-06-11T03:59:59+00:00,BACKFILLED_PRE_TOURNAMENT_FACT,NA,NA,NA,NA,NA,NA,NA,data/database/players_database.csv,24,SC Telstar (NED),NED,GK,4,0,7.5,4.8
curacao::brenet_joshua,Curaçao,BRENET Joshua,2026-06-11T03:59:59+00:00,BACKFILLED_PRE_TOURNAMENT_FACT,NA,NA,NA,NA,NA,NA,NA,data/database/players_database.csv,32,Kayserispor (TUR),TUR,DF,20,2,7.5,6.5
curacao::chong_tahith,Curaçao,CHONG Tahith,2026-06-11T03:59:59+00:00,BACKFILLED_PRE_TOURNAMENT_FACT,NA,NA,NA,NA,NA,NA,NA,data/database/players_database.csv,26,She eld United FC (ENG),ENG,MF,9,3,9.0,6.6
curacao::comenencia_livano,Curaçao,COMENENCIA Livano,2026-06-11T03:59:59+00:00,BACKFILLED_PRE_TOURNAMENT_FACT,NA,NA,NA,NA,NA,NA,NA,data/database/players_database.csv,22,FC Zürich (SUI),SUI,MF,23,3,7.5,6.3
curacao::doornbusch_trevor,Curaçao,DOORNBUSCH Trevor,2026-06-11T03:59:59+00:00,BACKFILLED_PRE_TOURNAMENT_FACT,NA,NA,NA,NA,NA,NA,NA,data/database/players_database.csv,26,VVV Venlo (NED),NED,GK,8,0,7.5,5.1
curacao::felida_kevin,Curaçao,FELIDA Kevin,2026-06-11T03:59:59+00:00,BACKFILLED_PRE_TOURNAMENT_FACT,NA,NA,NA,NA,NA,NA,NA,data/database/players_database.csv,26,FC Den Bosch (NED),NED,MF,19,1,7.5,5.1
curacao::floranus_sherel,Curaçao,FLORANUS Sherel,2026-06-11T03:59:59+00:00,BACKFILLED_PRE_TOURNAMENT_FACT,NA,NA,NA,NA,NA,NA,NA,data/database/players_database.csv,27,PEC Zwolle (NED),NED,DF,30,0,7.5,4.7
curacao::fonville_deveron,Curaçao,FONVILLE Deveron,2026-06-11T03:59:59+00:00,BACKFILLED_PRE_TOURNAMENT_FACT,NA,NA,NA,NA,NA,NA,NA,data/database/players_database.csv,23,NEC Nijmegen (NED),NED,DF,5,0,7.5,3.3
curacao::gaari_jurien,Curaçao,GAARI Jurien,2026-06-11T03:59:59+00:00,BACKFILLED_PRE_TOURNAMENT_FACT,NA,NA,NA,NA,NA,NA,NA,data/database/players_database.csv,32,Abha Club (KSA),KSA,DF,62,1,7.5,6.3
curacao::gorre_kenji,Curaçao,GORRE Kenji,2026-06-11T03:59:59+00:00,BACKFILLED_PRE_TOURNAMENT_FACT,NA,NA,NA,NA,NA,NA,NA,data/database/players_database.csv,31,Maccabi Haifa FC (ISR),ISR,FW,39,6,5.5,5.4
curacao::hansen_sontje,Curaçao,HANSEN Sontje,2026-06-11T03:59:59+00:00,BACKFILLED_PRE_TOURNAMENT_FACT,NA,NA,NA,NA,NA,NA,NA,data/database/players_database.csv,24,Middlesbrough FC (ENG),ENG,FW,7,1,9.0,5.1
curacao::kastaneer_gervane,Curaçao,KASTANEER Gervane,2026-06-11T03:59:59+00:00,BACKFILLED_PRE_TOURNAMENT_FACT,NA,NA,NA,NA,NA,NA,NA,data/database/players_database.csv,30,Terengganu FC (MAS),MAS,FW,32,9,5.5,6.3
curacao::kuwas_brandley,Curaçao,KUWAS Brandley,2026-06-11T03:59:59+00:00,BACKFILLED_PRE_TOURNAMENT_FACT,NA,NA,NA,NA,NA,NA,NA,data/database/players_database.csv,33,FC Volendam (NED),NED,FW,37,2,7.5,5.1
curacao::locadia_juergen,Curaçao,LOCADIA Juergen,2026-06-11T03:59:59+00:00,BACKFILLED_PRE_TOURNAMENT_FACT,NA,NA,NA,NA,NA,NA,NA,data/database/players_database.csv,32,Miami FC (USA),USA,FW,16,1,7.5,4.2
curacao::margaritha_jearl,Curaçao,MARGARITHA Jearl,2026-06-11T03:59:59+00:00,BACKFILLED_PRE_TOURNAMENT_FACT,NA,NA,NA,NA,NA,NA,NA,data/database/players_database.csv,26,SK Beveren (BEL),BEL,FW,24,5,7.5,5.9
curacao::martha_arjany,Curaçao,MARTHA Arjany,2026-06-11T03:59:59+00:00,BACKFILLED_PRE_TOURNAMENT_FACT,NA,NA,NA,NA,NA,NA,NA,data/database/players_database.csv,22,Rotherham United FC (ENG),ENG,MF,9,2,9.0,6.3
curacao::noslin_tyrese,Curaçao,NOSLIN Tyrese,2026-06-11T03:59:59+00:00,BACKFILLED_PRE_TOURNAMENT_FACT,NA,NA,NA,NA,NA,NA,NA,data/database/players_database.csv,23,SC Telstar (NED),NED,FW,8,1,7.5,4.3
curacao::obispo_armando,Curaçao,OBISPO Armando,2026-06-11T03:59:59+00:00,BACKFILLED_PRE_TOURNAMENT_FACT,NA,NA,NA,NA,NA,NA,NA,data/database/players_database.csv,27,PSV Eindhoven (NED),NED,DF,9,0,7.5,3.8
curacao::roemeratoe_godfried,Curaçao,ROEMERATOE Godfried,2026-06-11T03:59:59+00:00,BACKFILLED_PRE_TOURNAMENT_FACT,NA,NA,NA,NA,NA,NA,NA,data/database/players_database.csv,26,RKC Waalwijk (NED),NED,MF,30,1,7.5,5.2
curacao::room_eloy,Curaçao,ROOM Eloy,2026-06-11T03:59:59+00:00,BACKFILLED_PRE_TOURNAMENT_FACT,NA,NA,NA,NA,NA,NA,NA,data/database/players_database.csv,37,Miami FC (USA),USA,GK,75,0,7.5,7.6
curacao::sambo_shurandy,Curaçao,SAMBO Shurandy,2026-06-11T03:59:59+00:00,BACKFILLED_PRE_TOURNAMENT_FACT,NA,NA,NA,NA,NA,NA,NA,data/database/players_database.csv,24,Sparta Rotterdam (NED),NED,DF,9,0,7.5,3.8
curacao::van_eijma_roshon,Curaçao,VAN EIJMA Roshon,2026-06-11T03:59:59+00:00,BACKFILLED_PRE_TOURNAMENT_FACT,NA,NA,NA,NA,NA,NA,NA,data/database/players_database.csv,28,RKC Waalwijk (NED),NED,DF,29,1,7.5,5.7
czechia::cerv_lukas,Czechia,CERV Lukas,2026-06-11T03:59:59+00:00,BACKFILLED_PRE_TOURNAMENT_FACT,NA,NA,NA,NA,NA,NA,NA,data/database/players_database.csv,25,FC Viktoria Plzeň (CZE),CZE,MF,19,2,6.5,5.7
czechia::chaloupek_stepan,Czechia,CHALOUPEK Stepan,2026-06-11T03:59:59+00:00,BACKFILLED_PRE_TOURNAMENT_FACT,NA,NA,NA,NA,NA,NA,NA,data/database/players_database.csv,23,SK Slavia Praha (CZE),CZE,DF,6,0,6.5,3.1
czechia::chory_tomas,Czechia,CHORY Tomas,2026-06-11T03:59:59+00:00,BACKFILLED_PRE_TOURNAMENT_FACT,NA,NA,NA,NA,NA,NA,NA,data/database/players_database.csv,31,SK Slavia Praha (CZE),CZE,FW,24,7,6.5,6.0
czechia::chytil_mojmir,Czechia,CHYTIL Mojmir,2026-06-11T03:59:59+00:00,BACKFILLED_PRE_TOURNAMENT_FACT,NA,NA,NA,NA,NA,NA,NA,data/database/players_database.csv,27,SK Slavia Praha (CZE),CZE,FW,23,6,6.5,6.0
czechia::coufal_vladimir,Czechia,COUFAL Vladimir,2026-06-11T03:59:59+00:00,BACKFILLED_PRE_TOURNAMENT_FACT,NA,NA,NA,NA,NA,NA,NA,data/database/players_database.csv,33,TSG Hoffenheim (GER),GER,DF,65,2,9.0,7.3
czechia::darida_vladimir,Czechia,DARIDA Vladimir,2026-06-11T03:59:59+00:00,BACKFILLED_PRE_TOURNAMENT_FACT,NA,NA,NA,NA,NA,NA,NA,data/database/players_database.csv,35,FC Hradec Králové (CZE),CZE,MF,80,8,6.5,7.7
czechia::doudera_david,Czechia,DOUDERA David,2026-06-11T03:59:59+00:00,BACKFILLED_PRE_TOURNAMENT_FACT,NA,NA,NA,NA,NA,NA,NA,data/database/players_database.csv,28,SK Slavia Praha (CZE),CZE,DF,18,2,6.5,6.4
czechia::hlozek_adam,Czechia,HLOZEK Adam,2026-06-11T03:59:59+00:00,BACKFILLED_PRE_TOURNAMENT_FACT,NA,NA,NA,NA,NA,NA,NA,data/database/players_database.csv,23,TSG Hoffenheim (GER),GER,FW,46,5,9.0,6.2
czechia::holes_tomas,Czechia,HOLES Tomas,2026-06-11T03:59:59+00:00,BACKFILLED_PRE_TOURNAMENT_FACT,NA,NA,NA,NA,NA,NA,NA,data/database/players_database.csv,33,SK Slavia Praha (CZE),CZE,DF,43,2,6.5,6.2
czechia::hornicek_lukas,Czechia,HORNICEK Lukas,2026-06-11T03:59:59+00:00,BACKFILLED_PRE_TOURNAMENT_FACT,NA,NA,NA,NA,NA,NA,NA,data/database/players_database.csv,23,SC Braga (POR),POR,GK,1,0,7.5,4.3
czechia::hranac_robin,Czechia,HRANAC Robin,2026-06-11T03:59:59+00:00,BACKFILLED_PRE_TOURNAMENT_FACT,NA,NA,NA,NA,NA,NA,NA,data/database/players_database.csv,26,TSG Hoffenheim (GER),GER,DF,17,1,9.0,6.3
czechia::jurasek_david,Czechia,JURASEK David,2026-06-11T03:59:59+00:00,BACKFILLED_PRE_TOURNAMENT_FACT,NA,NA,NA,NA,NA,NA,NA,data/database/players_database.csv,25,SK Slavia Praha (CZE),CZE,DF,18,1,6.5,5.6
czechia::kovar_matej,Czechia,KOVAR Matej,2026-06-11T03:59:59+00:00,BACKFILLED_PRE_TOURNAMENT_FACT,NA,NA,NA,NA,NA,NA,NA,data/database/players_database.csv,26,PSV Eindhoven (NED),NED,GK,23,0,7.5,5.9
czechia::krejci_ladislav,Czechia,KREJCI Ladislav,2026-06-11T03:59:59+00:00,BACKFILLED_PRE_TOURNAMENT_FACT,NA,NA,NA,NA,NA,NA,NA,data/database/players_database.csv,27,Wolverhampton Wanderers FC (ENG),ENG,DF,30,6,9.0,7.6
czechia::kuchta_jan,Czechia,KUCHTA Jan,2026-06-11T03:59:59+00:00,BACKFILLED_PRE_TOURNAMENT_FACT,NA,NA,NA,NA,NA,NA,NA,data/database/players_database.csv,29,AC Sparta Praha (CZE),CZE,FW,31,3,6.5,5.2
czechia::provod_lukas,Czechia,PROVOD Lukas,2026-06-11T03:59:59+00:00,BACKFILLED_PRE_TOURNAMENT_FACT,NA,NA,NA,NA,NA,NA,NA,data/database/players_database.csv,29,SK Slavia Praha (CZE),CZE,MF,41,3,6.5,6.1
czechia::sadilek_michal,Czechia,SADILEK Michal,2026-06-11T03:59:59+00:00,BACKFILLED_PRE_TOURNAMENT_FACT,NA,NA,NA,NA,NA,NA,NA,data/database/players_database.csv,27,SK Slavia Praha (CZE),CZE,MF,38,2,6.5,5.7
czechia::schick_patrik,Czechia,SCHICK Patrik,2026-06-11T03:59:59+00:00,BACKFILLED_PRE_TOURNAMENT_FACT,NA,NA,NA,NA,NA,NA,NA,data/database/players_database.csv,30,Bayer 04 Leverkusen (GER),GER,FW,56,26,9.0,8.7
czechia::sochurek_hugo,Czechia,SOCHUREK Hugo,2026-06-11T03:59:59+00:00,BACKFILLED_PRE_TOURNAMENT_FACT,NA,NA,NA,NA,NA,NA,NA,data/database/players_database.csv,18,AC Sparta Praha (CZE),CZE,MF,1,0,6.5,2.6
czechia::sojka_alexandr,Czechia,SOJKA Alexandr,2026-06-11T03:59:59+00:00,BACKFILLED_PRE_TOURNAMENT_FACT,NA,NA,NA,NA,NA,NA,NA,data/database/players_database.csv,23,FC Viktoria Plzeň (CZE),CZE,MF,5,0,6.5,3.0
czechia::soucek_tomas,Czechia,SOUCEK Tomas,2026-06-11T03:59:59+00:00,BACKFILLED_PRE_TOURNAMENT_FACT,NA,NA,NA,NA,NA,NA,NA,data/database/players_database.csv,31,West Ham United FC (ENG),ENG,MF,93,17,9.0,9.4
czechia::stanek_jindrich,Czechia,STANEK Jindrich,2026-06-11T03:59:59+00:00,BACKFILLED_PRE_TOURNAMENT_FACT,NA,NA,NA,NA,NA,NA,NA,data/database/players_database.csv,30,SK Slavia Praha (CZE),CZE,GK,14,0,6.5,5.1
czechia::sulc_pavel,Czechia,SULC Pavel,2026-06-11T03:59:59+00:00,BACKFILLED_PRE_TOURNAMENT_FACT,NA,NA,NA,NA,NA,NA,NA,data/database/players_database.csv,25,Olympique Lyonnais (FRA),FRA,FW,24,5,9.0,6.3
czechia::visinsky_denis,Czechia,VISINSKY Denis,2026-06-11T03:59:59+00:00,BACKFILLED_PRE_TOURNAMENT_FACT,NA,NA,NA,NA,NA,NA,NA,data/database/players_database.csv,23,FC Viktoria Plzeň (CZE),CZE,FW,3,1,6.5,5.3
czechia::zeleny_jaroslav,Czechia,ZELENY Jaroslav,2026-06-11T03:59:59+00:00,BACKFILLED_PRE_TOURNAMENT_FACT,NA,NA,NA,NA,NA,NA,NA,data/database/players_database.csv,33,AC Sparta Praha (CZE),CZE,DF,25,0,6.5,3.9
czechia::zima_david,Czechia,ZIMA David,2026-06-11T03:59:59+00:00,BACKFILLED_PRE_TOURNAMENT_FACT,NA,NA,NA,NA,NA,NA,NA,data/database/players_database.csv,25,SK Slavia Praha (CZE),CZE,DF,26,1,6.5,5.5
cote_d'ivoire::adingra_simon,Côte D'Ivoire,ADINGRA Simon,2026-06-11T03:59:59+00:00,BACKFILLED_PRE_TOURNAMENT_FACT,NA,NA,NA,NA,NA,NA,NA,data/database/players_database.csv,24,AS Monaco (FRA),FRA,FW,30,5,9.0,6.3
cote_d'ivoire::agbadou_emmanuel,Côte D'Ivoire,AGBADOU Emmanuel,2026-06-11T03:59:59+00:00,BACKFILLED_PRE_TOURNAMENT_FACT,NA,NA,NA,NA,NA,NA,NA,data/database/players_database.csv,29,Beşiktaş JK (TUR),TUR,DF,23,2,7.5,6.9
cote_d'ivoire::bonny_ange-yoan,Côte D'Ivoire,BONNY Ange-Yoan,2026-06-11T03:59:59+00:00,BACKFILLED_PRE_TOURNAMENT_FACT,NA,NA,NA,NA,NA,NA,NA,data/database/players_database.csv,22,FC Internazionale Milano (ITA),ITA,FW,4,0,9.0,3.6
cote_d'ivoire::diakite_oumar,Côte D'Ivoire,DIAKITE Oumar,2026-06-11T03:59:59+00:00,BACKFILLED_PRE_TOURNAMENT_FACT,NA,NA,NA,NA,NA,NA,NA,data/database/players_database.csv,22,Cercle Brugge (BEL),BEL,FW,30,6,7.5,5.8
cote_d'ivoire::diallo_amad,Côte D'Ivoire,DIALLO Amad,2026-06-11T03:59:59+00:00,BACKFILLED_PRE_TOURNAMENT_FACT,NA,NA,NA,NA,NA,NA,NA,data/database/players_database.csv,23,Manchester United FC (ENG),ENG,FW,22,7,9.0,6.7
cote_d'ivoire::diomande_ousmane,Côte D'Ivoire,DIOMANDE Ousmane,2026-06-11T03:59:59+00:00,BACKFILLED_PRE_TOURNAMENT_FACT,NA,NA,NA,NA,NA,NA,NA,data/database/players_database.csv,22,Sporting CP (POR),POR,DF,17,1,7.5,5.7
cote_d'ivoire::diomande_yan,Côte D'Ivoire,DIOMANDE Yan,2026-06-11T03:59:59+00:00,BACKFILLED_PRE_TOURNAMENT_FACT,NA,NA,NA,NA,NA,NA,NA,data/database/players_database.csv,19,RB Leipzig (GER),GER,FW,13,3,9.0,5.4
cote_d'ivoire::doue_guela,Côte D'Ivoire,DOUE Guela,2026-06-11T03:59:59+00:00,BACKFILLED_PRE_TOURNAMENT_FACT,NA,NA,NA,NA,NA,NA,NA,data/database/players_database.csv,23,RC Strasbourg (FRA),FRA,DF,23,3,9.0,7.0
cote_d'ivoire::fofana_seko,Côte D'Ivoire,FOFANA Seko,2026-06-11T03:59:59+00:00,BACKFILLED_PRE_TOURNAMENT_FACT,NA,NA,NA,NA,NA,NA,NA,data/database/players_database.csv,31,FC Porto (POR),POR,MF,34,7,7.5,7.1
cote_d'ivoire::fofana_yahia,Côte D'Ivoire,FOFANA Yahia,2026-06-11T03:59:59+00:00,BACKFILLED_PRE_TOURNAMENT_FACT,NA,NA,NA,NA,NA,NA,NA,data/database/players_database.csv,25,Çaykur Rizespor (TUR),TUR,GK,39,0,7.5,6.8
cote_d'ivoire::guessand_evann,Côte D'Ivoire,GUESSAND Evann,2026-06-11T03:59:59+00:00,BACKFILLED_PRE_TOURNAMENT_FACT,NA,NA,NA,NA,NA,NA,NA,data/database/players_database.csv,24,Crystal Palace FC (ENG),ENG,FW,22,4,9.0,6.0
cote_d'ivoire::guiagon_parfait,Côte D'Ivoire,GUIAGON Parfait,2026-06-11T03:59:59+00:00,BACKFILLED_PRE_TOURNAMENT_FACT,NA,NA,NA,NA,NA,NA,NA,data/database/players_database.csv,25,Sporting Charleroi (BEL),BEL,MF,5,0,7.5,3.6
cote_d'ivoire::kessie_franck,Côte D'Ivoire,KESSIE Franck,2026-06-11T03:59:59+00:00,BACKFILLED_PRE_TOURNAMENT_FACT,NA,NA,NA,NA,NA,NA,NA,data/database/players_database.csv,29,Al Ahli FC (KSA),KSA,MF,107,16,7.5,9.4
cote_d'ivoire::konan_ghislain,Côte D'Ivoire,KONAN Ghislain,2026-06-11T03:59:59+00:00,BACKFILLED_PRE_TOURNAMENT_FACT,NA,NA,NA,NA,NA,NA,NA,data/database/players_database.csv,30,Gil Vicente FC (POR),POR,DF,56,0,7.5,5.8
cote_d'ivoire::kone_mohamed,Côte D'Ivoire,KONE Mohamed,2026-06-11T03:59:59+00:00,BACKFILLED_PRE_TOURNAMENT_FACT,NA,NA,NA,NA,NA,NA,NA,data/database/players_database.csv,24,Sporting Charleroi (BEL),BEL,GK,0,0,7.5,4.6
cote_d'ivoire::kossounou_odilon,Côte D'Ivoire,KOSSOUNOU Odilon,2026-06-11T03:59:59+00:00,BACKFILLED_PRE_TOURNAMENT_FACT,NA,NA,NA,NA,NA,NA,NA,data/database/players_database.csv,25,Atalanta Bergamo (ITA),ITA,DF,39,0,9.0,5.5
cote_d'ivoire::lafont_alban,Côte D'Ivoire,LAFONT Alban,2026-06-11T03:59:59+00:00,BACKFILLED_PRE_TOURNAMENT_FACT,NA,NA,NA,NA,NA,NA,NA,data/database/players_database.csv,27,Panathinaikos FC (GRE),GRE,GK,4,0,6.5,4.5
cote_d'ivoire::ndicka_evan,Côte D'Ivoire,NDICKA Evan,2026-06-11T03:59:59+00:00,BACKFILLED_PRE_TOURNAMENT_FACT,NA,NA,NA,NA,NA,NA,NA,data/database/players_database.csv,26,AS Roma (ITA),ITA,DF,29,0,9.0,5.0
cote_d'ivoire::operi_christopher,Côte D'Ivoire,OPERI Christopher,2026-06-11T03:59:59+00:00,BACKFILLED_PRE_TOURNAMENT_FACT,NA,NA,NA,NA,NA,NA,NA,data/database/players_database.csv,29,Başakşehir FK (TUR),TUR,DF,13,0,7.5,3.9
cote_d'ivoire::oulai_christ_inao,Côte D'Ivoire,OULAI Christ Inao,2026-06-11T03:59:59+00:00,BACKFILLED_PRE_TOURNAMENT_FACT,NA,NA,NA,NA,NA,NA,NA,data/database/players_database.csv,20,Trabzonspor (TUR),TUR,MF,12,0,7.5,3.3
cote_d'ivoire::pepe_nicolas,Côte D'Ivoire,PEPE Nicolas,2026-06-11T03:59:59+00:00,BACKFILLED_PRE_TOURNAMENT_FACT,NA,NA,NA,NA,NA,NA,NA,data/database/players_database.csv,31,Villarreal CF (ESP),ESP,FW,59,14,9.0,7.7
cote_d'ivoire::sangare_ibrahim,Côte D'Ivoire,SANGARE Ibrahim,2026-06-11T03:59:59+00:00,BACKFILLED_PRE_TOURNAMENT_FACT,NA,NA,NA,NA,NA,NA,NA,data/database/players_database.csv,28,Nottingham Forest FC (ENG),ENG,MF,58,11,9.0,8.8
cote_d'ivoire::seri_jean_michael,Côte D'Ivoire,SERI Jean Michael,2026-06-11T03:59:59+00:00,BACKFILLED_PRE_TOURNAMENT_FACT,NA,NA,NA,NA,NA,NA,NA,data/database/players_database.csv,34,NK Maribor (SVN),SVN,MF,66,4,6.5,6.4
cote_d'ivoire::singo_wilfried,Côte D'Ivoire,SINGO Wilfried,2026-06-11T03:59:59+00:00,BACKFILLED_PRE_TOURNAMENT_FACT,NA,NA,NA,NA,NA,NA,NA,data/database/players_database.csv,25,Galatasaray SK (TUR),TUR,DF,37,1,7.5,5.8
cote_d'ivoire::toure_bazoumana,Côte D'Ivoire,TOURE Bazoumana,2026-06-11T03:59:59+00:00,BACKFILLED_PRE_TOURNAMENT_FACT,NA,NA,NA,NA,NA,NA,NA,data/database/players_database.csv,20,TSG Hoffenheim (GER),GER,FW,8,2,9.0,5.3
cote_d'ivoire::wahi_elye,Côte D'Ivoire,WAHI Elye,2026-06-11T03:59:59+00:00,BACKFILLED_PRE_TOURNAMENT_FACT,NA,NA,NA,NA,NA,NA,NA,data/database/players_database.csv,23,OGC Nice (FRA),FRA,FW,4,0,9.0,3.6
ecuador::alcivar_jordy,Ecuador,ALCIVAR Jordy,2026-06-11T03:59:59+00:00,BACKFILLED_PRE_TOURNAMENT_FACT,NA,NA,NA,NA,NA,NA,NA,data/database/players_database.csv,26,Independiente Del Valle (ECU),ECU,MF,12,1,5.5,4.8
ecuador::angulo_nilson,Ecuador,ANGULO Nilson,2026-06-11T03:59:59+00:00,BACKFILLED_PRE_TOURNAMENT_FACT,NA,NA,NA,NA,NA,NA,NA,data/database/players_database.csv,23,Sunderland AFC (ENG),ENG,FW,17,3,9.0,5.5
ecuador::arevalo_jeremy,Ecuador,AREVALO Jeremy,2026-06-11T03:59:59+00:00,BACKFILLED_PRE_TOURNAMENT_FACT,NA,NA,NA,NA,NA,NA,NA,data/database/players_database.csv,21,VfB Stuttgart (GER),GER,FW,4,0,9.0,3.6
ecuador::caicedo_jordy,Ecuador,CAICEDO Jordy,2026-06-11T03:59:59+00:00,BACKFILLED_PRE_TOURNAMENT_FACT,NA,NA,NA,NA,NA,NA,NA,data/database/players_database.csv,28,CA Huracán (ARG),ARG,FW,22,4,7.5,5.6
ecuador::caicedo_moises,Ecuador,CAICEDO Moises,2026-06-11T03:59:59+00:00,BACKFILLED_PRE_TOURNAMENT_FACT,NA,NA,NA,NA,NA,NA,NA,data/database/players_database.csv,24,Chelsea FC (ENG),ENG,MF,64,3,9.0,7.3
ecuador::castillo_denil,Ecuador,CASTILLO Denil,2026-06-11T03:59:59+00:00,BACKFILLED_PRE_TOURNAMENT_FACT,NA,NA,NA,NA,NA,NA,NA,data/database/players_database.csv,22,FC Midtjylland (DEN),DEN,MF,5,0,7.5,3.3
ecuador::estupinan_pervis,Ecuador,ESTUPINAN Pervis,2026-06-11T03:59:59+00:00,BACKFILLED_PRE_TOURNAMENT_FACT,NA,NA,NA,NA,NA,NA,NA,data/database/players_database.csv,28,AC Milan (ITA),ITA,DF,56,5,9.0,8.7
ecuador::franco_alan,Ecuador,FRANCO Alan,2026-06-11T03:59:59+00:00,BACKFILLED_PRE_TOURNAMENT_FACT,NA,NA,NA,NA,NA,NA,NA,data/database/players_database.csv,27,Atlético Mineiro (BRA),BRA,MF,61,1,7.5,6.3
ecuador::galindez_hernan,Ecuador,GALINDEZ Hernan,2026-06-11T03:59:59+00:00,BACKFILLED_PRE_TOURNAMENT_FACT,NA,NA,NA,NA,NA,NA,NA,data/database/players_database.csv,39,CA Huracán (ARG),ARG,GK,38,0,7.5,5.6
ecuador::hincapie_piero,Ecuador,HINCAPIE Piero,2026-06-11T03:59:59+00:00,BACKFILLED_PRE_TOURNAMENT_FACT,NA,NA,NA,NA,NA,NA,NA,data/database/players_database.csv,24,Arsenal FC (ENG),ENG,DF,55,2,9.0,7.3
ecuador::medina_yaimar,Ecuador,MEDINA Yaimar,2026-06-11T03:59:59+00:00,BACKFILLED_PRE_TOURNAMENT_FACT,NA,NA,NA,NA,NA,NA,NA,data/database/players_database.csv,21,KRC Genk (BEL),BEL,DF,6,0,7.5,3.3
ecuador::minda_alan,Ecuador,MINDA Alan,2026-06-11T03:59:59+00:00,BACKFILLED_PRE_TOURNAMENT_FACT,NA,NA,NA,NA,NA,NA,NA,data/database/players_database.csv,23,Atlético Mineiro (BRA),BRA,MF,21,2,7.5,5.6
ecuador::ordonez_joel,Ecuador,ORDONEZ Joel,2026-06-11T03:59:59+00:00,BACKFILLED_PRE_TOURNAMENT_FACT,NA,NA,NA,NA,NA,NA,NA,data/database/players_database.csv,22,Club Brugge (BEL),BEL,DF,19,0,7.5,3.9
ecuador::pacho_willian,Ecuador,PACHO Willian,2026-06-11T03:59:59+00:00,BACKFILLED_PRE_TOURNAMENT_FACT,NA,NA,NA,NA,NA,NA,NA,data/database/players_database.csv,24,Paris Saint-Germain (FRA),FRA,DF,37,2,9.0,7.1
ecuador::paez_kendry,Ecuador,PAEZ Kendry,2026-06-11T03:59:59+00:00,BACKFILLED_PRE_TOURNAMENT_FACT,NA,NA,NA,NA,NA,NA,NA,data/database/players_database.csv,19,CA River Plate (ARG),ARG,MF,26,2,7.5,5.2
ecuador::plata_gonzalo,Ecuador,PLATA Gonzalo,2026-06-11T03:59:59+00:00,BACKFILLED_PRE_TOURNAMENT_FACT,NA,NA,NA,NA,NA,NA,NA,data/database/players_database.csv,25,CR Flamengo (BRA),BRA,FW,53,9,7.5,6.9
ecuador::porozo_jackson,Ecuador,POROZO Jackson,2026-06-11T03:59:59+00:00,BACKFILLED_PRE_TOURNAMENT_FACT,NA,NA,NA,NA,NA,NA,NA,data/database/players_database.csv,25,Club Tijuana (MEX),MEX,DF,10,1,7.5,6.3
ecuador::preciado_angelo,Ecuador,PRECIADO Angelo,2026-06-11T03:59:59+00:00,BACKFILLED_PRE_TOURNAMENT_FACT,NA,NA,NA,NA,NA,NA,NA,data/database/players_database.csv,28,Atlético Mineiro (BRA),BRA,DF,59,0,7.5,6.0
ecuador::ramirez_moises,Ecuador,RAMIREZ Moises,2026-06-11T03:59:59+00:00,BACKFILLED_PRE_TOURNAMENT_FACT,NA,NA,NA,NA,NA,NA,NA,data/database/players_database.csv,25,AE Ki sia FC (GRE),GRE,GK,7,0,6.5,4.7
ecuador::rodriguez_kevin,Ecuador,RODRIGUEZ Kevin,2026-06-11T03:59:59+00:00,BACKFILLED_PRE_TOURNAMENT_FACT,NA,NA,NA,NA,NA,NA,NA,data/database/players_database.csv,26,Royale Union Saint-Gilloise (BEL),BEL,FW,34,2,7.5,5.3
ecuador::torres_felix,Ecuador,TORRES Felix,2026-06-11T03:59:59+00:00,BACKFILLED_PRE_TOURNAMENT_FACT,NA,NA,NA,NA,NA,NA,NA,data/database/players_database.csv,29,SC Internacional (BRA),BRA,DF,50,5,7.5,8.1
ecuador::valencia_anthony,Ecuador,VALENCIA Anthony,2026-06-11T03:59:59+00:00,BACKFILLED_PRE_TOURNAMENT_FACT,NA,NA,NA,NA,NA,NA,NA,data/database/players_database.csv,22,Royal Antwerp FC (BEL),BEL,MF,3,1,7.5,5.7
ecuador::valencia_enner,Ecuador,VALENCIA Enner,2026-06-11T03:59:59+00:00,BACKFILLED_PRE_TOURNAMENT_FACT,NA,NA,NA,NA,NA,NA,NA,data/database/players_database.csv,36,CF Pachuca (MEX),MEX,FW,108,49,7.5,8.8
ecuador::valle_gonzalo,Ecuador,VALLE Gonzalo,2026-06-11T03:59:59+00:00,BACKFILLED_PRE_TOURNAMENT_FACT,NA,NA,NA,NA,NA,NA,NA,data/database/players_database.csv,30,LDU Quito (ECU),ECU,GK,4,0,5.5,4.2
ecuador::vite_pedro,Ecuador,VITE Pedro,2026-06-11T03:59:59+00:00,BACKFILLED_PRE_TOURNAMENT_FACT,NA,NA,NA,NA,NA,NA,NA,data/database/players_database.csv,24,Pumas UNAM (MEX),MEX,MF,20,1,7.5,5.1
ecuador::yeboah_john,Ecuador,YEBOAH John,2026-06-11T03:59:59+00:00,BACKFILLED_PRE_TOURNAMENT_FACT,NA,NA,NA,NA,NA,NA,NA,data/database/players_database.csv,26,Venezia FC (ITA),ITA,FW,25,3,9.0,5.7
egypt::ahmed_fatouh,Egypt,AHMED FATOUH,2026-06-11T03:59:59+00:00,BACKFILLED_PRE_TOURNAMENT_FACT,NA,NA,NA,NA,NA,NA,NA,data/database/players_database.csv,28,Zamalek SC (EGY),EGY,DF,41,1,6.5,5.7
egypt::emam_ashour,Egypt,EMAM ASHOUR,2026-06-11T03:59:59+00:00,BACKFILLED_PRE_TOURNAMENT_FACT,NA,NA,NA,NA,NA,NA,NA,data/database/players_database.csv,28,Al Ahly FC (EGY),EGY,MF,31,1,6.5,5.0
egypt::haissem_hassan,Egypt,HAISSEM HASSAN,2026-06-11T03:59:59+00:00,BACKFILLED_PRE_TOURNAMENT_FACT,NA,NA,NA,NA,NA,NA,NA,data/database/players_database.csv,24,Real Oviedo (ESP),ESP,FW,4,0,9.0,3.9
egypt::hamdy_fathy,Egypt,HAMDY FATHY,2026-06-11T03:59:59+00:00,BACKFILLED_PRE_TOURNAMENT_FACT,NA,NA,NA,NA,NA,NA,NA,data/database/players_database.csv,31,Al Wakrah SC (QAT),QAT,MF,66,4,6.5,6.7
egypt::hamza_abdelkarim,Egypt,HAMZA ABDELKARIM,2026-06-11T03:59:59+00:00,BACKFILLED_PRE_TOURNAMENT_FACT,NA,NA,NA,NA,NA,NA,NA,data/database/players_database.csv,18,FC Barcelona (ESP),ESP,FW,4,0,9.0,3.3
egypt::hossam_abdelmaguid,Egypt,HOSSAM ABDELMAGUID,2026-06-11T03:59:59+00:00,BACKFILLED_PRE_TOURNAMENT_FACT,NA,NA,NA,NA,NA,NA,NA,data/database/players_database.csv,25,Zamalek SC (EGY),EGY,DF,14,0,6.5,3.7
egypt::ibrahim_adel,Egypt,IBRAHIM ADEL,2026-06-11T03:59:59+00:00,BACKFILLED_PRE_TOURNAMENT_FACT,NA,NA,NA,NA,NA,NA,NA,data/database/players_database.csv,25,FC Nordsjælland (DEN),DEN,FW,25,3,7.5,5.3
egypt::karim_hafez,Egypt,KARIM HAFEZ,2026-06-11T03:59:59+00:00,BACKFILLED_PRE_TOURNAMENT_FACT,NA,NA,NA,NA,NA,NA,NA,data/database/players_database.csv,30,Pyramids FC (EGY),EGY,DF,10,0,6.5,3.6
egypt::mahdy_soliman,Egypt,MAHDY SOLIMAN,2026-06-11T03:59:59+00:00,BACKFILLED_PRE_TOURNAMENT_FACT,NA,NA,NA,NA,NA,NA,NA,data/database/players_database.csv,39,Zamalek SC (EGY),EGY,GK,0,0,6.5,3.1
egypt::mahmoud_saber,Egypt,MAHMOUD SABER,2026-06-11T03:59:59+00:00,BACKFILLED_PRE_TOURNAMENT_FACT,NA,NA,NA,NA,NA,NA,NA,data/database/players_database.csv,24,ZED FC (EGY),EGY,MF,15,1,6.5,4.9
egypt::marawan_attia,Egypt,MARAWAN ATTIA,2026-06-11T03:59:59+00:00,BACKFILLED_PRE_TOURNAMENT_FACT,NA,NA,NA,NA,NA,NA,NA,data/database/players_database.csv,27,Al Ahly FC (EGY),EGY,MF,37,1,6.5,5.2
egypt::mohamed_abdelmoneim,Egypt,MOHAMED ABDELMONEIM,2026-06-11T03:59:59+00:00,BACKFILLED_PRE_TOURNAMENT_FACT,NA,NA,NA,NA,NA,NA,NA,data/database/players_database.csv,27,OGC Nice (FRA),FRA,DF,37,3,9.0,7.9
egypt::mohamed_alaa,Egypt,MOHAMED ALAA,2026-06-11T03:59:59+00:00,BACKFILLED_PRE_TOURNAMENT_FACT,NA,NA,NA,NA,NA,NA,NA,data/database/players_database.csv,27,El Gouna FC (EGY),EGY,GK,0,0,6.5,4.3
egypt::mohamed_elshenawy,Egypt,MOHAMED ELSHENAWY,2026-06-11T03:59:59+00:00,BACKFILLED_PRE_TOURNAMENT_FACT,NA,NA,NA,NA,NA,NA,NA,data/database/players_database.csv,37,Al Ahly FC (EGY),EGY,GK,77,0,6.5,7.4
egypt::mohamed_hany,Egypt,MOHAMED HANY,2026-06-11T03:59:59+00:00,BACKFILLED_PRE_TOURNAMENT_FACT,NA,NA,NA,NA,NA,NA,NA,data/database/players_database.csv,30,Al Ahly FC (EGY),EGY,DF,45,0,6.5,5.1
egypt::mohamed_salah,Egypt,MOHAMED SALAH,2026-06-11T03:59:59+00:00,BACKFILLED_PRE_TOURNAMENT_FACT,NA,NA,NA,NA,NA,NA,NA,data/database/players_database.csv,34,Liverpool FC (ENG),ENG,FW,118,68,9.0,9.2
egypt::mohanad_lashin,Egypt,MOHANAD LASHIN,2026-06-11T03:59:59+00:00,BACKFILLED_PRE_TOURNAMENT_FACT,NA,NA,NA,NA,NA,NA,NA,data/database/players_database.csv,30,Pyramids FC (EGY),EGY,MF,25,0,6.5,4.2
egypt::mostafa_shoubir,Egypt,MOSTAFA SHOUBIR,2026-06-11T03:59:59+00:00,BACKFILLED_PRE_TOURNAMENT_FACT,NA,NA,NA,NA,NA,NA,NA,data/database/players_database.csv,26,Al Ahly FC (EGY),EGY,GK,12,0,6.5,5.0
egypt::mostafa_zico,Egypt,MOSTAFA ZICO,2026-06-11T03:59:59+00:00,BACKFILLED_PRE_TOURNAMENT_FACT,NA,NA,NA,NA,NA,NA,NA,data/database/players_database.csv,29,Pyramids FC (EGY),EGY,MF,4,3,6.5,5.8
egypt::nabil_donga,Egypt,NABIL DONGA,2026-06-11T03:59:59+00:00,BACKFILLED_PRE_TOURNAMENT_FACT,NA,NA,NA,NA,NA,NA,NA,data/database/players_database.csv,30,Al Najmah SC (KSA),KSA,MF,12,0,7.5,3.9
egypt::omar_marmoush,Egypt,OMAR MARMOUSH,2026-06-11T03:59:59+00:00,BACKFILLED_PRE_TOURNAMENT_FACT,NA,NA,NA,NA,NA,NA,NA,data/database/players_database.csv,27,Manchester City FC (ENG),ENG,FW,52,11,9.0,7.5
egypt::ramy_rabia,Egypt,RAMY RABIA,2026-06-11T03:59:59+00:00,BACKFILLED_PRE_TOURNAMENT_FACT,NA,NA,NA,NA,NA,NA,NA,data/database/players_database.csv,33,Al Ain FC (UAE),UAE,DF,49,6,6.5,7.5
egypt::tarek_alaa,Egypt,TAREK ALAA,2026-06-11T03:59:59+00:00,BACKFILLED_PRE_TOURNAMENT_FACT,NA,NA,NA,NA,NA,NA,NA,data/database/players_database.csv,24,ZED FC (EGY),EGY,DF,3,0,6.5,3.3
egypt::trezeguet,Egypt,TREZEGUET,2026-06-11T03:59:59+00:00,BACKFILLED_PRE_TOURNAMENT_FACT,NA,NA,NA,NA,NA,NA,NA,data/database/players_database.csv,31,Al Ahly FC (EGY),EGY,FW,97,24,6.5,8.1
egypt::yasser_ibrahim,Egypt,YASSER IBRAHIM,2026-06-11T03:59:59+00:00,BACKFILLED_PRE_TOURNAMENT_FACT,NA,NA,NA,NA,NA,NA,NA,data/database/players_database.csv,33,Al Ahly FC (EGY),EGY,DF,20,1,6.5,5.3
egypt::zizo,Egypt,ZIZO,2026-06-11T03:59:59+00:00,BACKFILLED_PRE_TOURNAMENT_FACT,NA,NA,NA,NA,NA,NA,NA,data/database/players_database.csv,30,Al Ahly FC (EGY),EGY,FW,66,5,6.5,6.6
england::anderson_elliot,England,ANDERSON Elliot,2026-06-11T03:59:59+00:00,BACKFILLED_PRE_TOURNAMENT_FACT,NA,NA,NA,NA,NA,NA,NA,data/database/players_database.csv,23,Nottingham Forest FC (ENG),ENG,MF,11,0,9.0,3.9
england::bellingham_jude,England,BELLINGHAM Jude,2026-06-11T03:59:59+00:00,BACKFILLED_PRE_TOURNAMENT_FACT,NA,NA,NA,NA,NA,NA,NA,data/database/players_database.csv,22,Real Madrid C. F. (ESP),ESP,MF,50,7,9.0,8.0
england::burn_dan,England,BURN Dan,2026-06-11T03:59:59+00:00,BACKFILLED_PRE_TOURNAMENT_FACT,NA,NA,NA,NA,NA,NA,NA,data/database/players_database.csv,34,Newcastle United FC (ENG),ENG,DF,8,0,9.0,3.5
england::chalobah_trevoh,England,CHALOBAH Trevoh,2026-06-11T03:59:59+00:00,BACKFILLED_PRE_TOURNAMENT_FACT,NA,NA,NA,NA,NA,NA,NA,data/database/players_database.csv,26,Chelsea FC (ENG),ENG,DF,1,0,9.0,3.8
england::eze_eberechi,England,EZE Eberechi,2026-06-11T03:59:59+00:00,BACKFILLED_PRE_TOURNAMENT_FACT,NA,NA,NA,NA,NA,NA,NA,data/database/players_database.csv,27,Arsenal FC (ENG),ENG,MF,18,3,9.0,7.0
england::gordon_anthony,England,GORDON Anthony,2026-06-11T03:59:59+00:00,BACKFILLED_PRE_TOURNAMENT_FACT,NA,NA,NA,NA,NA,NA,NA,data/database/players_database.csv,25,Newcastle United FC (ENG),ENG,FW,21,3,9.0,5.7
england::guehi_marc,England,GUEHI Marc,2026-06-11T03:59:59+00:00,BACKFILLED_PRE_TOURNAMENT_FACT,NA,NA,NA,NA,NA,NA,NA,data/database/players_database.csv,25,Manchester City FC (ENG),ENG,DF,31,1,9.0,6.1
england::henderson_dean,England,HENDERSON Dean,2026-06-11T03:59:59+00:00,BACKFILLED_PRE_TOURNAMENT_FACT,NA,NA,NA,NA,NA,NA,NA,data/database/players_database.csv,29,Crystal Palace FC (ENG),ENG,GK,5,0,9.0,5.4
england::henderson_jordan,England,HENDERSON Jordan,2026-06-11T03:59:59+00:00,BACKFILLED_PRE_TOURNAMENT_FACT,NA,NA,NA,NA,NA,NA,NA,data/database/players_database.csv,36,Brentford FC (ENG),ENG,MF,90,3,9.0,7.2
england::james_reece,England,JAMES Reece,2026-06-11T03:59:59+00:00,BACKFILLED_PRE_TOURNAMENT_FACT,NA,NA,NA,NA,NA,NA,NA,data/database/players_database.csv,26,Chelsea FC (ENG),ENG,DF,26,1,9.0,6.1
england::kane_harry,England,KANE Harry,2026-06-11T03:59:59+00:00,BACKFILLED_PRE_TOURNAMENT_FACT,NA,NA,NA,NA,NA,NA,NA,data/database/players_database.csv,32,FC Bayern München (GER),GER,FW,116,81,9.0,9.4
england::konsa_ezri,England,KONSA Ezri,2026-06-11T03:59:59+00:00,BACKFILLED_PRE_TOURNAMENT_FACT,NA,NA,NA,NA,NA,NA,NA,data/database/players_database.csv,28,Aston Villa FC (ENG),ENG,DF,22,1,9.0,6.1
england::madueke_noni,England,MADUEKE Noni,2026-06-11T03:59:59+00:00,BACKFILLED_PRE_TOURNAMENT_FACT,NA,NA,NA,NA,NA,NA,NA,data/database/players_database.csv,24,Arsenal FC (ENG),ENG,FW,13,1,9.0,4.9
england::mainoo_kobbie,England,MAINOO Kobbie,2026-06-11T03:59:59+00:00,BACKFILLED_PRE_TOURNAMENT_FACT,NA,NA,NA,NA,NA,NA,NA,data/database/players_database.csv,21,Manchester United FC (ENG),ENG,MF,14,0,9.0,4.1
england::oreilly_nico,England,OREILLY Nico,2026-06-11T03:59:59+00:00,BACKFILLED_PRE_TOURNAMENT_FACT,NA,NA,NA,NA,NA,NA,NA,data/database/players_database.csv,21,Manchester City FC (ENG),ENG,DF,7,0,9.0,3.8
england::pickford_jordan,England,PICKFORD Jordan,2026-06-11T03:59:59+00:00,BACKFILLED_PRE_TOURNAMENT_FACT,NA,NA,NA,NA,NA,NA,NA,data/database/players_database.csv,32,Everton FC (ENG),ENG,GK,86,0,9.0,9.2
england::quansah_jarell,England,QUANSAH Jarell,2026-06-11T03:59:59+00:00,BACKFILLED_PRE_TOURNAMENT_FACT,NA,NA,NA,NA,NA,NA,NA,data/database/players_database.csv,23,Bayer 04 Leverkusen (GER),GER,DF,3,0,9.0,3.6
england::rashford_marcus,England,RASHFORD Marcus,2026-06-11T03:59:59+00:00,BACKFILLED_PRE_TOURNAMENT_FACT,NA,NA,NA,NA,NA,NA,NA,data/database/players_database.csv,28,FC Barcelona (ESP),ESP,FW,74,19,9.0,8.8
england::rice_declan,England,RICE Declan,2026-06-11T03:59:59+00:00,BACKFILLED_PRE_TOURNAMENT_FACT,NA,NA,NA,NA,NA,NA,NA,data/database/players_database.csv,27,Arsenal FC (ENG),ENG,MF,75,7,9.0,8.6
england::rogers_morgan,England,ROGERS Morgan,2026-06-11T03:59:59+00:00,BACKFILLED_PRE_TOURNAMENT_FACT,NA,NA,NA,NA,NA,NA,NA,data/database/players_database.csv,23,Aston Villa FC (ENG),ENG,MF,17,1,9.0,5.2
england::saka_bukayo,England,SAKA Bukayo,2026-06-11T03:59:59+00:00,BACKFILLED_PRE_TOURNAMENT_FACT,NA,NA,NA,NA,NA,NA,NA,data/database/players_database.csv,24,Arsenal FC (ENG),ENG,FW,51,14,9.0,7.9
england::spence_djed,England,SPENCE Djed,2026-06-11T03:59:59+00:00,BACKFILLED_PRE_TOURNAMENT_FACT,NA,NA,NA,NA,NA,NA,NA,data/database/players_database.csv,25,Tottenham Hotspur FC (ENG),ENG,DF,8,0,9.0,4.1
england::stones_john,England,STONES John,2026-06-11T03:59:59+00:00,BACKFILLED_PRE_TOURNAMENT_FACT,NA,NA,NA,NA,NA,NA,NA,data/database/players_database.csv,32,Manchester City FC (ENG),ENG,DF,90,3,9.0,8.0
england::toney_ivan,England,TONEY Ivan,2026-06-11T03:59:59+00:00,BACKFILLED_PRE_TOURNAMENT_FACT,NA,NA,NA,NA,NA,NA,NA,data/database/players_database.csv,30,Al Ahli FC (KSA),KSA,FW,8,1,7.5,4.6
england::trafford_james,England,TRAFFORD James,2026-06-11T03:59:59+00:00,BACKFILLED_PRE_TOURNAMENT_FACT,NA,NA,NA,NA,NA,NA,NA,data/database/players_database.csv,23,Manchester City FC (ENG),ENG,GK,2,0,9.0,4.9
england::watkins_ollie,England,WATKINS Ollie,2026-06-11T03:59:59+00:00,BACKFILLED_PRE_TOURNAMENT_FACT,NA,NA,NA,NA,NA,NA,NA,data/database/players_database.csv,30,Aston Villa FC (ENG),ENG,FW,22,7,9.0,7.0
france::akliouche_maghnes,France,AKLIOUCHE Maghnes,2026-06-11T03:59:59+00:00,BACKFILLED_PRE_TOURNAMENT_FACT,NA,NA,NA,NA,NA,NA,NA,data/database/players_database.csv,24,AS Monaco (FRA),FRA,MF,10,1,9.0,5.9
france::barcola_bradley,France,BARCOLA Bradley,2026-06-11T03:59:59+00:00,BACKFILLED_PRE_TOURNAMENT_FACT,NA,NA,NA,NA,NA,NA,NA,data/database/players_database.csv,23,Paris Saint-Germain (FRA),FRA,FW,22,4,9.0,5.7
france::cherki_rayan,France,CHERKI Rayan,2026-06-11T03:59:59+00:00,BACKFILLED_PRE_TOURNAMENT_FACT,NA,NA,NA,NA,NA,NA,NA,data/database/players_database.csv,22,Manchester City FC (ENG),ENG,MF,9,2,9.0,6.3
france::dembele_ousmane,France,DEMBELE Ousmane,2026-06-11T03:59:59+00:00,BACKFILLED_PRE_TOURNAMENT_FACT,NA,NA,NA,NA,NA,NA,NA,data/database/players_database.csv,29,Paris Saint-Germain (FRA),FRA,FW,61,8,9.0,7.4
france::digne_lucas,France,DIGNE Lucas,2026-06-11T03:59:59+00:00,BACKFILLED_PRE_TOURNAMENT_FACT,NA,NA,NA,NA,NA,NA,NA,data/database/players_database.csv,32,Aston Villa FC (ENG),ENG,DF,59,0,9.0,6.0
france::doue_desire,France,DOUE Desire,2026-06-11T03:59:59+00:00,BACKFILLED_PRE_TOURNAMENT_FACT,NA,NA,NA,NA,NA,NA,NA,data/database/players_database.csv,21,Paris Saint-Germain (FRA),FRA,FW,9,2,9.0,5.4
france::gusto_malo,France,GUSTO Malo,2026-06-11T03:59:59+00:00,BACKFILLED_PRE_TOURNAMENT_FACT,NA,NA,NA,NA,NA,NA,NA,data/database/players_database.csv,23,Chelsea FC (ENG),ENG,DF,12,0,9.0,4.0
france::hernandez_lucas,France,HERNANDEZ Lucas,2026-06-11T03:59:59+00:00,BACKFILLED_PRE_TOURNAMENT_FACT,NA,NA,NA,NA,NA,NA,NA,data/database/players_database.csv,30,Paris Saint-Germain (FRA),FRA,DF,42,0,9.0,5.6
france::hernandez_theo,France,HERNANDEZ Theo,2026-06-11T03:59:59+00:00,BACKFILLED_PRE_TOURNAMENT_FACT,NA,NA,NA,NA,NA,NA,NA,data/database/players_database.csv,28,Al Hilal SC (KSA),KSA,DF,45,2,7.5,6.7
france::kante_ngolo,France,KANTE Ngolo,2026-06-11T03:59:59+00:00,BACKFILLED_PRE_TOURNAMENT_FACT,NA,NA,NA,NA,NA,NA,NA,data/database/players_database.csv,35,Fenerbahçe SK (TUR),TUR,MF,69,2,7.5,6.3
france::konate_ibrahima,France,KONATE Ibrahima,2026-06-11T03:59:59+00:00,BACKFILLED_PRE_TOURNAMENT_FACT,NA,NA,NA,NA,NA,NA,NA,data/database/players_database.csv,27,Liverpool FC (ENG),ENG,DF,28,0,9.0,5.0
france::kone_manu,France,KONE Manu,2026-06-11T03:59:59+00:00,BACKFILLED_PRE_TOURNAMENT_FACT,NA,NA,NA,NA,NA,NA,NA,data/database/players_database.csv,25,AS Roma (ITA),ITA,MF,15,0,9.0,4.4
france::kounde_jules,France,KOUNDE Jules,2026-06-11T03:59:59+00:00,BACKFILLED_PRE_TOURNAMENT_FACT,NA,NA,NA,NA,NA,NA,NA,data/database/players_database.csv,27,FC Barcelona (ESP),ESP,DF,50,0,9.0,5.9
france::lacroix_maxence,France,LACROIX Maxence,2026-06-11T03:59:59+00:00,BACKFILLED_PRE_TOURNAMENT_FACT,NA,NA,NA,NA,NA,NA,NA,data/database/players_database.csv,26,Crystal Palace FC (ENG),ENG,DF,4,0,9.0,3.9
france::maignan_mike,France,MAIGNAN Mike,2026-06-11T03:59:59+00:00,BACKFILLED_PRE_TOURNAMENT_FACT,NA,NA,NA,NA,NA,NA,NA,data/database/players_database.csv,30,AC Milan (ITA),ITA,GK,42,0,9.0,7.5
france::mateta_jean-philippe,France,MATETA Jean-Philippe,2026-06-11T03:59:59+00:00,BACKFILLED_PRE_TOURNAMENT_FACT,NA,NA,NA,NA,NA,NA,NA,data/database/players_database.csv,28,Crystal Palace FC (ENG),ENG,FW,4,2,9.0,6.4
france::mbappe_kylian,France,MBAPPE Kylian,2026-06-11T03:59:59+00:00,BACKFILLED_PRE_TOURNAMENT_FACT,NA,NA,NA,NA,NA,NA,NA,data/database/players_database.csv,27,Real Madrid C. F. (ESP),ESP,FW,100,60,9.0,9.8
france::olise_michael,France,OLISE Michael,2026-06-11T03:59:59+00:00,BACKFILLED_PRE_TOURNAMENT_FACT,NA,NA,NA,NA,NA,NA,NA,data/database/players_database.csv,24,FC Bayern München (GER),GER,FW,19,7,9.0,7.1
france::rabiot_adrien,France,RABIOT Adrien,2026-06-11T03:59:59+00:00,BACKFILLED_PRE_TOURNAMENT_FACT,NA,NA,NA,NA,NA,NA,NA,data/database/players_database.csv,31,AC Milan (ITA),ITA,MF,61,7,9.0,8.0
france::risser_robin,France,RISSER Robin,2026-06-11T03:59:59+00:00,BACKFILLED_PRE_TOURNAMENT_FACT,NA,NA,NA,NA,NA,NA,NA,data/database/players_database.csv,21,RC Lens (FRA),FRA,GK,0,0,9.0,4.8
france::saliba_william,France,SALIBA William,2026-06-11T03:59:59+00:00,BACKFILLED_PRE_TOURNAMENT_FACT,NA,NA,NA,NA,NA,NA,NA,data/database/players_database.csv,25,Arsenal FC (ENG),ENG,DF,34,0,9.0,5.2
france::samba_brice,France,SAMBA Brice,2026-06-11T03:59:59+00:00,BACKFILLED_PRE_TOURNAMENT_FACT,NA,NA,NA,NA,NA,NA,NA,data/database/players_database.csv,32,Stade Rennais FC (FRA),FRA,GK,4,0,9.0,5.0
france::tchouameni_aurelien,France,TCHOUAMENI Aurelien,2026-06-11T03:59:59+00:00,BACKFILLED_PRE_TOURNAMENT_FACT,NA,NA,NA,NA,NA,NA,NA,data/database/players_database.csv,26,Real Madrid C. F. (ESP),ESP,MF,47,3,9.0,6.9
france::thuram_marcus,France,THURAM Marcus,2026-06-11T03:59:59+00:00,BACKFILLED_PRE_TOURNAMENT_FACT,NA,NA,NA,NA,NA,NA,NA,data/database/players_database.csv,28,FC Internazionale Milano (ITA),ITA,FW,35,3,9.0,5.9
france::upamecano_dayot,France,UPAMECANO Dayot,2026-06-11T03:59:59+00:00,BACKFILLED_PRE_TOURNAMENT_FACT,NA,NA,NA,NA,NA,NA,NA,data/database/players_database.csv,27,FC Bayern München (GER),GER,DF,40,2,9.0,7.1
france::zaire-emery_warren,France,ZAIRE-EMERY Warren,2026-06-11T03:59:59+00:00,BACKFILLED_PRE_TOURNAMENT_FACT,NA,NA,NA,NA,NA,NA,NA,data/database/players_database.csv,20,Paris Saint-Germain (FRA),FRA,MF,11,1,9.0,5.1
germany::amiri_nadiem,Germany,AMIRI Nadiem,2026-06-11T03:59:59+00:00,BACKFILLED_PRE_TOURNAMENT_FACT,NA,NA,NA,NA,NA,NA,NA,data/database/players_database.csv,29,1. FSV Mainz 05 (GER),GER,MF,12,1,9.0,5.7
germany::anton_waldemar,Germany,ANTON Waldemar,2026-06-11T03:59:59+00:00,BACKFILLED_PRE_TOURNAMENT_FACT,NA,NA,NA,NA,NA,NA,NA,data/database/players_database.csv,29,Borussia Dortmund (GER),GER,DF,14,0,9.0,4.4
germany::baumann_oliver,Germany,BAUMANN Oliver,2026-06-11T03:59:59+00:00,BACKFILLED_PRE_TOURNAMENT_FACT,NA,NA,NA,NA,NA,NA,NA,data/database/players_database.csv,36,TSG Hoffenheim (GER),GER,GK,13,0,9.0,5.1
germany::beier_maximilian,Germany,BEIER Maximilian,2026-06-11T03:59:59+00:00,BACKFILLED_PRE_TOURNAMENT_FACT,NA,NA,NA,NA,NA,NA,NA,data/database/players_database.csv,23,Borussia Dortmund (GER),GER,FW,10,0,9.0,3.9
germany::brown_nathaniel,Germany,BROWN Nathaniel,2026-06-11T03:59:59+00:00,BACKFILLED_PRE_TOURNAMENT_FACT,NA,NA,NA,NA,NA,NA,NA,data/database/players_database.csv,23,Eintracht Frankfurt (GER),GER,DF,7,1,9.0,6.3
germany::goretzka_leon,Germany,GORETZKA Leon,2026-06-11T03:59:59+00:00,BACKFILLED_PRE_TOURNAMENT_FACT,NA,NA,NA,NA,NA,NA,NA,data/database/players_database.csv,31,FC Bayern München (GER),GER,MF,72,15,9.0,9.1
germany::gross_pascal,Germany,GROSS Pascal,2026-06-11T03:59:59+00:00,BACKFILLED_PRE_TOURNAMENT_FACT,NA,NA,NA,NA,NA,NA,NA,data/database/players_database.csv,35,Brighton & Hove Albion FC (ENG),ENG,MF,19,1,9.0,4.9
germany::havertz_kai,Germany,HAVERTZ Kai,2026-06-11T03:59:59+00:00,BACKFILLED_PRE_TOURNAMENT_FACT,NA,NA,NA,NA,NA,NA,NA,data/database/players_database.csv,27,Arsenal FC (ENG),ENG,FW,61,24,9.0,8.9
germany::kimmich_joshua,Germany,KIMMICH Joshua,2026-06-11T03:59:59+00:00,BACKFILLED_PRE_TOURNAMENT_FACT,NA,NA,NA,NA,NA,NA,NA,data/database/players_database.csv,31,FC Bayern München (GER),GER,DF,113,10,9.0,9.4
germany::leweling_jamie,Germany,LEWELING Jamie,2026-06-11T03:59:59+00:00,BACKFILLED_PRE_TOURNAMENT_FACT,NA,NA,NA,NA,NA,NA,NA,data/database/players_database.csv,25,VfB Stuttgart (GER),GER,MF,6,1,9.0,6.5
germany::musiala_jamal,Germany,MUSIALA Jamal,2026-06-11T03:59:59+00:00,BACKFILLED_PRE_TOURNAMENT_FACT,NA,NA,NA,NA,NA,NA,NA,data/database/players_database.csv,23,FC Bayern München (GER),GER,MF,45,10,9.0,7.9
germany::neuer_manuel,Germany,NEUER Manuel,2026-06-11T03:59:59+00:00,BACKFILLED_PRE_TOURNAMENT_FACT,NA,NA,NA,NA,NA,NA,NA,data/database/players_database.csv,40,FC Bayern München (GER),GER,GK,127,0,9.0,8.5
germany::nmecha_felix,Germany,NMECHA Felix,2026-06-11T03:59:59+00:00,BACKFILLED_PRE_TOURNAMENT_FACT,NA,NA,NA,NA,NA,NA,NA,data/database/players_database.csv,25,Borussia Dortmund (GER),GER,MF,11,2,9.0,6.7
germany::nuebel_alexander,Germany,NUEBEL Alexander,2026-06-11T03:59:59+00:00,BACKFILLED_PRE_TOURNAMENT_FACT,NA,NA,NA,NA,NA,NA,NA,data/database/players_database.csv,29,VfB Stuttgart (GER),GER,GK,3,0,9.0,5.3
germany::ouedraogo_assan,Germany,OUEDRAOGO Assan,2026-06-11T03:59:59+00:00,BACKFILLED_PRE_TOURNAMENT_FACT,NA,NA,NA,NA,NA,NA,NA,data/database/players_database.csv,20,RB Leipzig (GER),GER,MF,1,1,9.0,5.7
germany::pavlovic_aleksandar,Germany,PAVLOVIC Aleksandar,2026-06-11T03:59:59+00:00,BACKFILLED_PRE_TOURNAMENT_FACT,NA,NA,NA,NA,NA,NA,NA,data/database/players_database.csv,22,FC Bayern München (GER),GER,MF,14,1,9.0,5.3
germany::raum_david,Germany,RAUM David,2026-06-11T03:59:59+00:00,BACKFILLED_PRE_TOURNAMENT_FACT,NA,NA,NA,NA,NA,NA,NA,data/database/players_database.csv,28,RB Leipzig (GER),GER,DF,39,1,9.0,6.3
germany::ruediger_antonio,Germany,RUEDIGER Antonio,2026-06-11T03:59:59+00:00,BACKFILLED_PRE_TOURNAMENT_FACT,NA,NA,NA,NA,NA,NA,NA,data/database/players_database.csv,33,Real Madrid C. F. (ESP),ESP,DF,85,3,9.0,8.1
germany::sane_leroy,Germany,SANE Leroy,2026-06-11T03:59:59+00:00,BACKFILLED_PRE_TOURNAMENT_FACT,NA,NA,NA,NA,NA,NA,NA,data/database/players_database.csv,30,Galatasaray SK (TUR),TUR,MF,79,18,7.5,9.3
germany::schlotterbeck_nico,Germany,SCHLOTTERBECK Nico,2026-06-11T03:59:59+00:00,BACKFILLED_PRE_TOURNAMENT_FACT,NA,NA,NA,NA,NA,NA,NA,data/database/players_database.csv,26,Borussia Dortmund (GER),GER,DF,29,1,9.0,6.1
germany::stiller_angelo,Germany,STILLER Angelo,2026-06-11T03:59:59+00:00,BACKFILLED_PRE_TOURNAMENT_FACT,NA,NA,NA,NA,NA,NA,NA,data/database/players_database.csv,25,VfB Stuttgart (GER),GER,MF,9,0,9.0,4.1
germany::tah_jonathan,Germany,TAH Jonathan,2026-06-11T03:59:59+00:00,BACKFILLED_PRE_TOURNAMENT_FACT,NA,NA,NA,NA,NA,NA,NA,data/database/players_database.csv,30,FC Bayern München (GER),GER,DF,50,1,9.0,6.6
germany::thiaw_malick,Germany,THIAW Malick,2026-06-11T03:59:59+00:00,BACKFILLED_PRE_TOURNAMENT_FACT,NA,NA,NA,NA,NA,NA,NA,data/database/players_database.csv,24,Newcastle United FC (ENG),ENG,DF,6,0,9.0,4.0
germany::undav_deniz,Germany,UNDAV Deniz,2026-06-11T03:59:59+00:00,BACKFILLED_PRE_TOURNAMENT_FACT,NA,NA,NA,NA,NA,NA,NA,data/database/players_database.csv,29,VfB Stuttgart (GER),GER,FW,12,9,9.0,6.8
germany::wirtz_florian,Germany,WIRTZ Florian,2026-06-11T03:59:59+00:00,BACKFILLED_PRE_TOURNAMENT_FACT,NA,NA,NA,NA,NA,NA,NA,data/database/players_database.csv,23,Liverpool FC (ENG),ENG,MF,44,11,9.0,7.9
germany::woltemade_nick,Germany,WOLTEMADE Nick,2026-06-11T03:59:59+00:00,BACKFILLED_PRE_TOURNAMENT_FACT,NA,NA,NA,NA,NA,NA,NA,data/database/players_database.csv,24,Newcastle United FC (ENG),ENG,FW,11,4,9.0,6.7
ghana::adjetey_jonas,Ghana,ADJETEY Jonas,2026-06-11T03:59:59+00:00,BACKFILLED_PRE_TOURNAMENT_FACT,NA,NA,NA,NA,NA,NA,NA,data/database/players_database.csv,22,VfL Wolfsburg (GER),GER,DF,12,0,9.0,4.0
ghana::adu_prince,Ghana,ADU Prince,2026-06-11T03:59:59+00:00,BACKFILLED_PRE_TOURNAMENT_FACT,NA,NA,NA,NA,NA,NA,NA,data/database/players_database.csv,22,FC Viktoria Plzeň (CZE),CZE,FW,7,0,6.5,3.1
ghana::anang_joseph,Ghana,ANANG Joseph,2026-06-11T03:59:59+00:00,BACKFILLED_PRE_TOURNAMENT_FACT,NA,NA,NA,NA,NA,NA,NA,data/database/players_database.csv,26,St Patrick's Athletic FC (IRL),IRL,GK,1,0,5.5,4.0
ghana::asare_benjamin,Ghana,ASARE Benjamin,2026-06-11T03:59:59+00:00,BACKFILLED_PRE_TOURNAMENT_FACT,NA,NA,NA,NA,NA,NA,NA,data/database/players_database.csv,33,Hearts Of Oak SC (GHA),GHA,GK,15,0,5.5,4.4
ghana::ayew_jordan,Ghana,AYEW Jordan,2026-06-11T03:59:59+00:00,BACKFILLED_PRE_TOURNAMENT_FACT,NA,NA,NA,NA,NA,NA,NA,data/database/players_database.csv,34,Leicester City FC (ENG),ENG,FW,122,34,9.0,8.6
ghana::boakye_augustine,Ghana,BOAKYE Augustine,2026-06-11T03:59:59+00:00,BACKFILLED_PRE_TOURNAMENT_FACT,NA,NA,NA,NA,NA,NA,NA,data/database/players_database.csv,25,AS Saint-Etienne (FRA),FRA,MF,0,0,9.0,3.8
ghana::bonsu_baah_christopher,Ghana,BONSU BAAH Christopher,2026-06-11T03:59:59+00:00,BACKFILLED_PRE_TOURNAMENT_FACT,NA,NA,NA,NA,NA,NA,NA,data/database/players_database.csv,21,Al Qadsiah FC (KSA),KSA,FW,9,0,7.5,3.5
ghana::fatawu_abdul,Ghana,FATAWU Abdul,2026-06-11T03:59:59+00:00,BACKFILLED_PRE_TOURNAMENT_FACT,NA,NA,NA,NA,NA,NA,NA,data/database/players_database.csv,22,Leicester City FC (ENG),ENG,FW,30,3,9.0,5.5
ghana::luckassen_derrick,Ghana,LUCKASSEN Derrick,2026-06-11T03:59:59+00:00,BACKFILLED_PRE_TOURNAMENT_FACT,NA,NA,NA,NA,NA,NA,NA,data/database/players_database.csv,30,Pafos FC (CYP),CYP,DF,1,0,5.5,2.9
ghana::mensah_gideon,Ghana,MENSAH Gideon,2026-06-11T03:59:59+00:00,BACKFILLED_PRE_TOURNAMENT_FACT,NA,NA,NA,NA,NA,NA,NA,data/database/players_database.csv,27,AJ Auxerre (FRA),FRA,DF,42,0,9.0,5.6
ghana::mumin_abdul,Ghana,MUMIN Abdul,2026-06-11T03:59:59+00:00,BACKFILLED_PRE_TOURNAMENT_FACT,NA,NA,NA,NA,NA,NA,NA,data/database/players_database.csv,28,Rayo Vallecano (ESP),ESP,DF,5,0,9.0,4.0
ghana::nuamah_ernest,Ghana,NUAMAH Ernest,2026-06-11T03:59:59+00:00,BACKFILLED_PRE_TOURNAMENT_FACT,NA,NA,NA,NA,NA,NA,NA,data/database/players_database.csv,22,Olympique Lyonnais (FRA),FRA,FW,20,4,9.0,5.8
ghana::opoku_jerome,Ghana,OPOKU Jerome,2026-06-11T03:59:59+00:00,BACKFILLED_PRE_TOURNAMENT_FACT,NA,NA,NA,NA,NA,NA,NA,data/database/players_database.csv,27,Başakşehir FK (TUR),TUR,DF,13,1,7.5,6.3
ghana::oppong_kojo_peprah,Ghana,OPPONG Kojo Peprah,2026-06-11T03:59:59+00:00,BACKFILLED_PRE_TOURNAMENT_FACT,NA,NA,NA,NA,NA,NA,NA,data/database/players_database.csv,22,OGC Nice (FRA),FRA,DF,5,0,9.0,3.7
ghana::owusu_elisha,Ghana,OWUSU Elisha,2026-06-11T03:59:59+00:00,BACKFILLED_PRE_TOURNAMENT_FACT,NA,NA,NA,NA,NA,NA,NA,data/database/players_database.csv,28,AJ Auxerre (FRA),FRA,MF,21,0,9.0,4.7
ghana::partey_thomas,Ghana,PARTEY Thomas,2026-06-11T03:59:59+00:00,BACKFILLED_PRE_TOURNAMENT_FACT,NA,NA,NA,NA,NA,NA,NA,data/database/players_database.csv,33,Villarreal CF (ESP),ESP,MF,60,16,9.0,8.6
ghana::rahman_baba,Ghana,RAHMAN Baba,2026-06-11T03:59:59+00:00,BACKFILLED_PRE_TOURNAMENT_FACT,NA,NA,NA,NA,NA,NA,NA,data/database/players_database.csv,31,PAOK Saloniki (GRE),GRE,DF,54,1,6.5,5.8
ghana::seidu_alidu,Ghana,SEIDU Alidu,2026-06-11T03:59:59+00:00,BACKFILLED_PRE_TOURNAMENT_FACT,NA,NA,NA,NA,NA,NA,NA,data/database/players_database.csv,26,Stade Rennais FC (FRA),FRA,DF,24,1,9.0,6.1
ghana::semenyo_antoine,Ghana,SEMENYO Antoine,2026-06-11T03:59:59+00:00,BACKFILLED_PRE_TOURNAMENT_FACT,NA,NA,NA,NA,NA,NA,NA,data/database/players_database.csv,26,Manchester City FC (ENG),ENG,MF,36,3,9.0,6.7
ghana::senaya_marvin,Ghana,SENAYA Marvin,2026-06-11T03:59:59+00:00,BACKFILLED_PRE_TOURNAMENT_FACT,NA,NA,NA,NA,NA,NA,NA,data/database/players_database.csv,25,AJ Auxerre (FRA),FRA,DF,4,0,9.0,3.9
ghana::sibo_kwasi,Ghana,SIBO Kwasi,2026-06-11T03:59:59+00:00,BACKFILLED_PRE_TOURNAMENT_FACT,NA,NA,NA,NA,NA,NA,NA,data/database/players_database.csv,28,Real Oviedo (ESP),ESP,MF,10,0,9.0,4.2
ghana::sulemana_kamaldeen,Ghana,SULEMANA Kamaldeen,2026-06-11T03:59:59+00:00,BACKFILLED_PRE_TOURNAMENT_FACT,NA,NA,NA,NA,NA,NA,NA,data/database/players_database.csv,24,Atalanta Bergamo (ITA),ITA,FW,29,1,9.0,5.3
ghana::thomas-asante_brandon,Ghana,THOMAS-ASANTE Brandon,2026-06-11T03:59:59+00:00,BACKFILLED_PRE_TOURNAMENT_FACT,NA,NA,NA,NA,NA,NA,NA,data/database/players_database.csv,27,Coventry City FC (ENG),ENG,FW,9,1,9.0,4.9
ghana::williams_inaki,Ghana,WILLIAMS Inaki,2026-06-11T03:59:59+00:00,BACKFILLED_PRE_TOURNAMENT_FACT,NA,NA,NA,NA,NA,NA,NA,data/database/players_database.csv,32,Athletic Club (ESP),ESP,FW,27,2,9.0,5.2
ghana::yirenkyi_caleb,Ghana,YIRENKYI Caleb,2026-06-11T03:59:59+00:00,BACKFILLED_PRE_TOURNAMENT_FACT,NA,NA,NA,NA,NA,NA,NA,data/database/players_database.csv,20,FC Nordsjælland (DEN),DEN,MF,13,2,7.5,5.8
ghana::zigi_lawrence_ati,Ghana,ZIGI Lawrence Ati,2026-06-11T03:59:59+00:00,BACKFILLED_PRE_TOURNAMENT_FACT,NA,NA,NA,NA,NA,NA,NA,data/database/players_database.csv,29,FC St. Gallen (SUI),SUI,GK,31,0,7.5,6.4
haiti::ade_ricardo,Haiti,ADE Ricardo,2026-06-11T03:59:59+00:00,BACKFILLED_PRE_TOURNAMENT_FACT,NA,NA,NA,NA,NA,NA,NA,data/database/players_database.csv,36,LDU Quito (ECU),ECU,DF,64,2,5.5,6.1
haiti::arcus_carlens,Haiti,ARCUS Carlens,2026-06-11T03:59:59+00:00,BACKFILLED_PRE_TOURNAMENT_FACT,NA,NA,NA,NA,NA,NA,NA,data/database/players_database.csv,29,Angers SCO (FRA),FRA,DF,59,1,9.0,6.9
haiti::bellegarde_jean-ricner,Haiti,BELLEGARDE Jean-Ricner,2026-06-11T03:59:59+00:00,BACKFILLED_PRE_TOURNAMENT_FACT,NA,NA,NA,NA,NA,NA,NA,data/database/players_database.csv,27,Wolverhampton Wanderers FC (ENG),ENG,MF,13,0,9.0,4.3
haiti::casimir_josue,Haiti,CASIMIR Josue,2026-06-11T03:59:59+00:00,BACKFILLED_PRE_TOURNAMENT_FACT,NA,NA,NA,NA,NA,NA,NA,data/database/players_database.csv,24,AJ Auxerre (FRA),FRA,FW,10,0,9.0,4.2
haiti::deedson_louicius,Haiti,DEEDSON Louicius,2026-06-11T03:59:59+00:00,BACKFILLED_PRE_TOURNAMENT_FACT,NA,NA,NA,NA,NA,NA,NA,data/database/players_database.csv,25,FC Dallas (USA),USA,FW,35,10,7.5,6.9
haiti::delcroix_hannes,Haiti,DELCROIX Hannes,2026-06-11T03:59:59+00:00,BACKFILLED_PRE_TOURNAMENT_FACT,NA,NA,NA,NA,NA,NA,NA,data/database/players_database.csv,27,FC Lugano (SUI),SUI,DF,10,0,7.5,3.8
haiti::duverger_josue,Haiti,DUVERGER Josue,2026-06-11T03:59:59+00:00,BACKFILLED_PRE_TOURNAMENT_FACT,NA,NA,NA,NA,NA,NA,NA,data/database/players_database.csv,26,FC Cosmos Koblenz (GER),GER,GK,7,0,9.0,5.5
haiti::duverne_jean-kevin,Haiti,DUVERNE Jean-Kevin,2026-06-11T03:59:59+00:00,BACKFILLED_PRE_TOURNAMENT_FACT,NA,NA,NA,NA,NA,NA,NA,data/database/players_database.csv,28,KAA Gent (BEL),BEL,DF,19,1,7.5,5.9
haiti::etienne_derrick,Haiti,ETIENNE Derrick,2026-06-11T03:59:59+00:00,BACKFILLED_PRE_TOURNAMENT_FACT,NA,NA,NA,NA,NA,NA,NA,data/database/players_database.csv,29,Toronto FC (CAN),CAN,FW,51,8,5.5,6.2
haiti::experience_martin,Haiti,EXPERIENCE Martin,2026-06-11T03:59:59+00:00,BACKFILLED_PRE_TOURNAMENT_FACT,NA,NA,NA,NA,NA,NA,NA,data/database/players_database.csv,27,AS Nancy (FRA),FRA,DF,24,0,9.0,4.8
haiti::fortune_yassin,Haiti,FORTUNE Yassin,2026-06-11T03:59:59+00:00,BACKFILLED_PRE_TOURNAMENT_FACT,NA,NA,NA,NA,NA,NA,NA,data/database/players_database.csv,27,FC Vizela (POR),POR,FW,5,0,7.5,3.6
haiti::isidor_wilson,Haiti,ISIDOR Wilson,2026-06-11T03:59:59+00:00,BACKFILLED_PRE_TOURNAMENT_FACT,NA,NA,NA,NA,NA,NA,NA,data/database/players_database.csv,25,Sunderland AFC (ENG),ENG,FW,7,3,9.0,6.6
haiti::jean_jacques_danley,Haiti,JEAN JACQUES Danley,2026-06-11T03:59:59+00:00,BACKFILLED_PRE_TOURNAMENT_FACT,NA,NA,NA,NA,NA,NA,NA,data/database/players_database.csv,26,Philadelphia Union (USA),USA,MF,34,6,7.5,7.4
haiti::joseph_lenny,Haiti,JOSEPH Lenny,2026-06-11T03:59:59+00:00,BACKFILLED_PRE_TOURNAMENT_FACT,NA,NA,NA,NA,NA,NA,NA,data/database/players_database.csv,25,Ferencvárosi TC (HUN),HUN,FW,5,1,6.5,4.8
haiti::lacroix_markhus,Haiti,LACROIX Markhus,2026-06-11T03:59:59+00:00,BACKFILLED_PRE_TOURNAMENT_FACT,NA,NA,NA,NA,NA,NA,NA,data/database/players_database.csv,32,Colorado Springs Switchbacks FC (USA),USA,DF,16,3,7.5,6.3
haiti::metusala_garven,Haiti,METUSALA Garven,2026-06-11T03:59:59+00:00,BACKFILLED_PRE_TOURNAMENT_FACT,NA,NA,NA,NA,NA,NA,NA,data/database/players_database.csv,26,Colorado Springs Switchbacks FC (USA),USA,DF,15,0,7.5,4.0
haiti::nazon_duckens,Haiti,NAZON Duckens,2026-06-11T03:59:59+00:00,BACKFILLED_PRE_TOURNAMENT_FACT,NA,NA,NA,NA,NA,NA,NA,data/database/players_database.csv,32,Esteghlal Tehran FC (IRN),IRN,FW,84,44,5.5,8.6
haiti::paugain_wilguens,Haiti,PAUGAIN Wilguens,2026-06-11T03:59:59+00:00,BACKFILLED_PRE_TOURNAMENT_FACT,NA,NA,NA,NA,NA,NA,NA,data/database/players_database.csv,24,SV Zulte Waregem (BEL),BEL,DF,8,0,7.5,3.7
haiti::pierre_alexandre,Haiti,PIERRE Alexandre,2026-06-11T03:59:59+00:00,BACKFILLED_PRE_TOURNAMENT_FACT,NA,NA,NA,NA,NA,NA,NA,data/database/players_database.csv,25,FC Sochaux-Montbéliard (FRA),FRA,GK,17,0,9.0,6.1
haiti::pierre_woodensky,Haiti,PIERRE Woodensky,2026-06-11T03:59:59+00:00,BACKFILLED_PRE_TOURNAMENT_FACT,NA,NA,NA,NA,NA,NA,NA,data/database/players_database.csv,21,Violette AC (HAI),HAI,MF,1,0,5.5,2.6
haiti::pierrot_frantzdy,Haiti,PIERROT Frantzdy,2026-06-11T03:59:59+00:00,BACKFILLED_PRE_TOURNAMENT_FACT,NA,NA,NA,NA,NA,NA,NA,data/database/players_database.csv,31,Çaykur Rizespor (TUR),TUR,FW,56,34,7.5,8.0
haiti::placide_johny,Haiti,PLACIDE Johny,2026-06-11T03:59:59+00:00,BACKFILLED_PRE_TOURNAMENT_FACT,NA,NA,NA,NA,NA,NA,NA,data/database/players_database.csv,38,SC Bastia (FRA),FRA,GK,86,0,9.0,8.5
haiti::providence_ruben,Haiti,PROVIDENCE Ruben,2026-06-11T03:59:59+00:00,BACKFILLED_PRE_TOURNAMENT_FACT,NA,NA,NA,NA,NA,NA,NA,data/database/players_database.csv,24,Almere City FC (NED),NED,FW,18,3,7.5,5.4
haiti::sainte_carl,Haiti,SAINTE Carl,2026-06-11T03:59:59+00:00,BACKFILLED_PRE_TOURNAMENT_FACT,NA,NA,NA,NA,NA,NA,NA,data/database/players_database.csv,23,El Paso Locomotive FC (USA),USA,MF,26,0,7.5,4.2
haiti::simon_dominique,Haiti,SIMON Dominique,2026-06-11T03:59:59+00:00,BACKFILLED_PRE_TOURNAMENT_FACT,NA,NA,NA,NA,NA,NA,NA,data/database/players_database.csv,25,FC Tatran Prešov (SVK),SVK,MF,4,0,6.5,3.3
haiti::thermoncy_keeto,Haiti,THERMONCY Keeto,2026-06-11T03:59:59+00:00,BACKFILLED_PRE_TOURNAMENT_FACT,NA,NA,NA,NA,NA,NA,NA,data/database/players_database.csv,20,BSC Young Boys (SUI),SUI,DF,1,0,7.5,2.8
ir_iran::alipour_ali,IR Iran,ALIPOUR Ali,2026-06-11T03:59:59+00:00,BACKFILLED_PRE_TOURNAMENT_FACT,NA,NA,NA,NA,NA,NA,NA,data/database/players_database.csv,30,Persepolis FC (IRN),IRN,FW,15,1,5.5,4.0
ir_iran::beiranvand_alireza,IR Iran,BEIRANVAND Alireza,2026-06-11T03:59:59+00:00,BACKFILLED_PRE_TOURNAMENT_FACT,NA,NA,NA,NA,NA,NA,NA,data/database/players_database.csv,33,Tractor Sazi Tabriz FC (IRN),IRN,GK,89,0,5.5,8.0
ir_iran::cheshmi_roozbeh,IR Iran,CHESHMI Roozbeh,2026-06-11T03:59:59+00:00,BACKFILLED_PRE_TOURNAMENT_FACT,NA,NA,NA,NA,NA,NA,NA,data/database/players_database.csv,32,Esteghlal Tehran FC (IRN),IRN,MF,41,3,5.5,5.6
ir_iran::dargahi_dennis,IR Iran,DARGAHI Dennis,2026-06-11T03:59:59+00:00,BACKFILLED_PRE_TOURNAMENT_FACT,NA,NA,NA,NA,NA,NA,NA,data/database/players_database.csv,29,Standard Liège (BEL),BEL,FW,0,0,7.5,3.4
ir_iran::ezatolahi_saeid,IR Iran,EZATOLAHI Saeid,2026-06-11T03:59:59+00:00,BACKFILLED_PRE_TOURNAMENT_FACT,NA,NA,NA,NA,NA,NA,NA,data/database/players_database.csv,29,Shabab Al Ahli Club (UAE),UAE,MF,86,2,6.5,7.0
ir_iran::ghayedi_mehdi,IR Iran,GHAYEDI Mehdi,2026-06-11T03:59:59+00:00,BACKFILLED_PRE_TOURNAMENT_FACT,NA,NA,NA,NA,NA,NA,NA,data/database/players_database.csv,27,Al Nasr SC (UAE),UAE,FW,31,10,6.5,6.8
ir_iran::ghoddos_saman,IR Iran,GHODDOS Saman,2026-06-11T03:59:59+00:00,BACKFILLED_PRE_TOURNAMENT_FACT,NA,NA,NA,NA,NA,NA,NA,data/database/players_database.csv,32,Al Ittihad Kalba SCC (UAE),UAE,MF,70,3,6.5,6.6
ir_iran::ghorbani_mohammad,IR Iran,GHORBANI Mohammad,2026-06-11T03:59:59+00:00,BACKFILLED_PRE_TOURNAMENT_FACT,NA,NA,NA,NA,NA,NA,NA,data/database/players_database.csv,24,Al Wahda SC (UAE),UAE,MF,16,0,6.5,3.8
ir_iran::hajisafi_ehsan,IR Iran,HAJISAFI Ehsan,2026-06-11T03:59:59+00:00,BACKFILLED_PRE_TOURNAMENT_FACT,NA,NA,NA,NA,NA,NA,NA,data/database/players_database.csv,36,Sepahan SC (IRN),IRN,DF,148,7,5.5,7.3
ir_iran::hardani_saleh,IR Iran,HARDANI Saleh,2026-06-11T03:59:59+00:00,BACKFILLED_PRE_TOURNAMENT_FACT,NA,NA,NA,NA,NA,NA,NA,data/database/players_database.csv,27,Esteghlal Tehran FC (IRN),IRN,DF,19,1,5.5,5.4
ir_iran::hosseini_hossein,IR Iran,HOSSEINI Hossein,2026-06-11T03:59:59+00:00,BACKFILLED_PRE_TOURNAMENT_FACT,NA,NA,NA,NA,NA,NA,NA,data/database/players_database.csv,33,Sepahan SC (IRN),IRN,GK,14,0,5.5,4.3
ir_iran::hosseinzadeh_amirhossein,IR Iran,HOSSEINZADEH Amirhossein,2026-06-11T03:59:59+00:00,BACKFILLED_PRE_TOURNAMENT_FACT,NA,NA,NA,NA,NA,NA,NA,data/database/players_database.csv,25,Tractor Sazi Tabriz FC (IRN),IRN,FW,20,5,5.5,5.5
ir_iran::iri_danial,IR Iran,IRI Danial,2026-06-11T03:59:59+00:00,BACKFILLED_PRE_TOURNAMENT_FACT,NA,NA,NA,NA,NA,NA,NA,data/database/players_database.csv,22,Malavan Anzali FC (IRN),IRN,DF,0,0,5.5,2.6
ir_iran::jahanbakhsh_alireza,IR Iran,JAHANBAKHSH Alireza,2026-06-11T03:59:59+00:00,BACKFILLED_PRE_TOURNAMENT_FACT,NA,NA,NA,NA,NA,NA,NA,data/database/players_database.csv,32,FCV Dender EH (BEL),BEL,MF,100,17,7.5,9.1
ir_iran::kanani_hossein,IR Iran,KANANI Hossein,2026-06-11T03:59:59+00:00,BACKFILLED_PRE_TOURNAMENT_FACT,NA,NA,NA,NA,NA,NA,NA,data/database/players_database.csv,32,Persepolis FC (IRN),IRN,DF,66,6,5.5,8.0
ir_iran::khalilzadeh_shoja,IR Iran,KHALILZADEH Shoja,2026-06-11T03:59:59+00:00,BACKFILLED_PRE_TOURNAMENT_FACT,NA,NA,NA,NA,NA,NA,NA,data/database/players_database.csv,37,Tractor Sazi Tabriz FC (IRN),IRN,DF,60,2,5.5,5.6
ir_iran::moghanloo_shahriyar,IR Iran,MOGHANLOO Shahriyar,2026-06-11T03:59:59+00:00,BACKFILLED_PRE_TOURNAMENT_FACT,NA,NA,NA,NA,NA,NA,NA,data/database/players_database.csv,31,Al Ittihad Kalba SCC (UAE),UAE,FW,23,2,6.5,4.5
ir_iran::mohammadi_milad,IR Iran,MOHAMMADI Milad,2026-06-11T03:59:59+00:00,BACKFILLED_PRE_TOURNAMENT_FACT,NA,NA,NA,NA,NA,NA,NA,data/database/players_database.csv,32,Persepolis FC (IRN),IRN,DF,79,1,5.5,6.4
ir_iran::mohebbi_mohammad,IR Iran,MOHEBBI Mohammad,2026-06-11T03:59:59+00:00,BACKFILLED_PRE_TOURNAMENT_FACT,NA,NA,NA,NA,NA,NA,NA,data/database/players_database.csv,27,FC Rostov (RUS),RUS,MF,39,14,5.5,7.1
ir_iran::nemati_ali,IR Iran,NEMATI Ali,2026-06-11T03:59:59+00:00,BACKFILLED_PRE_TOURNAMENT_FACT,NA,NA,NA,NA,NA,NA,NA,data/database/players_database.csv,30,Foolad Khuzestan FC (IRN),IRN,DF,20,0,5.5,3.8
ir_iran::niazmand_payam,IR Iran,NIAZMAND Payam,2026-06-11T03:59:59+00:00,BACKFILLED_PRE_TOURNAMENT_FACT,NA,NA,NA,NA,NA,NA,NA,data/database/players_database.csv,31,Persepolis FC (IRN),IRN,GK,15,0,5.5,4.4
ir_iran::razaghinia_amirmohammad,IR Iran,RAZAGHINIA Amirmohammad,2026-06-11T03:59:59+00:00,BACKFILLED_PRE_TOURNAMENT_FACT,NA,NA,NA,NA,NA,NA,NA,data/database/players_database.csv,20,Esteghlal Tehran FC (IRN),IRN,MF,4,0,5.5,2.5
ir_iran::rezaeian_ramin,IR Iran,REZAEIAN Ramin,2026-06-11T03:59:59+00:00,BACKFILLED_PRE_TOURNAMENT_FACT,NA,NA,NA,NA,NA,NA,NA,data/database/players_database.csv,36,Foolad Khuzestan FC (IRN),IRN,DF,76,9,5.5,8.1
ir_iran::taremi_mehdi,IR Iran,TAREMI Mehdi,2026-06-11T03:59:59+00:00,BACKFILLED_PRE_TOURNAMENT_FACT,NA,NA,NA,NA,NA,NA,NA,data/database/players_database.csv,33,Olympiacos FC (GRE),GRE,FW,108,59,6.5,8.8
ir_iran::torabi_mehdi,IR Iran,TORABI Mehdi,2026-06-11T03:59:59+00:00,BACKFILLED_PRE_TOURNAMENT_FACT,NA,NA,NA,NA,NA,NA,NA,data/database/players_database.csv,31,Tractor Sazi Tabriz FC (IRN),IRN,MF,53,7,5.5,7.1
ir_iran::yousefi_arya,IR Iran,YOUSEFI Arya,2026-06-11T03:59:59+00:00,BACKFILLED_PRE_TOURNAMENT_FACT,NA,NA,NA,NA,NA,NA,NA,data/database/players_database.csv,24,Sepahan SC (IRN),IRN,DF,15,1,5.5,5.6
iraq::ahmed_basil,Iraq,AHMED BASIL,2026-06-11T03:59:59+00:00,BACKFILLED_PRE_TOURNAMENT_FACT,NA,NA,NA,NA,NA,NA,NA,data/database/players_database.csv,29,Al Shorta SC (IRQ),IRQ,GK,17,0,5.5,4.9
iraq::ahmed_maknazi,Iraq,AHMED MAKNAZI,2026-06-11T03:59:59+00:00,BACKFILLED_PRE_TOURNAMENT_FACT,NA,NA,NA,NA,NA,NA,NA,data/database/players_database.csv,24,Al Karma SC (IRQ),IRQ,DF,7,0,5.5,3.2
iraq::ahmed_qasem,Iraq,AHMED QASEM,2026-06-11T03:59:59+00:00,BACKFILLED_PRE_TOURNAMENT_FACT,NA,NA,NA,NA,NA,NA,NA,data/database/players_database.csv,22,Nashville SC (USA),USA,FW,5,0,7.5,3.3
iraq::aimar_sher,Iraq,AIMAR SHER,2026-06-11T03:59:59+00:00,BACKFILLED_PRE_TOURNAMENT_FACT,NA,NA,NA,NA,NA,NA,NA,data/database/players_database.csv,23,Sarpsborg 08 FF (NOR),NOR,MF,8,0,6.5,3.2
iraq::akam_hashim,Iraq,AKAM HASHIM,2026-06-11T03:59:59+00:00,BACKFILLED_PRE_TOURNAMENT_FACT,NA,NA,NA,NA,NA,NA,NA,data/database/players_database.csv,27,Al Zawra'a SC (IRQ),IRQ,DF,16,1,5.5,5.5
iraq::ali_alhamadi,Iraq,ALI ALHAMADI,2026-06-11T03:59:59+00:00,BACKFILLED_PRE_TOURNAMENT_FACT,NA,NA,NA,NA,NA,NA,NA,data/database/players_database.csv,24,Luton Town FC (ENG),ENG,FW,22,5,9.0,6.3
iraq::ali_jasim,Iraq,ALI JASIM,2026-06-11T03:59:59+00:00,BACKFILLED_PRE_TOURNAMENT_FACT,NA,NA,NA,NA,NA,NA,NA,data/database/players_database.csv,22,Al Najmah SC (KSA),KSA,FW,37,2,7.5,5.1
iraq::ali_yousif,Iraq,ALI YOUSIF,2026-06-11T03:59:59+00:00,BACKFILLED_PRE_TOURNAMENT_FACT,NA,NA,NA,NA,NA,NA,NA,data/database/players_database.csv,30,Al Talaba SC (IRQ),IRQ,FW,7,1,5.5,4.2
iraq::amir_alammari,Iraq,AMIR ALAMMARI,2026-06-11T03:59:59+00:00,BACKFILLED_PRE_TOURNAMENT_FACT,NA,NA,NA,NA,NA,NA,NA,data/database/players_database.csv,28,KS Cracovia (POL),POL,MF,53,3,6.5,6.4
iraq::aymen_hussein,Iraq,AYMEN HUSSEIN,2026-06-11T03:59:59+00:00,BACKFILLED_PRE_TOURNAMENT_FACT,NA,NA,NA,NA,NA,NA,NA,data/database/players_database.csv,30,Al Karma SC (IRQ),IRQ,FW,97,34,5.5,8.9
iraq::fahad_talib,Iraq,FAHAD TALIB,2026-06-11T03:59:59+00:00,BACKFILLED_PRE_TOURNAMENT_FACT,NA,NA,NA,NA,NA,NA,NA,data/database/players_database.csv,31,Al Talaba SC (IRQ),IRQ,GK,21,0,5.5,4.7
iraq::frans_putros,Iraq,FRANS PUTROS,2026-06-11T03:59:59+00:00,BACKFILLED_PRE_TOURNAMENT_FACT,NA,NA,NA,NA,NA,NA,NA,data/database/players_database.csv,32,Persib Bandung (IDN),IDN,DF,28,0,5.5,3.8
iraq::hussein_ali,Iraq,HUSSEIN ALI,2026-06-11T03:59:59+00:00,BACKFILLED_PRE_TOURNAMENT_FACT,NA,NA,NA,NA,NA,NA,NA,data/database/players_database.csv,24,Pogoń Szczecin (POL),POL,DF,29,1,6.5,5.5
iraq::ibrahim_bayesh,Iraq,IBRAHIM BAYESH,2026-06-11T03:59:59+00:00,BACKFILLED_PRE_TOURNAMENT_FACT,NA,NA,NA,NA,NA,NA,NA,data/database/players_database.csv,26,Al Dhafra SCC (UAE),UAE,MF,78,8,6.5,8.2
iraq::jalal_hassan,Iraq,JALAL HASSAN,2026-06-11T03:59:59+00:00,BACKFILLED_PRE_TOURNAMENT_FACT,NA,NA,NA,NA,NA,NA,NA,data/database/players_database.csv,35,Al Zawra'a SC (IRQ),IRQ,GK,105,0,5.5,7.6
iraq::kevin_yakob,Iraq,KEVIN YAKOB,2026-06-11T03:59:59+00:00,BACKFILLED_PRE_TOURNAMENT_FACT,NA,NA,NA,NA,NA,NA,NA,data/database/players_database.csv,25,Aarhus GF (DEN),DEN,MF,9,0,7.5,3.8
iraq::marko_farji,Iraq,MARKO FARJI,2026-06-11T03:59:59+00:00,BACKFILLED_PRE_TOURNAMENT_FACT,NA,NA,NA,NA,NA,NA,NA,data/database/players_database.csv,22,Venezia FC (ITA),ITA,FW,14,0,9.0,4.1
iraq::merchas_doski,Iraq,MERCHAS DOSKI,2026-06-11T03:59:59+00:00,BACKFILLED_PRE_TOURNAMENT_FACT,NA,NA,NA,NA,NA,NA,NA,data/database/players_database.csv,26,FC Viktoria Plzeň (CZE),CZE,DF,33,1,6.5,5.5
iraq::mohanad_ali,Iraq,MOHANAD ALI,2026-06-11T03:59:59+00:00,BACKFILLED_PRE_TOURNAMENT_FACT,NA,NA,NA,NA,NA,NA,NA,data/database/players_database.csv,26,Dibba FC (UAE),UAE,FW,73,26,6.5,8.8
iraq::munaf_younus,Iraq,MUNAF YOUNUS,2026-06-11T03:59:59+00:00,BACKFILLED_PRE_TOURNAMENT_FACT,NA,NA,NA,NA,NA,NA,NA,data/database/players_database.csv,29,Al Shorta SC (IRQ),IRQ,DF,34,1,5.5,5.3
iraq::mustafa_saadoon,Iraq,MUSTAFA SAADOON,2026-06-11T03:59:59+00:00,BACKFILLED_PRE_TOURNAMENT_FACT,NA,NA,NA,NA,NA,NA,NA,data/database/players_database.csv,25,Al Shorta SC (IRQ),IRQ,DF,18,0,5.5,3.7
iraq::rebin_sulaka,Iraq,REBIN SULAKA,2026-06-11T03:59:59+00:00,BACKFILLED_PRE_TOURNAMENT_FACT,NA,NA,NA,NA,NA,NA,NA,data/database/players_database.csv,34,Port FC (THA),THA,DF,57,1,5.5,5.3
iraq::youssef_amyn,Iraq,YOUSSEF AMYN,2026-06-11T03:59:59+00:00,BACKFILLED_PRE_TOURNAMENT_FACT,NA,NA,NA,NA,NA,NA,NA,data/database/players_database.csv,22,AEK Larnaca FC (CYP),CYP,MF,28,2,5.5,5.0
iraq::zaid_ismael,Iraq,ZAID ISMAEL,2026-06-11T03:59:59+00:00,BACKFILLED_PRE_TOURNAMENT_FACT,NA,NA,NA,NA,NA,NA,NA,data/database/players_database.csv,24,Al Talaba SC (IRQ),IRQ,MF,8,0,5.5,3.2
iraq::zaid_tahseen,Iraq,ZAID TAHSEEN,2026-06-11T03:59:59+00:00,BACKFILLED_PRE_TOURNAMENT_FACT,NA,NA,NA,NA,NA,NA,NA,data/database/players_database.csv,25,Pakhtakor Tashkent FK (UZB),UZB,DF,30,1,5.5,5.2
iraq::zidane_iqbal,Iraq,ZIDANE IQBAL,2026-06-11T03:59:59+00:00,BACKFILLED_PRE_TOURNAMENT_FACT,NA,NA,NA,NA,NA,NA,NA,data/database/players_database.csv,23,FC Utrecht (NED),NED,MF,27,2,7.5,5.5
japan::doan_ritsu,Japan,DOAN Ritsu,2026-06-11T03:59:59+00:00,BACKFILLED_PRE_TOURNAMENT_FACT,NA,NA,NA,NA,NA,NA,NA,data/database/players_database.csv,28,Eintracht Frankfurt (GER),GER,MF,69,11,9.0,9.3
japan::goto_keisuke,Japan,GOTO Keisuke,2026-06-11T03:59:59+00:00,BACKFILLED_PRE_TOURNAMENT_FACT,NA,NA,NA,NA,NA,NA,NA,data/database/players_database.csv,21,Sint-Truiden VV (BEL),BEL,FW,5,0,7.5,3.3
japan::hayakawa_tomoki,Japan,HAYAKAWA Tomoki,2026-06-11T03:59:59+00:00,BACKFILLED_PRE_TOURNAMENT_FACT,NA,NA,NA,NA,NA,NA,NA,data/database/players_database.csv,27,Kashima Antlers (JPN),JPN,GK,4,0,6.5,4.5
japan::itakura_kou,Japan,ITAKURA Kou,2026-06-11T03:59:59+00:00,BACKFILLED_PRE_TOURNAMENT_FACT,NA,NA,NA,NA,NA,NA,NA,data/database/players_database.csv,29,AFC Ajax (NED),NED,DF,43,3,7.5,7.4
japan::ito_hiroki,Japan,ITO Hiroki,2026-06-11T03:59:59+00:00,BACKFILLED_PRE_TOURNAMENT_FACT,NA,NA,NA,NA,NA,NA,NA,data/database/players_database.csv,27,FC Bayern München (GER),GER,DF,28,1,9.0,6.1
japan::ito_junya,Japan,ITO Junya,2026-06-11T03:59:59+00:00,BACKFILLED_PRE_TOURNAMENT_FACT,NA,NA,NA,NA,NA,NA,NA,data/database/players_database.csv,33,KRC Genk (BEL),BEL,MF,72,16,7.5,8.7
japan::kamada_daichi,Japan,KAMADA Daichi,2026-06-11T03:59:59+00:00,BACKFILLED_PRE_TOURNAMENT_FACT,NA,NA,NA,NA,NA,NA,NA,data/database/players_database.csv,29,Crystal Palace FC (ENG),ENG,MF,52,14,9.0,8.5
japan::kubo_takefusa,Japan,KUBO Takefusa,2026-06-11T03:59:59+00:00,BACKFILLED_PRE_TOURNAMENT_FACT,NA,NA,NA,NA,NA,NA,NA,data/database/players_database.csv,25,Real Sociedad (ESP),ESP,MF,50,7,9.0,8.3
japan::machino_shuto,Japan,MACHINO Shuto,2026-06-11T03:59:59+00:00,BACKFILLED_PRE_TOURNAMENT_FACT,NA,NA,NA,NA,NA,NA,NA,data/database/players_database.csv,26,Borussia Mönchengladbach (GER),GER,FW,14,5,9.0,6.9
japan::maeda_daizen,Japan,MAEDA Daizen,2026-06-11T03:59:59+00:00,BACKFILLED_PRE_TOURNAMENT_FACT,NA,NA,NA,NA,NA,NA,NA,data/database/players_database.csv,28,Celtic FC (SCO),SCO,MF,30,6,7.5,7.2
japan::nagatomo_yuto,Japan,NAGATOMO Yuto,2026-06-11T03:59:59+00:00,BACKFILLED_PRE_TOURNAMENT_FACT,NA,NA,NA,NA,NA,NA,NA,data/database/players_database.csv,39,FC Tokyo (JPN),JPN,DF,146,4,6.5,6.6
japan::nakamura_keito,Japan,NAKAMURA Keito,2026-06-11T03:59:59+00:00,BACKFILLED_PRE_TOURNAMENT_FACT,NA,NA,NA,NA,NA,NA,NA,data/database/players_database.csv,25,Stade Reims (FRA),FRA,MF,29,12,9.0,7.5
japan::ogawa_koki,Japan,OGAWA Koki,2026-06-11T03:59:59+00:00,BACKFILLED_PRE_TOURNAMENT_FACT,NA,NA,NA,NA,NA,NA,NA,data/database/players_database.csv,28,NEC Nijmegen (NED),NED,FW,17,11,7.5,6.6
japan::osako_keisuke,Japan,OSAKO Keisuke,2026-06-11T03:59:59+00:00,BACKFILLED_PRE_TOURNAMENT_FACT,NA,NA,NA,NA,NA,NA,NA,data/database/players_database.csv,26,Sanfrecce Hiroshima (JPN),JPN,GK,11,0,6.5,4.9
japan::sano_kaishu,Japan,SANO Kaishu,2026-06-11T03:59:59+00:00,BACKFILLED_PRE_TOURNAMENT_FACT,NA,NA,NA,NA,NA,NA,NA,data/database/players_database.csv,25,1. FSV Mainz 05 (GER),GER,MF,16,0,9.0,4.5
japan::seko_ayumu,Japan,SEKO Ayumu,2026-06-11T03:59:59+00:00,BACKFILLED_PRE_TOURNAMENT_FACT,NA,NA,NA,NA,NA,NA,NA,data/database/players_database.csv,26,Le Havre AC (FRA),FRA,DF,16,0,9.0,4.5
japan::shiogai_kento,Japan,SHIOGAI Kento,2026-06-11T03:59:59+00:00,BACKFILLED_PRE_TOURNAMENT_FACT,NA,NA,NA,NA,NA,NA,NA,data/database/players_database.csv,21,VfL Wolfsburg (GER),GER,FW,3,0,9.0,3.6
japan::sugawara_yukinari,Japan,SUGAWARA Yukinari,2026-06-11T03:59:59+00:00,BACKFILLED_PRE_TOURNAMENT_FACT,NA,NA,NA,NA,NA,NA,NA,data/database/players_database.csv,25,SV Werder Bremen (GER),GER,DF,25,2,9.0,7.3
japan::suzuki_junnosuke,Japan,SUZUKI Junnosuke,2026-06-11T03:59:59+00:00,BACKFILLED_PRE_TOURNAMENT_FACT,NA,NA,NA,NA,NA,NA,NA,data/database/players_database.csv,22,FC København (DEN),DEN,DF,7,0,7.5,3.4
japan::suzuki_yuito,Japan,SUZUKI Yuito,2026-06-11T03:59:59+00:00,BACKFILLED_PRE_TOURNAMENT_FACT,NA,NA,NA,NA,NA,NA,NA,data/database/players_database.csv,24,SC Freiburg (GER),GER,MF,7,0,9.0,4.1
japan::suzuki_zion,Japan,SUZUKI Zion,2026-06-11T03:59:59+00:00,BACKFILLED_PRE_TOURNAMENT_FACT,NA,NA,NA,NA,NA,NA,NA,data/database/players_database.csv,23,Parma (ITA),ITA,GK,28,0,9.0,6.3
japan::tanaka_ao,Japan,TANAKA Ao,2026-06-11T03:59:59+00:00,BACKFILLED_PRE_TOURNAMENT_FACT,NA,NA,NA,NA,NA,NA,NA,data/database/players_database.csv,27,Leeds United FC (ENG),ENG,MF,40,8,9.0,8.0
japan::taniguchi_shogo,Japan,TANIGUCHI Shogo,2026-06-11T03:59:59+00:00,BACKFILLED_PRE_TOURNAMENT_FACT,NA,NA,NA,NA,NA,NA,NA,data/database/players_database.csv,34,Sint-Truiden VV (BEL),BEL,DF,41,1,7.5,5.3
japan::tomiyasu_takehiro,Japan,TOMIYASU Takehiro,2026-06-11T03:59:59+00:00,BACKFILLED_PRE_TOURNAMENT_FACT,NA,NA,NA,NA,NA,NA,NA,data/database/players_database.csv,27,AFC Ajax (NED),NED,DF,45,1,7.5,6.0
japan::ueda_ayase,Japan,UEDA Ayase,2026-06-11T03:59:59+00:00,BACKFILLED_PRE_TOURNAMENT_FACT,NA,NA,NA,NA,NA,NA,NA,data/database/players_database.csv,27,Feyenoord Rotterdam (NED),NED,FW,43,18,7.5,7.8
japan::watanabe_tsuyoshi,Japan,WATANABE Tsuyoshi,2026-06-11T03:59:59+00:00,BACKFILLED_PRE_TOURNAMENT_FACT,NA,NA,NA,NA,NA,NA,NA,data/database/players_database.csv,29,Feyenoord Rotterdam (NED),NED,DF,14,0,7.5,4.0
jordan::abdallah_alfakhori,Jordan,ABDALLAH ALFAKHORI,2026-06-11T03:59:59+00:00,BACKFILLED_PRE_TOURNAMENT_FACT,NA,NA,NA,NA,NA,NA,NA,data/database/players_database.csv,26,Al Wahdat SC (JOR),JOR,GK,16,0,5.5,4.8
jordan::abdallah_nasib,Jordan,ABDALLAH NASIB,2026-06-11T03:59:59+00:00,BACKFILLED_PRE_TOURNAMENT_FACT,NA,NA,NA,NA,NA,NA,NA,data/database/players_database.csv,32,Al Zawra'a SC (IRQ),IRQ,DF,67,2,5.5,6.4
jordan::ali_azaizeh,Jordan,ALI AZAIZEH,2026-06-11T03:59:59+00:00,BACKFILLED_PRE_TOURNAMENT_FACT,NA,NA,NA,NA,NA,NA,NA,data/database/players_database.csv,22,Al Shabab FC (KSA),KSA,FW,6,0,7.5,3.3
jordan::ali_olwan,Jordan,ALI OLWAN,2026-06-11T03:59:59+00:00,BACKFILLED_PRE_TOURNAMENT_FACT,NA,NA,NA,NA,NA,NA,NA,data/database/players_database.csv,26,Al Sailiya SC (QAT),QAT,FW,68,30,6.5,8.6
jordan::amer_jamous,Jordan,AMER JAMOUS,2026-06-11T03:59:59+00:00,BACKFILLED_PRE_TOURNAMENT_FACT,NA,NA,NA,NA,NA,NA,NA,data/database/players_database.csv,23,Al Zawra'a SC (IRQ),IRQ,MF,19,1,5.5,4.3
jordan::anas_badawi,Jordan,ANAS BADAWI,2026-06-11T03:59:59+00:00,BACKFILLED_PRE_TOURNAMENT_FACT,NA,NA,NA,NA,NA,NA,NA,data/database/players_database.csv,28,Al Faisaly SC (JOR),JOR,DF,1,0,5.5,2.9
jordan::ehsan_haddad,Jordan,EHSAN HADDAD,2026-06-11T03:59:59+00:00,BACKFILLED_PRE_TOURNAMENT_FACT,NA,NA,NA,NA,NA,NA,NA,data/database/players_database.csv,32,Al Hussein SC (JOR),JOR,DF,92,2,5.5,6.8
jordan::husam_abudahab,Jordan,HUSAM ABUDAHAB,2026-06-11T03:59:59+00:00,BACKFILLED_PRE_TOURNAMENT_FACT,NA,NA,NA,NA,NA,NA,NA,data/database/players_database.csv,26,Al Faisaly SC (JOR),JOR,DF,18,0,5.5,3.7
jordan::ibrahim_sadeh,Jordan,IBRAHIM SADEH,2026-06-11T03:59:59+00:00,BACKFILLED_PRE_TOURNAMENT_FACT,NA,NA,NA,NA,NA,NA,NA,data/database/players_database.csv,26,Al Karma SC (IRQ),IRQ,MF,57,3,5.5,6.2
jordan::mahmoud_almardi,Jordan,MAHMOUD ALMARDI,2026-06-11T03:59:59+00:00,BACKFILLED_PRE_TOURNAMENT_FACT,NA,NA,NA,NA,NA,NA,NA,data/database/players_database.csv,32,Al Hussein SC (JOR),JOR,FW,89,8,5.5,6.7
jordan::mohammad_abualnadi,Jordan,MOHAMMAD ABUALNADI,2026-06-11T03:59:59+00:00,BACKFILLED_PRE_TOURNAMENT_FACT,NA,NA,NA,NA,NA,NA,NA,data/database/players_database.csv,25,Selangor FC (MAS),MAS,DF,19,0,5.5,3.7
jordan::mohammad_abughoush,Jordan,MOHAMMAD ABUGHOUSH,2026-06-11T03:59:59+00:00,BACKFILLED_PRE_TOURNAMENT_FACT,NA,NA,NA,NA,NA,NA,NA,data/database/players_database.csv,20,Al Hussein SC (JOR),JOR,MF,0,0,5.5,2.3
jordan::mohammad_abuhasheesh,Jordan,MOHAMMAD ABUHASHEESH,2026-06-11T03:59:59+00:00,BACKFILLED_PRE_TOURNAMENT_FACT,NA,NA,NA,NA,NA,NA,NA,data/database/players_database.csv,31,Al Karma SC (IRQ),IRQ,DF,57,1,5.5,5.6
jordan::mohammad_abuzraiq,Jordan,MOHAMMAD ABUZRAIQ,2026-06-11T03:59:59+00:00,BACKFILLED_PRE_TOURNAMENT_FACT,NA,NA,NA,NA,NA,NA,NA,data/database/players_database.csv,28,Raja Casablanca (MAR),MAR,FW,41,5,6.5,5.8
jordan::mohammad_aldaoud,Jordan,MOHAMMAD ALDAOUD,2026-06-11T03:59:59+00:00,BACKFILLED_PRE_TOURNAMENT_FACT,NA,NA,NA,NA,NA,NA,NA,data/database/players_database.csv,34,Al Wahdat SC (JOR),JOR,MF,14,1,5.5,4.1
jordan::mohannad_abutaha,Jordan,MOHANNAD ABUTAHA,2026-06-11T03:59:59+00:00,BACKFILLED_PRE_TOURNAMENT_FACT,NA,NA,NA,NA,NA,NA,NA,data/database/players_database.csv,23,Al-Quwa Al-Jawiya (IRQ),IRQ,MF,32,1,5.5,4.5
jordan::mousa_altamari,Jordan,MOUSA ALTAMARI,2026-06-11T03:59:59+00:00,BACKFILLED_PRE_TOURNAMENT_FACT,NA,NA,NA,NA,NA,NA,NA,data/database/players_database.csv,29,Stade Rennais FC (FRA),FRA,FW,94,24,9.0,9.1
jordan::nizar_alrashdan,Jordan,NIZAR ALRASHDAN,2026-06-11T03:59:59+00:00,BACKFILLED_PRE_TOURNAMENT_FACT,NA,NA,NA,NA,NA,NA,NA,data/database/players_database.csv,27,Qatar SC (QAT),QAT,MF,49,5,6.5,7.0
jordan::noor_alrawabdeh,Jordan,NOOR ALRAWABDEH,2026-06-11T03:59:59+00:00,BACKFILLED_PRE_TOURNAMENT_FACT,NA,NA,NA,NA,NA,NA,NA,data/database/players_database.csv,29,Selangor FC (MAS),MAS,MF,70,3,5.5,6.7
jordan::nour_baniateyah,Jordan,NOUR BANIATEYAH,2026-06-11T03:59:59+00:00,BACKFILLED_PRE_TOURNAMENT_FACT,NA,NA,NA,NA,NA,NA,NA,data/database/players_database.csv,33,Al Faisaly SC (JOR),JOR,GK,5,0,5.5,3.8
jordan::odeh_fakhoury,Jordan,ODEH FAKHOURY,2026-06-11T03:59:59+00:00,BACKFILLED_PRE_TOURNAMENT_FACT,NA,NA,NA,NA,NA,NA,NA,data/database/players_database.csv,20,Pyramids FC (EGY),EGY,FW,12,1,6.5,3.6
jordan::rajaei_ayed,Jordan,RAJAEI AYED,2026-06-11T03:59:59+00:00,BACKFILLED_PRE_TOURNAMENT_FACT,NA,NA,NA,NA,NA,NA,NA,data/database/players_database.csv,32,Al Hussein SC (JOR),JOR,MF,73,0,5.5,5.8
jordan::saed_alrosan,Jordan,SAED ALROSAN,2026-06-11T03:59:59+00:00,BACKFILLED_PRE_TOURNAMENT_FACT,NA,NA,NA,NA,NA,NA,NA,data/database/players_database.csv,29,Al Hussein SC (JOR),JOR,DF,22,2,5.5,6.3
jordan::saleem_obaid,Jordan,SALEEM OBAID,2026-06-11T03:59:59+00:00,BACKFILLED_PRE_TOURNAMENT_FACT,NA,NA,NA,NA,NA,NA,NA,data/database/players_database.csv,34,Al Hussein SC (JOR),JOR,DF,14,0,5.5,2.9
jordan::yazan_alarab,Jordan,YAZAN ALARAB,2026-06-11T03:59:59+00:00,BACKFILLED_PRE_TOURNAMENT_FACT,NA,NA,NA,NA,NA,NA,NA,data/database/players_database.csv,30,FC Seoul (KOR),KOR,DF,82,3,6.5,7.8
jordan::yazeed_abulaila,Jordan,YAZEED ABULAILA,2026-06-11T03:59:59+00:00,BACKFILLED_PRE_TOURNAMENT_FACT,NA,NA,NA,NA,NA,NA,NA,data/database/players_database.csv,33,Al Hussein SC (JOR),JOR,GK,78,0,5.5,7.9
korea_republic::bae_junho,Korea Republic,BAE Junho,2026-06-11T03:59:59+00:00,BACKFILLED_PRE_TOURNAMENT_FACT,NA,NA,NA,NA,NA,NA,NA,data/database/players_database.csv,22,Stoke City FC (ENG),ENG,MF,13,2,9.0,6.5
korea_republic::castrop_jens,Korea Republic,CASTROP Jens,2026-06-11T03:59:59+00:00,BACKFILLED_PRE_TOURNAMENT_FACT,NA,NA,NA,NA,NA,NA,NA,data/database/players_database.csv,22,Borussia Mönchengladbach (GER),GER,DF,8,0,9.0,3.8
korea_republic::cho_guesung,Korea Republic,CHO Guesung,2026-06-11T03:59:59+00:00,BACKFILLED_PRE_TOURNAMENT_FACT,NA,NA,NA,NA,NA,NA,NA,data/database/players_database.csv,28,FC Midtjylland (DEN),DEN,FW,46,12,7.5,7.3
korea_republic::cho_wije,Korea Republic,CHO Wije,2026-06-11T03:59:59+00:00,BACKFILLED_PRE_TOURNAMENT_FACT,NA,NA,NA,NA,NA,NA,NA,data/database/players_database.csv,24,Jeonbuk Hyundai Motors FC (KOR),KOR,DF,1,0,6.5,3.2
korea_republic::eom_jisung,Korea Republic,EOM Jisung,2026-06-11T03:59:59+00:00,BACKFILLED_PRE_TOURNAMENT_FACT,NA,NA,NA,NA,NA,NA,NA,data/database/players_database.csv,24,Swansea City AFC (WAL),WAL,MF,11,2,5.5,5.9
korea_republic::hwang_heechan,Korea Republic,HWANG Heechan,2026-06-11T03:59:59+00:00,BACKFILLED_PRE_TOURNAMENT_FACT,NA,NA,NA,NA,NA,NA,NA,data/database/players_database.csv,30,Wolverhampton Wanderers FC (ENG),ENG,MF,82,17,9.0,9.8
korea_republic::hwang_inbeom,Korea Republic,HWANG Inbeom,2026-06-11T03:59:59+00:00,BACKFILLED_PRE_TOURNAMENT_FACT,NA,NA,NA,NA,NA,NA,NA,data/database/players_database.csv,29,Feyenoord Rotterdam (NED),NED,MF,76,7,7.5,8.2
korea_republic::jo_hyeonwoo,Korea Republic,JO Hyeonwoo,2026-06-11T03:59:59+00:00,BACKFILLED_PRE_TOURNAMENT_FACT,NA,NA,NA,NA,NA,NA,NA,data/database/players_database.csv,34,Ulsan HD (KOR),KOR,GK,48,0,6.5,6.2
korea_republic::kim_jingyu,Korea Republic,KIM Jingyu,2026-06-11T03:59:59+00:00,BACKFILLED_PRE_TOURNAMENT_FACT,NA,NA,NA,NA,NA,NA,NA,data/database/players_database.csv,29,Jeonbuk Hyundai Motors FC (KOR),KOR,MF,24,3,6.5,6.3
korea_republic::kim_minjae,Korea Republic,KIM Minjae,2026-06-11T03:59:59+00:00,BACKFILLED_PRE_TOURNAMENT_FACT,NA,NA,NA,NA,NA,NA,NA,data/database/players_database.csv,29,FC Bayern München (GER),GER,DF,82,4,9.0,8.8
korea_republic::kim_moonhwan,Korea Republic,KIM Moonhwan,2026-06-11T03:59:59+00:00,BACKFILLED_PRE_TOURNAMENT_FACT,NA,NA,NA,NA,NA,NA,NA,data/database/players_database.csv,30,Daejeon Hana Citizen FC (KOR),KOR,DF,37,0,6.5,4.7
korea_republic::kim_seunggyu,Korea Republic,KIM Seunggyu,2026-06-11T03:59:59+00:00,BACKFILLED_PRE_TOURNAMENT_FACT,NA,NA,NA,NA,NA,NA,NA,data/database/players_database.csv,35,FC Tokyo (JPN),JPN,GK,89,0,6.5,8.0
korea_republic::kim_taehyeon,Korea Republic,KIM Taehyeon,2026-06-11T03:59:59+00:00,BACKFILLED_PRE_TOURNAMENT_FACT,NA,NA,NA,NA,NA,NA,NA,data/database/players_database.csv,25,Kashima Antlers (JPN),JPN,DF,7,0,6.5,3.4
korea_republic::lee_donggyeong,Korea Republic,LEE Donggyeong,2026-06-11T03:59:59+00:00,BACKFILLED_PRE_TOURNAMENT_FACT,NA,NA,NA,NA,NA,NA,NA,data/database/players_database.csv,28,Ulsan HD (KOR),KOR,MF,18,4,6.5,6.4
korea_republic::lee_gihyuk,Korea Republic,LEE Gihyuk,2026-06-11T03:59:59+00:00,BACKFILLED_PRE_TOURNAMENT_FACT,NA,NA,NA,NA,NA,NA,NA,data/database/players_database.csv,25,Gangwon FC (KOR),KOR,MF,6,0,6.5,3.4
korea_republic::lee_hanbeom,Korea Republic,LEE Hanbeom,2026-06-11T03:59:59+00:00,BACKFILLED_PRE_TOURNAMENT_FACT,NA,NA,NA,NA,NA,NA,NA,data/database/players_database.csv,24,FC Midtjylland (DEN),DEN,DF,11,0,7.5,3.9
korea_republic::lee_jaesung,Korea Republic,LEE Jaesung,2026-06-11T03:59:59+00:00,BACKFILLED_PRE_TOURNAMENT_FACT,NA,NA,NA,NA,NA,NA,NA,data/database/players_database.csv,33,1. FSV Mainz 05 (GER),GER,MF,107,15,9.0,9.3
korea_republic::lee_kangin,Korea Republic,LEE Kangin,2026-06-11T03:59:59+00:00,BACKFILLED_PRE_TOURNAMENT_FACT,NA,NA,NA,NA,NA,NA,NA,data/database/players_database.csv,25,Paris Saint-Germain (FRA),FRA,MF,50,10,9.0,8.4
korea_republic::lee_taeseok,Korea Republic,LEE Taeseok,2026-06-11T03:59:59+00:00,BACKFILLED_PRE_TOURNAMENT_FACT,NA,NA,NA,NA,NA,NA,NA,data/database/players_database.csv,23,FK Austria Wien (AUT),AUT,DF,17,1,7.5,5.7
korea_republic::oh_hyeongyu,Korea Republic,OH Hyeongyu,2026-06-11T03:59:59+00:00,BACKFILLED_PRE_TOURNAMENT_FACT,NA,NA,NA,NA,NA,NA,NA,data/database/players_database.csv,25,Beşiktaş JK (TUR),TUR,FW,30,7,7.5,6.4
korea_republic::paik_seungho,Korea Republic,PAIK Seungho,2026-06-11T03:59:59+00:00,BACKFILLED_PRE_TOURNAMENT_FACT,NA,NA,NA,NA,NA,NA,NA,data/database/players_database.csv,29,Birmingham City FC (ENG),ENG,MF,30,3,9.0,6.7
korea_republic::park_jinseob,Korea Republic,PARK Jinseob,2026-06-11T03:59:59+00:00,BACKFILLED_PRE_TOURNAMENT_FACT,NA,NA,NA,NA,NA,NA,NA,data/database/players_database.csv,30,Zhejiang FC (CHN),CHN,DF,16,1,6.5,5.8
korea_republic::seol_youngwoo,Korea Republic,SEOL Youngwoo,2026-06-11T03:59:59+00:00,BACKFILLED_PRE_TOURNAMENT_FACT,NA,NA,NA,NA,NA,NA,NA,data/database/players_database.csv,27,FK Crvena Zvezda (SRB),SRB,DF,37,0,6.5,4.7
korea_republic::son_heungmin,Korea Republic,SON Heungmin,2026-06-11T03:59:59+00:00,BACKFILLED_PRE_TOURNAMENT_FACT,NA,NA,NA,NA,NA,NA,NA,data/database/players_database.csv,33,LAFC (USA),USA,FW,147,56,7.5,9.1
korea_republic::song_bumkeun,Korea Republic,SONG Bumkeun,2026-06-11T03:59:59+00:00,BACKFILLED_PRE_TOURNAMENT_FACT,NA,NA,NA,NA,NA,NA,NA,data/database/players_database.csv,28,Jeonbuk Hyundai Motors FC (KOR),KOR,GK,3,0,6.5,4.4
korea_republic::yang_hyunjun,Korea Republic,YANG Hyunjun,2026-06-11T03:59:59+00:00,BACKFILLED_PRE_TOURNAMENT_FACT,NA,NA,NA,NA,NA,NA,NA,data/database/players_database.csv,24,Celtic FC (SCO),SCO,MF,10,0,7.5,3.8
mexico::acevedo_carlos,Mexico,ACEVEDO Carlos,2026-06-11T03:59:59+00:00,BACKFILLED_PRE_TOURNAMENT_FACT,NA,NA,NA,NA,NA,NA,NA,data/database/players_database.csv,30,Club Santos Laguna (MEX),MEX,GK,7,0,7.5,5.0
mexico::alvarado_roberto,Mexico,ALVARADO Roberto,2026-06-11T03:59:59+00:00,BACKFILLED_PRE_TOURNAMENT_FACT,NA,NA,NA,NA,NA,NA,NA,data/database/players_database.csv,27,CD Guadalajara (MEX),MEX,FW,71,5,7.5,7.0
mexico::alvarez_edson,Mexico,ALVAREZ Edson,2026-06-11T03:59:59+00:00,BACKFILLED_PRE_TOURNAMENT_FACT,NA,NA,NA,NA,NA,NA,NA,data/database/players_database.csv,28,Fenerbahçe SK (TUR),TUR,DF,102,7,7.5,9.0
mexico::chavez_luis,Mexico,CHAVEZ Luis,2026-06-11T03:59:59+00:00,BACKFILLED_PRE_TOURNAMENT_FACT,NA,NA,NA,NA,NA,NA,NA,data/database/players_database.csv,30,FC Dynamo Moscow (RUS),RUS,MF,46,5,5.5,6.7
mexico::chavez_mateo,Mexico,CHAVEZ Mateo,2026-06-11T03:59:59+00:00,BACKFILLED_PRE_TOURNAMENT_FACT,NA,NA,NA,NA,NA,NA,NA,data/database/players_database.csv,22,AZ Alkmaar (NED),NED,DF,11,1,7.5,6.1
mexico::fidalgo_alvaro,Mexico,FIDALGO Alvaro,2026-06-11T03:59:59+00:00,BACKFILLED_PRE_TOURNAMENT_FACT,NA,NA,NA,NA,NA,NA,NA,data/database/players_database.csv,29,Real Betis (ESP),ESP,MF,6,1,9.0,6.5
mexico::gallardo_jesus,Mexico,GALLARDO Jesus,2026-06-11T03:59:59+00:00,BACKFILLED_PRE_TOURNAMENT_FACT,NA,NA,NA,NA,NA,NA,NA,data/database/players_database.csv,31,Deportivo Toluca FC (MEX),MEX,DF,125,3,7.5,7.3
mexico::gimenez_santiago,Mexico,GIMENEZ Santiago,2026-06-11T03:59:59+00:00,BACKFILLED_PRE_TOURNAMENT_FACT,NA,NA,NA,NA,NA,NA,NA,data/database/players_database.csv,25,AC Milan (ITA),ITA,FW,49,6,9.0,6.8
mexico::gonzalez_armando,Mexico,GONZALEZ Armando,2026-06-11T03:59:59+00:00,BACKFILLED_PRE_TOURNAMENT_FACT,NA,NA,NA,NA,NA,NA,NA,data/database/players_database.csv,23,CD Guadalajara (MEX),MEX,FW,8,1,7.5,4.3
mexico::gutierrez_brian,Mexico,GUTIERREZ Brian,2026-06-11T03:59:59+00:00,BACKFILLED_PRE_TOURNAMENT_FACT,NA,NA,NA,NA,NA,NA,NA,data/database/players_database.csv,23,CD Guadalajara (MEX),MEX,MF,9,2,7.5,6.0
mexico::huerta_cesar,Mexico,HUERTA Cesar,2026-06-11T03:59:59+00:00,BACKFILLED_PRE_TOURNAMENT_FACT,NA,NA,NA,NA,NA,NA,NA,data/database/players_database.csv,25,RSC Anderlecht (BEL),BEL,FW,27,3,7.5,5.3
mexico::jimenez_raul,Mexico,JIMENEZ Raul,2026-06-11T03:59:59+00:00,BACKFILLED_PRE_TOURNAMENT_FACT,NA,NA,NA,NA,NA,NA,NA,data/database/players_database.csv,35,Fulham FC (ENG),ENG,FW,128,46,9.0,9.2
mexico::lira_erik,Mexico,LIRA Erik,2026-06-11T03:59:59+00:00,BACKFILLED_PRE_TOURNAMENT_FACT,NA,NA,NA,NA,NA,NA,NA,data/database/players_database.csv,26,CF Cruz Azul (MEX),MEX,MF,27,0,7.5,4.6
mexico::martinez_guillermo,Mexico,MARTINEZ Guillermo,2026-06-11T03:59:59+00:00,BACKFILLED_PRE_TOURNAMENT_FACT,NA,NA,NA,NA,NA,NA,NA,data/database/players_database.csv,31,Pumas UNAM (MEX),MEX,FW,13,3,7.5,5.3
mexico::montes_cesar,Mexico,MONTES Cesar,2026-06-11T03:59:59+00:00,BACKFILLED_PRE_TOURNAMENT_FACT,NA,NA,NA,NA,NA,NA,NA,data/database/players_database.csv,29,FC Lokomotiv Moscow (RUS),RUS,DF,70,4,5.5,7.7
mexico::mora_gilberto,Mexico,MORA Gilberto,2026-06-11T03:59:59+00:00,BACKFILLED_PRE_TOURNAMENT_FACT,NA,NA,NA,NA,NA,NA,NA,data/database/players_database.csv,17,Club Tijuana (MEX),MEX,MF,10,0,7.5,2.9
mexico::ochoa_guillermo,Mexico,OCHOA Guillermo,2026-06-11T03:59:59+00:00,BACKFILLED_PRE_TOURNAMENT_FACT,NA,NA,NA,NA,NA,NA,NA,data/database/players_database.csv,40,AEL Limassol (CYP),CYP,GK,154,0,5.5,7.2
mexico::pineda_orbelin,Mexico,PINEDA Orbelin,2026-06-11T03:59:59+00:00,BACKFILLED_PRE_TOURNAMENT_FACT,NA,NA,NA,NA,NA,NA,NA,data/database/players_database.csv,30,AEK Athens (GRE),GRE,MF,93,12,6.5,8.8
mexico::quinones_julian,Mexico,QUINONES Julian,2026-06-11T03:59:59+00:00,BACKFILLED_PRE_TOURNAMENT_FACT,NA,NA,NA,NA,NA,NA,NA,data/database/players_database.csv,29,Al Qadsiah FC (KSA),KSA,FW,25,4,7.5,5.6
mexico::rangel_raul,Mexico,RANGEL Raul,2026-06-11T03:59:59+00:00,BACKFILLED_PRE_TOURNAMENT_FACT,NA,NA,NA,NA,NA,NA,NA,data/database/players_database.csv,26,CD Guadalajara (MEX),MEX,GK,17,0,7.5,5.6
mexico::reyes_israel,Mexico,REYES Israel,2026-06-11T03:59:59+00:00,BACKFILLED_PRE_TOURNAMENT_FACT,NA,NA,NA,NA,NA,NA,NA,data/database/players_database.csv,26,Club América (MEX),MEX,DF,37,2,7.5,6.7
mexico::romo_luis,Mexico,ROMO Luis,2026-06-11T03:59:59+00:00,BACKFILLED_PRE_TOURNAMENT_FACT,NA,NA,NA,NA,NA,NA,NA,data/database/players_database.csv,31,CD Guadalajara (MEX),MEX,MF,64,5,7.5,7.2
mexico::sanchez_jorge,Mexico,SANCHEZ Jorge,2026-06-11T03:59:59+00:00,BACKFILLED_PRE_TOURNAMENT_FACT,NA,NA,NA,NA,NA,NA,NA,data/database/players_database.csv,28,PAOK Saloniki (GRE),GRE,DF,61,3,6.5,7.3
mexico::vargas_obed,Mexico,VARGAS Obed,2026-06-11T03:59:59+00:00,BACKFILLED_PRE_TOURNAMENT_FACT,NA,NA,NA,NA,NA,NA,NA,data/database/players_database.csv,20,Atlético De Madrid (ESP),ESP,MF,8,0,9.0,3.5
mexico::vasquez_johan,Mexico,VASQUEZ Johan,2026-06-11T03:59:59+00:00,BACKFILLED_PRE_TOURNAMENT_FACT,NA,NA,NA,NA,NA,NA,NA,data/database/players_database.csv,27,Genoa CFC (ITA),ITA,DF,48,3,9.0,7.8
mexico::vega_alexis,Mexico,VEGA Alexis,2026-06-11T03:59:59+00:00,BACKFILLED_PRE_TOURNAMENT_FACT,NA,NA,NA,NA,NA,NA,NA,data/database/players_database.csv,28,Deportivo Toluca FC (MEX),MEX,FW,53,7,7.5,6.6
morocco::amaimouni_ayoube,Morocco,AMAIMOUNI Ayoube,2026-06-11T03:59:59+00:00,BACKFILLED_PRE_TOURNAMENT_FACT,NA,NA,NA,NA,NA,NA,NA,data/database/players_database.csv,21,Eintracht Frankfurt (GER),GER,FW,4,0,9.0,3.6
morocco::amrabat_sofyan,Morocco,AMRABAT Sofyan,2026-06-11T03:59:59+00:00,BACKFILLED_PRE_TOURNAMENT_FACT,NA,NA,NA,NA,NA,NA,NA,data/database/players_database.csv,29,Real Betis (ESP),ESP,MF,76,0,9.0,7.1
morocco::belammari_youssef,Morocco,BELAMMARI Youssef,2026-06-11T03:59:59+00:00,BACKFILLED_PRE_TOURNAMENT_FACT,NA,NA,NA,NA,NA,NA,NA,data/database/players_database.csv,27,Al Ahly FC (EGY),EGY,DF,18,0,6.5,3.9
morocco::bouaddi_ayyoub,Morocco,BOUADDI Ayyoub,2026-06-11T03:59:59+00:00,BACKFILLED_PRE_TOURNAMENT_FACT,NA,NA,NA,NA,NA,NA,NA,data/database/players_database.csv,18,Lille OSC (FRA),FRA,MF,5,0,9.0,3.4
morocco::bounou_yassine,Morocco,BOUNOU Yassine,2026-06-11T03:59:59+00:00,BACKFILLED_PRE_TOURNAMENT_FACT,NA,NA,NA,NA,NA,NA,NA,data/database/players_database.csv,35,Al Hilal SC (KSA),KSA,GK,93,0,7.5,8.3
morocco::diaz_brahim,Morocco,DIAZ Brahim,2026-06-11T03:59:59+00:00,BACKFILLED_PRE_TOURNAMENT_FACT,NA,NA,NA,NA,NA,NA,NA,data/database/players_database.csv,26,Real Madrid C. F. (ESP),ESP,FW,29,15,9.0,7.5
morocco::diop_issa,Morocco,DIOP Issa,2026-06-11T03:59:59+00:00,BACKFILLED_PRE_TOURNAMENT_FACT,NA,NA,NA,NA,NA,NA,NA,data/database/players_database.csv,29,Fulham FC (ENG),ENG,DF,6,0,9.0,4.0
morocco::el_aynaoui_neil,Morocco,EL AYNAOUI Neil,2026-06-11T03:59:59+00:00,BACKFILLED_PRE_TOURNAMENT_FACT,NA,NA,NA,NA,NA,NA,NA,data/database/players_database.csv,24,AS Roma (ITA),ITA,MF,19,2,9.0,6.3
morocco::el_kaabi_ayoub,Morocco,EL KAABI Ayoub,2026-06-11T03:59:59+00:00,BACKFILLED_PRE_TOURNAMENT_FACT,NA,NA,NA,NA,NA,NA,NA,data/database/players_database.csv,33,Olympiacos FC (GRE),GRE,FW,72,36,6.5,8.5
morocco::el_kajoui_munir,Morocco,EL KAJOUI Munir,2026-06-11T03:59:59+00:00,BACKFILLED_PRE_TOURNAMENT_FACT,NA,NA,NA,NA,NA,NA,NA,data/database/players_database.csv,37,RS Berkane (MAR),MAR,GK,52,0,6.5,6.0
morocco::el_khannouss_bilal,Morocco,EL KHANNOUSS Bilal,2026-06-11T03:59:59+00:00,BACKFILLED_PRE_TOURNAMENT_FACT,NA,NA,NA,NA,NA,NA,NA,data/database/players_database.csv,22,VfB Stuttgart (GER),GER,MF,40,3,9.0,6.5
morocco::el_mourabet_samir,Morocco,EL MOURABET Samir,2026-06-11T03:59:59+00:00,BACKFILLED_PRE_TOURNAMENT_FACT,NA,NA,NA,NA,NA,NA,NA,data/database/players_database.csv,20,RC Strasbourg (FRA),FRA,MF,7,0,9.0,3.5
morocco::el_ouahdi_zakaria,Morocco,EL OUAHDI Zakaria,2026-06-11T03:59:59+00:00,BACKFILLED_PRE_TOURNAMENT_FACT,NA,NA,NA,NA,NA,NA,NA,data/database/players_database.csv,24,KRC Genk (BEL),BEL,DF,3,0,7.5,3.5
morocco::hakimi_achraf,Morocco,HAKIMI Achraf,2026-06-11T03:59:59+00:00,BACKFILLED_PRE_TOURNAMENT_FACT,NA,NA,NA,NA,NA,NA,NA,data/database/players_database.csv,27,Paris Saint-Germain (FRA),FRA,DF,99,12,9.0,9.8
morocco::halhal_redouane,Morocco,HALHAL Redouane,2026-06-11T03:59:59+00:00,BACKFILLED_PRE_TOURNAMENT_FACT,NA,NA,NA,NA,NA,NA,NA,data/database/players_database.csv,23,KV Mechelen (BEL),BEL,DF,4,0,7.5,3.2
morocco::mazraoui_noussair,Morocco,MAZRAOUI Noussair,2026-06-11T03:59:59+00:00,BACKFILLED_PRE_TOURNAMENT_FACT,NA,NA,NA,NA,NA,NA,NA,data/database/players_database.csv,28,Manchester United FC (ENG),ENG,DF,48,2,9.0,7.2
morocco::ounahi_azzedine,Morocco,OUNAHI Azzedine,2026-06-11T03:59:59+00:00,BACKFILLED_PRE_TOURNAMENT_FACT,NA,NA,NA,NA,NA,NA,NA,data/database/players_database.csv,26,Girona FC (ESP),ESP,MF,52,9,9.0,8.5
morocco::rahimi_sou_ane,Morocco,RAHIMI Sou ane,2026-06-11T03:59:59+00:00,BACKFILLED_PRE_TOURNAMENT_FACT,NA,NA,NA,NA,NA,NA,NA,data/database/players_database.csv,30,Al Ain FC (UAE),UAE,FW,40,13,6.5,7.2
morocco::riad_chadi,Morocco,RIAD Chadi,2026-06-11T03:59:59+00:00,BACKFILLED_PRE_TOURNAMENT_FACT,NA,NA,NA,NA,NA,NA,NA,data/database/players_database.csv,23,Crystal Palace FC (ENG),ENG,DF,9,1,9.0,6.3
morocco::saadane_marwane,Morocco,SAADANE Marwane,2026-06-11T03:59:59+00:00,BACKFILLED_PRE_TOURNAMENT_FACT,NA,NA,NA,NA,NA,NA,NA,data/database/players_database.csv,34,Al Fateh SC (KSA),KSA,DF,17,1,7.5,5.4
morocco::saibari_ismael,Morocco,SAIBARI Ismael,2026-06-11T03:59:59+00:00,BACKFILLED_PRE_TOURNAMENT_FACT,NA,NA,NA,NA,NA,NA,NA,data/database/players_database.csv,25,PSV Eindhoven (NED),NED,MF,33,12,7.5,7.3
morocco::salah_eddine_anass,Morocco,SALAH EDDINE Anass,2026-06-11T03:59:59+00:00,BACKFILLED_PRE_TOURNAMENT_FACT,NA,NA,NA,NA,NA,NA,NA,data/database/players_database.csv,24,PSV Eindhoven (NED),NED,DF,11,0,7.5,3.9
morocco::sbai_amine,Morocco,SBAI Amine,2026-06-11T03:59:59+00:00,BACKFILLED_PRE_TOURNAMENT_FACT,NA,NA,NA,NA,NA,NA,NA,data/database/players_database.csv,25,Angers SCO (FRA),FRA,FW,2,0,9.0,3.8
morocco::tagnaouti_ahmed_reda,Morocco,TAGNAOUTI Ahmed Reda,2026-06-11T03:59:59+00:00,BACKFILLED_PRE_TOURNAMENT_FACT,NA,NA,NA,NA,NA,NA,NA,data/database/players_database.csv,30,ASFAR (MAR),MAR,GK,3,0,6.5,4.4
morocco::talbi_chemsdine,Morocco,TALBI Chemsdine,2026-06-11T03:59:59+00:00,BACKFILLED_PRE_TOURNAMENT_FACT,NA,NA,NA,NA,NA,NA,NA,data/database/players_database.csv,21,Sunderland AFC (ENG),ENG,MF,7,0,9.0,3.8
morocco::yassine_gessime,Morocco,YASSINE Gessime,2026-06-11T03:59:59+00:00,BACKFILLED_PRE_TOURNAMENT_FACT,NA,NA,NA,NA,NA,NA,NA,data/database/players_database.csv,20,RC Strasbourg (FRA),FRA,MF,5,1,9.0,5.9
netherlands::ake_nathan,Netherlands,AKE Nathan,2026-06-11T03:59:59+00:00,BACKFILLED_PRE_TOURNAMENT_FACT,NA,NA,NA,NA,NA,NA,NA,data/database/players_database.csv,31,Manchester City FC (ENG),ENG,DF,61,5,9.0,8.6
netherlands::brobbey_brian,Netherlands,BROBBEY Brian,2026-06-11T03:59:59+00:00,BACKFILLED_PRE_TOURNAMENT_FACT,NA,NA,NA,NA,NA,NA,NA,data/database/players_database.csv,24,Sunderland AFC (ENG),ENG,FW,15,4,9.0,6.3
netherlands::de_jong_frenkie,Netherlands,DE JONG Frenkie,2026-06-11T03:59:59+00:00,BACKFILLED_PRE_TOURNAMENT_FACT,NA,NA,NA,NA,NA,NA,NA,data/database/players_database.csv,29,FC Barcelona (ESP),ESP,MF,69,2,9.0,7.3
netherlands::de_roon_marten,Netherlands,DE ROON Marten,2026-06-11T03:59:59+00:00,BACKFILLED_PRE_TOURNAMENT_FACT,NA,NA,NA,NA,NA,NA,NA,data/database/players_database.csv,35,Atalanta Bergamo (ITA),ITA,MF,43,1,9.0,5.4
netherlands::depay_memphis,Netherlands,DEPAY Memphis,2026-06-11T03:59:59+00:00,BACKFILLED_PRE_TOURNAMENT_FACT,NA,NA,NA,NA,NA,NA,NA,data/database/players_database.csv,32,SC Corinthians (BRA),BRA,FW,112,55,7.5,9.1
netherlands::dumfries_denzel,Netherlands,DUMFRIES Denzel,2026-06-11T03:59:59+00:00,BACKFILLED_PRE_TOURNAMENT_FACT,NA,NA,NA,NA,NA,NA,NA,data/database/players_database.csv,30,FC Internazionale Milano (ITA),ITA,DF,75,11,9.0,9.5
netherlands::flekken_mark,Netherlands,FLEKKEN Mark,2026-06-11T03:59:59+00:00,BACKFILLED_PRE_TOURNAMENT_FACT,NA,NA,NA,NA,NA,NA,NA,data/database/players_database.csv,33,Bayer 04 Leverkusen (GER),GER,GK,12,0,9.0,5.4
netherlands::gakpo_cody,Netherlands,GAKPO Cody,2026-06-11T03:59:59+00:00,BACKFILLED_PRE_TOURNAMENT_FACT,NA,NA,NA,NA,NA,NA,NA,data/database/players_database.csv,27,Liverpool FC (ENG),ENG,FW,53,23,9.0,8.6
netherlands::geertruida_lutsharel,Netherlands,GEERTRUIDA Lutsharel,2026-06-11T03:59:59+00:00,BACKFILLED_PRE_TOURNAMENT_FACT,NA,NA,NA,NA,NA,NA,NA,data/database/players_database.csv,25,Sunderland AFC (ENG),ENG,DF,21,0,9.0,4.7
netherlands::gravenberch_ryan,Netherlands,GRAVENBERCH Ryan,2026-06-11T03:59:59+00:00,BACKFILLED_PRE_TOURNAMENT_FACT,NA,NA,NA,NA,NA,NA,NA,data/database/players_database.csv,24,Liverpool FC (ENG),ENG,MF,30,1,9.0,5.6
netherlands::hato_jorrel,Netherlands,HATO Jorrel,2026-06-11T03:59:59+00:00,BACKFILLED_PRE_TOURNAMENT_FACT,NA,NA,NA,NA,NA,NA,NA,data/database/players_database.csv,20,Chelsea FC (ENG),ENG,DF,8,0,9.0,3.5
netherlands::kluivert_justin,Netherlands,KLUIVERT Justin,2026-06-11T03:59:59+00:00,BACKFILLED_PRE_TOURNAMENT_FACT,NA,NA,NA,NA,NA,NA,NA,data/database/players_database.csv,27,AFC Bournemouth (ENG),ENG,MF,13,0,9.0,4.3
netherlands::koopmeiners_teun,Netherlands,KOOPMEINERS Teun,2026-06-11T03:59:59+00:00,BACKFILLED_PRE_TOURNAMENT_FACT,NA,NA,NA,NA,NA,NA,NA,data/database/players_database.csv,28,Juventus FC (ITA),ITA,MF,31,3,9.0,6.7
netherlands::lang_noa,Netherlands,LANG Noa,2026-06-11T03:59:59+00:00,BACKFILLED_PRE_TOURNAMENT_FACT,NA,NA,NA,NA,NA,NA,NA,data/database/players_database.csv,27,Galatasaray SK (TUR),TUR,FW,17,3,7.5,5.4
netherlands::malen_donyell,Netherlands,MALEN Donyell,2026-06-11T03:59:59+00:00,BACKFILLED_PRE_TOURNAMENT_FACT,NA,NA,NA,NA,NA,NA,NA,data/database/players_database.csv,27,AS Roma (ITA),ITA,FW,56,13,9.0,7.9
netherlands::reijnders_tijjani,Netherlands,REIJNDERS Tijjani,2026-06-11T03:59:59+00:00,BACKFILLED_PRE_TOURNAMENT_FACT,NA,NA,NA,NA,NA,NA,NA,data/database/players_database.csv,27,Manchester City FC (ENG),ENG,MF,35,7,9.0,7.8
netherlands::roefs_robin,Netherlands,ROEFS Robin,2026-06-11T03:59:59+00:00,BACKFILLED_PRE_TOURNAMENT_FACT,NA,NA,NA,NA,NA,NA,NA,data/database/players_database.csv,23,Sunderland AFC (ENG),ENG,GK,1,0,9.0,4.8
netherlands::summerville_crysencio,Netherlands,SUMMERVILLE Crysencio,2026-06-11T03:59:59+00:00,BACKFILLED_PRE_TOURNAMENT_FACT,NA,NA,NA,NA,NA,NA,NA,data/database/players_database.csv,24,West Ham United FC (ENG),ENG,FW,5,2,9.0,6.5
netherlands::til_guus,Netherlands,TIL Guus,2026-06-11T03:59:59+00:00,BACKFILLED_PRE_TOURNAMENT_FACT,NA,NA,NA,NA,NA,NA,NA,data/database/players_database.csv,28,PSV Eindhoven (NED),NED,MF,8,1,7.5,5.8
netherlands::timber_quinten,Netherlands,TIMBER Quinten,2026-06-11T03:59:59+00:00,BACKFILLED_PRE_TOURNAMENT_FACT,NA,NA,NA,NA,NA,NA,NA,data/database/players_database.csv,25,Olympique Marseille (FRA),FRA,MF,12,1,9.0,5.7
netherlands::van_de_ven_micky,Netherlands,VAN DE VEN Micky,2026-06-11T03:59:59+00:00,BACKFILLED_PRE_TOURNAMENT_FACT,NA,NA,NA,NA,NA,NA,NA,data/database/players_database.csv,25,Tottenham Hotspur FC (ENG),ENG,DF,23,1,9.0,6.1
netherlands::van_dijk_virgil,Netherlands,VAN DIJK Virgil,2026-06-11T03:59:59+00:00,BACKFILLED_PRE_TOURNAMENT_FACT,NA,NA,NA,NA,NA,NA,NA,data/database/players_database.csv,34,Liverpool FC (ENG),ENG,DF,95,13,9.0,9.2
netherlands::van_hecke_jan_paul,Netherlands,VAN HECKE Jan Paul,2026-06-11T03:59:59+00:00,BACKFILLED_PRE_TOURNAMENT_FACT,NA,NA,NA,NA,NA,NA,NA,data/database/players_database.csv,26,Brighton & Hove Albion FC (ENG),ENG,DF,15,1,9.0,6.5
netherlands::verbruggen_bart,Netherlands,VERBRUGGEN Bart,2026-06-11T03:59:59+00:00,BACKFILLED_PRE_TOURNAMENT_FACT,NA,NA,NA,NA,NA,NA,NA,data/database/players_database.csv,23,Brighton & Hove Albion FC (ENG),ENG,GK,32,0,9.0,6.6
netherlands::weghorst_wout,Netherlands,WEGHORST Wout,2026-06-11T03:59:59+00:00,BACKFILLED_PRE_TOURNAMENT_FACT,NA,NA,NA,NA,NA,NA,NA,data/database/players_database.csv,33,AFC Ajax (NED),NED,FW,52,14,7.5,7.3
netherlands::wieffer_mats,Netherlands,WIEFFER Mats,2026-06-11T03:59:59+00:00,BACKFILLED_PRE_TOURNAMENT_FACT,NA,NA,NA,NA,NA,NA,NA,data/database/players_database.csv,26,Brighton & Hove Albion FC (ENG),ENG,DF,15,1,9.0,6.5
new_zealand::barbarouses_kosta,New Zealand,BARBAROUSES Kosta,2026-06-11T03:59:59+00:00,BACKFILLED_PRE_TOURNAMENT_FACT,NA,NA,NA,NA,NA,NA,NA,data/database/players_database.csv,36,WS Wanderers FC (AUS),AUS,FW,76,10,5.5,6.5
new_zealand::bayliss_lachlan,New Zealand,BAYLISS Lachlan,2026-06-11T03:59:59+00:00,BACKFILLED_PRE_TOURNAMENT_FACT,NA,NA,NA,NA,NA,NA,NA,data/database/players_database.csv,23,Newcastle United Jets FC (AUS),AUS,MF,4,0,5.5,2.8
new_zealand::bell_joe,New Zealand,BELL Joe,2026-06-11T03:59:59+00:00,BACKFILLED_PRE_TOURNAMENT_FACT,NA,NA,NA,NA,NA,NA,NA,data/database/players_database.csv,27,Viking Stavanger (NOR),NOR,MF,34,1,6.5,5.1
new_zealand::bindon_tyler,New Zealand,BINDON Tyler,2026-06-11T03:59:59+00:00,BACKFILLED_PRE_TOURNAMENT_FACT,NA,NA,NA,NA,NA,NA,NA,data/database/players_database.csv,21,She eld United FC (ENG),ENG,DF,27,2,9.0,6.9
new_zealand::boxall_michael,New Zealand,BOXALL Michael,2026-06-11T03:59:59+00:00,BACKFILLED_PRE_TOURNAMENT_FACT,NA,NA,NA,NA,NA,NA,NA,data/database/players_database.csv,37,Minnesota United FC (USA),USA,DF,66,1,7.5,5.8
new_zealand::cacace_liberato,New Zealand,CACACE Liberato,2026-06-11T03:59:59+00:00,BACKFILLED_PRE_TOURNAMENT_FACT,NA,NA,NA,NA,NA,NA,NA,data/database/players_database.csv,25,Wrexham AFC (WAL),WAL,DF,39,1,5.5,5.4
new_zealand::crocombe_max,New Zealand,CROCOMBE Max,2026-06-11T03:59:59+00:00,BACKFILLED_PRE_TOURNAMENT_FACT,NA,NA,NA,NA,NA,NA,NA,data/database/players_database.csv,32,Millwall FC (ENG),ENG,GK,26,0,9.0,6.2
new_zealand::de_vries_francis,New Zealand,DE VRIES Francis,2026-06-11T03:59:59+00:00,BACKFILLED_PRE_TOURNAMENT_FACT,NA,NA,NA,NA,NA,NA,NA,data/database/players_database.csv,31,Auckland FC (NZL),NZL,DF,21,1,5.5,5.0
new_zealand::elliot_callan,New Zealand,ELLIOT Callan,2026-06-11T03:59:59+00:00,BACKFILLED_PRE_TOURNAMENT_FACT,NA,NA,NA,NA,NA,NA,NA,data/database/players_database.csv,26,Auckland FC (NZL),NZL,DF,12,0,5.5,3.4
new_zealand::just_elijah,New Zealand,JUST Elijah,2026-06-11T03:59:59+00:00,BACKFILLED_PRE_TOURNAMENT_FACT,NA,NA,NA,NA,NA,NA,NA,data/database/players_database.csv,26,Motherwell FC (SCO),SCO,MF,46,11,7.5,7.9
new_zealand::mccowatt_callum,New Zealand,McCOWATT Callum,2026-06-11T03:59:59+00:00,BACKFILLED_PRE_TOURNAMENT_FACT,NA,NA,NA,NA,NA,NA,NA,data/database/players_database.csv,27,Silkeborg IF (DEN),DEN,MF,35,5,7.5,7.3
new_zealand::old_ben,New Zealand,OLD Ben,2026-06-11T03:59:59+00:00,BACKFILLED_PRE_TOURNAMENT_FACT,NA,NA,NA,NA,NA,NA,NA,data/database/players_database.csv,23,AS Saint-Etienne (FRA),FRA,MF,26,2,9.0,5.9
new_zealand::paulsen_alex,New Zealand,PAULSEN Alex,2026-06-11T03:59:59+00:00,BACKFILLED_PRE_TOURNAMENT_FACT,NA,NA,NA,NA,NA,NA,NA,data/database/players_database.csv,23,Lechia Gdańsk (POL),POL,GK,8,0,6.5,4.3
new_zealand::payne_tim,New Zealand,PAYNE Tim,2026-06-11T03:59:59+00:00,BACKFILLED_PRE_TOURNAMENT_FACT,NA,NA,NA,NA,NA,NA,NA,data/database/players_database.csv,32,Wellington Phoenix FC (NZL),NZL,DF,54,3,5.5,6.7
new_zealand::pijnaker_nando,New Zealand,PIJNAKER Nando,2026-06-11T03:59:59+00:00,BACKFILLED_PRE_TOURNAMENT_FACT,NA,NA,NA,NA,NA,NA,NA,data/database/players_database.csv,27,Auckland FC (NZL),NZL,DF,26,0,5.5,4.0
new_zealand::randall_jesse,New Zealand,RANDALL Jesse,2026-06-11T03:59:59+00:00,BACKFILLED_PRE_TOURNAMENT_FACT,NA,NA,NA,NA,NA,NA,NA,data/database/players_database.csv,23,Auckland FC (NZL),NZL,FW,13,2,5.5,4.2
new_zealand::rogerson_logan,New Zealand,ROGERSON Logan,2026-06-11T03:59:59+00:00,BACKFILLED_PRE_TOURNAMENT_FACT,NA,NA,NA,NA,NA,NA,NA,data/database/players_database.csv,28,Auckland FC (NZL),NZL,FW,18,2,5.5,4.5
new_zealand::rufer_alex,New Zealand,RUFER Alex,2026-06-11T03:59:59+00:00,BACKFILLED_PRE_TOURNAMENT_FACT,NA,NA,NA,NA,NA,NA,NA,data/database/players_database.csv,30,Wellington Phoenix FC (NZL),NZL,MF,26,0,5.5,4.0
new_zealand::singh_sarpreet,New Zealand,SINGH Sarpreet,2026-06-11T03:59:59+00:00,BACKFILLED_PRE_TOURNAMENT_FACT,NA,NA,NA,NA,NA,NA,NA,data/database/players_database.csv,27,Wellington Phoenix FC (NZL),NZL,MF,30,3,5.5,5.9
new_zealand::smith_tommy,New Zealand,SMITH Tommy,2026-06-11T03:59:59+00:00,BACKFILLED_PRE_TOURNAMENT_FACT,NA,NA,NA,NA,NA,NA,NA,data/database/players_database.csv,36,Braintree Town FC (ENG),ENG,DF,57,2,9.0,6.7
new_zealand::stamenic_marko,New Zealand,STAMENIC Marko,2026-06-11T03:59:59+00:00,BACKFILLED_PRE_TOURNAMENT_FACT,NA,NA,NA,NA,NA,NA,NA,data/database/players_database.csv,24,Swansea City AFC (WAL),WAL,MF,42,3,5.5,5.9
new_zealand::surman_finn,New Zealand,SURMAN Finn,2026-06-11T03:59:59+00:00,BACKFILLED_PRE_TOURNAMENT_FACT,NA,NA,NA,NA,NA,NA,NA,data/database/players_database.csv,22,Portland Timbers (USA),USA,DF,21,3,7.5,6.5
new_zealand::thomas_ryan,New Zealand,THOMAS Ryan,2026-06-11T03:59:59+00:00,BACKFILLED_PRE_TOURNAMENT_FACT,NA,NA,NA,NA,NA,NA,NA,data/database/players_database.csv,31,PEC Zwolle (NED),NED,MF,27,3,7.5,6.1
new_zealand::waine_ben,New Zealand,WAINE Ben,2026-06-11T03:59:59+00:00,BACKFILLED_PRE_TOURNAMENT_FACT,NA,NA,NA,NA,NA,NA,NA,data/database/players_database.csv,25,Port Vale FC (ENG),ENG,FW,31,9,9.0,7.2
new_zealand::wood_chris,New Zealand,WOOD Chris,2026-06-11T03:59:59+00:00,BACKFILLED_PRE_TOURNAMENT_FACT,NA,NA,NA,NA,NA,NA,NA,data/database/players_database.csv,34,Nottingham Forest FC (ENG),ENG,FW,92,45,9.0,9.2
new_zealand::woud_michael,New Zealand,WOUD Michael,2026-06-11T03:59:59+00:00,BACKFILLED_PRE_TOURNAMENT_FACT,NA,NA,NA,NA,NA,NA,NA,data/database/players_database.csv,27,Auckland FC (NZL),NZL,GK,7,0,5.5,4.3
norway::aasgaard_thelo,Norway,AASGAARD Thelo,2026-06-11T03:59:59+00:00,BACKFILLED_PRE_TOURNAMENT_FACT,NA,NA,NA,NA,NA,NA,NA,data/database/players_database.csv,24,Rangers FC (SCO),SCO,MF,8,5,7.5,6.2
norway::ajer_kristoffer,Norway,AJER Kristoffer,2026-06-11T03:59:59+00:00,BACKFILLED_PRE_TOURNAMENT_FACT,NA,NA,NA,NA,NA,NA,NA,data/database/players_database.csv,28,Brentford FC (ENG),ENG,DF,54,2,9.0,7.3
norway::aursnes_fredrik,Norway,AURSNES Fredrik,2026-06-11T03:59:59+00:00,BACKFILLED_PRE_TOURNAMENT_FACT,NA,NA,NA,NA,NA,NA,NA,data/database/players_database.csv,30,SL Ben ca (POR),POR,MF,24,1,7.5,5.1
norway::berg_patrick,Norway,BERG Patrick,2026-06-11T03:59:59+00:00,BACKFILLED_PRE_TOURNAMENT_FACT,NA,NA,NA,NA,NA,NA,NA,data/database/players_database.csv,28,FK Bodø/Glimt (NOR),NOR,MF,45,0,6.5,5.1
norway::berge_sander,Norway,BERGE Sander,2026-06-11T03:59:59+00:00,BACKFILLED_PRE_TOURNAMENT_FACT,NA,NA,NA,NA,NA,NA,NA,data/database/players_database.csv,28,Fulham FC (ENG),ENG,MF,68,1,9.0,7.0
norway::bjorkan_fredrik_andre,Norway,BJORKAN Fredrik Andre,2026-06-11T03:59:59+00:00,BACKFILLED_PRE_TOURNAMENT_FACT,NA,NA,NA,NA,NA,NA,NA,data/database/players_database.csv,27,FK Bodø/Glimt (NOR),NOR,DF,21,1,6.5,5.5
norway::bobb_oscar,Norway,BOBB Oscar,2026-06-11T03:59:59+00:00,BACKFILLED_PRE_TOURNAMENT_FACT,NA,NA,NA,NA,NA,NA,NA,data/database/players_database.csv,22,Fulham FC (ENG),ENG,MF,22,2,9.0,5.9
norway::falchener_henrik,Norway,FALCHENER Henrik,2026-06-11T03:59:59+00:00,BACKFILLED_PRE_TOURNAMENT_FACT,NA,NA,NA,NA,NA,NA,NA,data/database/players_database.csv,23,Viking Stavanger (NOR),NOR,DF,1,0,6.5,2.9
norway::haaland_erling,Norway,HAALAND Erling,2026-06-11T03:59:59+00:00,BACKFILLED_PRE_TOURNAMENT_FACT,NA,NA,NA,NA,NA,NA,NA,data/database/players_database.csv,25,Manchester City FC (ENG),ENG,FW,52,59,9.0,8.5
norway::hauge_jens_petter,Norway,HAUGE Jens Petter,2026-06-11T03:59:59+00:00,BACKFILLED_PRE_TOURNAMENT_FACT,NA,NA,NA,NA,NA,NA,NA,data/database/players_database.csv,26,FK Bodø/Glimt (NOR),NOR,MF,15,1,6.5,4.9
norway::heggem_torbjorn,Norway,HEGGEM Torbjorn,2026-06-11T03:59:59+00:00,BACKFILLED_PRE_TOURNAMENT_FACT,NA,NA,NA,NA,NA,NA,NA,data/database/players_database.csv,27,Bologna FC (ITA),ITA,DF,17,0,9.0,4.5
norway::holmgren_pedersen_marcus,Norway,HOLMGREN PEDERSEN Marcus,2026-06-11T03:59:59+00:00,BACKFILLED_PRE_TOURNAMENT_FACT,NA,NA,NA,NA,NA,NA,NA,data/database/players_database.csv,25,Torino FC (ITA),ITA,DF,33,1,9.0,6.1
norway::langas_sondre,Norway,LANGAS Sondre,2026-06-11T03:59:59+00:00,BACKFILLED_PRE_TOURNAMENT_FACT,NA,NA,NA,NA,NA,NA,NA,data/database/players_database.csv,25,Derby County FC (ENG),ENG,DF,3,0,9.0,3.9
norway::moller_wolfe_david,Norway,MOLLER WOLFE David,2026-06-11T03:59:59+00:00,BACKFILLED_PRE_TOURNAMENT_FACT,NA,NA,NA,NA,NA,NA,NA,data/database/players_database.csv,24,Wolverhampton Wanderers FC (ENG),ENG,DF,24,1,9.0,6.1
norway::nusa_antonio,Norway,NUSA Antonio,2026-06-11T03:59:59+00:00,BACKFILLED_PRE_TOURNAMENT_FACT,NA,NA,NA,NA,NA,NA,NA,data/database/players_database.csv,21,RB Leipzig (GER),GER,FW,26,8,9.0,6.8
norway::nyland_orjan,Norway,NYLAND Orjan,2026-06-11T03:59:59+00:00,BACKFILLED_PRE_TOURNAMENT_FACT,NA,NA,NA,NA,NA,NA,NA,data/database/players_database.csv,35,Sevilla FC (ESP),ESP,GK,73,0,9.0,8.5
norway::odegaard_martin,Norway,ODEGAARD Martin,2026-06-11T03:59:59+00:00,BACKFILLED_PRE_TOURNAMENT_FACT,NA,NA,NA,NA,NA,NA,NA,data/database/players_database.csv,27,Arsenal FC (ENG),ENG,MF,70,5,9.0,8.0
norway::ostigard_leo,Norway,OSTIGARD Leo,2026-06-11T03:59:59+00:00,BACKFILLED_PRE_TOURNAMENT_FACT,NA,NA,NA,NA,NA,NA,NA,data/database/players_database.csv,26,Genoa CFC (ITA),ITA,DF,40,2,9.0,7.1
norway::ryerson_julian,Norway,RYERSON Julian,2026-06-11T03:59:59+00:00,BACKFILLED_PRE_TOURNAMENT_FACT,NA,NA,NA,NA,NA,NA,NA,data/database/players_database.csv,28,Borussia Dortmund (GER),GER,FW,45,1,9.0,5.9
norway::schjelderup_andreas,Norway,SCHJELDERUP Andreas,2026-06-11T03:59:59+00:00,BACKFILLED_PRE_TOURNAMENT_FACT,NA,NA,NA,NA,NA,NA,NA,data/database/players_database.csv,22,SL Ben ca (POR),POR,MF,14,1,7.5,4.9
norway::selvik_egil,Norway,SELVIK Egil,2026-06-11T03:59:59+00:00,BACKFILLED_PRE_TOURNAMENT_FACT,NA,NA,NA,NA,NA,NA,NA,data/database/players_database.csv,28,Watford FC (ENG),ENG,GK,7,0,9.0,5.5
norway::sorloth_alexander,Norway,SORLOTH Alexander,2026-06-11T03:59:59+00:00,BACKFILLED_PRE_TOURNAMENT_FACT,NA,NA,NA,NA,NA,NA,NA,data/database/players_database.csv,30,Atlético De Madrid (ESP),ESP,FW,74,26,9.0,9.5
norway::strand_larsen_jorgen,Norway,STRAND LARSEN Jorgen,2026-06-11T03:59:59+00:00,BACKFILLED_PRE_TOURNAMENT_FACT,NA,NA,NA,NA,NA,NA,NA,data/database/players_database.csv,26,Crystal Palace FC (ENG),ENG,FW,28,6,9.0,6.5
norway::tangvik_sander,Norway,TANGVIK Sander,2026-06-11T03:59:59+00:00,BACKFILLED_PRE_TOURNAMENT_FACT,NA,NA,NA,NA,NA,NA,NA,data/database/players_database.csv,23,Hamburger SV (GER),GER,GK,0,0,9.0,4.8
norway::thorsby_morten,Norway,THORSBY Morten,2026-06-11T03:59:59+00:00,BACKFILLED_PRE_TOURNAMENT_FACT,NA,NA,NA,NA,NA,NA,NA,data/database/players_database.csv,30,US Cremonese (ITA),ITA,MF,31,0,9.0,5.1
norway::thorstvedt_kristian,Norway,THORSTVEDT Kristian,2026-06-11T03:59:59+00:00,BACKFILLED_PRE_TOURNAMENT_FACT,NA,NA,NA,NA,NA,NA,NA,data/database/players_database.csv,27,US Sassuolo (ITA),ITA,MF,38,4,9.0,7.2
panama::andrade_andres,Panama,ANDRADE Andres,2026-06-11T03:59:59+00:00,BACKFILLED_PRE_TOURNAMENT_FACT,NA,NA,NA,NA,NA,NA,NA,data/database/players_database.csv,27,LASK Linz (AUT),AUT,DF,52,1,7.5,6.3
panama::barcenas_edgar_yoel,Panama,BARCENAS Edgar Yoel,2026-06-11T03:59:59+00:00,BACKFILLED_PRE_TOURNAMENT_FACT,NA,NA,NA,NA,NA,NA,NA,data/database/players_database.csv,32,Mazatlán FC (MEX),MEX,MF,106,10,7.5,8.1
panama::blackman_cesar,Panama,BLACKMAN Cesar,2026-06-11T03:59:59+00:00,BACKFILLED_PRE_TOURNAMENT_FACT,NA,NA,NA,NA,NA,NA,NA,data/database/players_database.csv,28,ŠK Slovan Bratislava (SVK),SVK,DF,42,3,6.5,7.2
panama::carrasquilla_adalberto,Panama,CARRASQUILLA Adalberto,2026-06-11T03:59:59+00:00,BACKFILLED_PRE_TOURNAMENT_FACT,NA,NA,NA,NA,NA,NA,NA,data/database/players_database.csv,27,Pumas UNAM (MEX),MEX,MF,73,3,7.5,7.3
panama::cordoba_jose,Panama,CORDOBA Jose,2026-06-11T03:59:59+00:00,BACKFILLED_PRE_TOURNAMENT_FACT,NA,NA,NA,NA,NA,NA,NA,data/database/players_database.csv,25,Norwich City FC (ENG),ENG,DF,34,1,9.0,6.2
panama::davis_eric,Panama,DAVIS Eric,2026-06-11T03:59:59+00:00,BACKFILLED_PRE_TOURNAMENT_FACT,NA,NA,NA,NA,NA,NA,NA,data/database/players_database.csv,35,CD Plaza Amador (PAN),PAN,DF,108,9,5.5,8.3
panama::diaz_ismael,Panama,DIAZ Ismael,2026-06-11T03:59:59+00:00,BACKFILLED_PRE_TOURNAMENT_FACT,NA,NA,NA,NA,NA,NA,NA,data/database/players_database.csv,29,Club León (MEX),MEX,MF,57,17,7.5,8.4
panama::escobar_fidel,Panama,ESCOBAR Fidel,2026-06-11T03:59:59+00:00,BACKFILLED_PRE_TOURNAMENT_FACT,NA,NA,NA,NA,NA,NA,NA,data/database/players_database.csv,31,Deportivo Saprissa (CRC),CRC,DF,99,4,5.5,7.3
panama::fajardo_jose,Panama,FAJARDO Jose,2026-06-11T03:59:59+00:00,BACKFILLED_PRE_TOURNAMENT_FACT,NA,NA,NA,NA,NA,NA,NA,data/database/players_database.csv,32,CD Universidad Católica (ECU),ECU,FW,71,17,5.5,7.4
panama::farina_edgardo,Panama,FARINA Edgardo,2026-06-11T03:59:59+00:00,BACKFILLED_PRE_TOURNAMENT_FACT,NA,NA,NA,NA,NA,NA,NA,data/database/players_database.csv,24,FC Pari Nizhny Novgorod (RUS),RUS,DF,18,0,5.5,3.7
panama::godoy_anibal,Panama,GODOY Anibal,2026-06-11T03:59:59+00:00,BACKFILLED_PRE_TOURNAMENT_FACT,NA,NA,NA,NA,NA,NA,NA,data/database/players_database.csv,36,San Diego FC (USA),USA,MF,160,4,7.5,6.7
panama::gutierrez_jorge,Panama,GUTIERREZ Jorge,2026-06-11T03:59:59+00:00,BACKFILLED_PRE_TOURNAMENT_FACT,NA,NA,NA,NA,NA,NA,NA,data/database/players_database.csv,27,Deportivo La Guaira (VEN),VEN,DF,18,0,5.5,3.7
panama::harvey_carlos,Panama,HARVEY Carlos,2026-06-11T03:59:59+00:00,BACKFILLED_PRE_TOURNAMENT_FACT,NA,NA,NA,NA,NA,NA,NA,data/database/players_database.csv,26,Minnesota United FC (USA),USA,DF,30,3,7.5,7.2
panama::londono_azarias,Panama,LONDONO Azarias,2026-06-11T03:59:59+00:00,BACKFILLED_PRE_TOURNAMENT_FACT,NA,NA,NA,NA,NA,NA,NA,data/database/players_database.csv,25,CD Universidad Católica (ECU),ECU,FW,14,1,5.5,4.0
panama::martinez_cristian,Panama,MARTINEZ Cristian,2026-06-11T03:59:59+00:00,BACKFILLED_PRE_TOURNAMENT_FACT,NA,NA,NA,NA,NA,NA,NA,data/database/players_database.csv,29,Hapoel Kiryat Shmona FC (ISR),ISR,MF,69,2,5.5,6.4
panama::mejia_luis,Panama,MEJIA Luis,2026-06-11T03:59:59+00:00,BACKFILLED_PRE_TOURNAMENT_FACT,NA,NA,NA,NA,NA,NA,NA,data/database/players_database.csv,35,Club Nacional (URU),URU,GK,56,0,6.5,6.6
panama::miller_roderick,Panama,MILLER Roderick,2026-06-11T03:59:59+00:00,BACKFILLED_PRE_TOURNAMENT_FACT,NA,NA,NA,NA,NA,NA,NA,data/database/players_database.csv,34,Turan Tovuz (AZE),AZE,DF,49,2,5.5,5.7
panama::mosquera_orlando,Panama,MOSQUERA Orlando,2026-06-11T03:59:59+00:00,BACKFILLED_PRE_TOURNAMENT_FACT,NA,NA,NA,NA,NA,NA,NA,data/database/players_database.csv,31,Al Fayha FC (KSA),KSA,GK,51,0,7.5,7.1
panama::murillo_amir,Panama,MURILLO Amir,2026-06-11T03:59:59+00:00,BACKFILLED_PRE_TOURNAMENT_FACT,NA,NA,NA,NA,NA,NA,NA,data/database/players_database.csv,30,Beşiktaş JK (TUR),TUR,DF,95,9,7.5,9.4
panama::quintero_alberto,Panama,QUINTERO Alberto,2026-06-11T03:59:59+00:00,BACKFILLED_PRE_TOURNAMENT_FACT,NA,NA,NA,NA,NA,NA,NA,data/database/players_database.csv,38,CD Plaza Amador (PAN),PAN,MF,141,7,5.5,6.3
panama::ramos_jiovany,Panama,RAMOS Jiovany,2026-06-11T03:59:59+00:00,BACKFILLED_PRE_TOURNAMENT_FACT,NA,NA,NA,NA,NA,NA,NA,data/database/players_database.csv,29,Puerto Cabello CF (VEN),VEN,DF,25,2,5.5,6.5
panama::rodriguez_jose_luis,Panama,RODRIGUEZ Jose Luis,2026-06-11T03:59:59+00:00,BACKFILLED_PRE_TOURNAMENT_FACT,NA,NA,NA,NA,NA,NA,NA,data/database/players_database.csv,28,FC Juárez (MEX),MEX,MF,72,8,7.5,8.4
panama::rodriguez_tomas,Panama,RODRIGUEZ Tomas,2026-06-11T03:59:59+00:00,BACKFILLED_PRE_TOURNAMENT_FACT,NA,NA,NA,NA,NA,NA,NA,data/database/players_database.csv,27,Deportivo Saprissa (CRC),CRC,FW,14,4,5.5,5.5
panama::samudio_cesar,Panama,SAMUDIO Cesar,2026-06-11T03:59:59+00:00,BACKFILLED_PRE_TOURNAMENT_FACT,NA,NA,NA,NA,NA,NA,NA,data/database/players_database.csv,32,CD Marathón (HON),HON,GK,5,0,5.5,3.8
panama::waterman_cecilio,Panama,WATERMAN Cecilio,2026-06-11T03:59:59+00:00,BACKFILLED_PRE_TOURNAMENT_FACT,NA,NA,NA,NA,NA,NA,NA,data/database/players_database.csv,35,CD Universidad De Concepción (CHI),CHI,FW,57,15,5.5,6.6
panama::yanis_cesar,Panama,YANIS Cesar,2026-06-11T03:59:59+00:00,BACKFILLED_PRE_TOURNAMENT_FACT,NA,NA,NA,NA,NA,NA,NA,data/database/players_database.csv,30,CD Cobresal (CHI),CHI,MF,55,5,5.5,6.8
paraguay::alderete_omar,Paraguay,ALDERETE Omar,2026-06-11T03:59:59+00:00,BACKFILLED_PRE_TOURNAMENT_FACT,NA,NA,NA,NA,NA,NA,NA,data/database/players_database.csv,29,Sunderland AFC (ENG),ENG,DF,39,3,9.0,7.9
paraguay::almiron_miguel,Paraguay,ALMIRON Miguel,2026-06-11T03:59:59+00:00,BACKFILLED_PRE_TOURNAMENT_FACT,NA,NA,NA,NA,NA,NA,NA,data/database/players_database.csv,32,Atlanta United FC (USA),USA,MF,78,10,7.5,8.6
paraguay::alonso_junior,Paraguay,ALONSO Junior,2026-06-11T03:59:59+00:00,BACKFILLED_PRE_TOURNAMENT_FACT,NA,NA,NA,NA,NA,NA,NA,data/database/players_database.csv,33,Atlético Mineiro (BRA),BRA,DF,74,3,7.5,7.6
paraguay::arce_alex,Paraguay,ARCE Alex,2026-06-11T03:59:59+00:00,BACKFILLED_PRE_TOURNAMENT_FACT,NA,NA,NA,NA,NA,NA,NA,data/database/players_database.csv,31,CS Independiente Rivadavia (ARG),ARG,FW,17,1,7.5,4.2
paraguay::avalos_gabriel,Paraguay,AVALOS Gabriel,2026-06-11T03:59:59+00:00,BACKFILLED_PRE_TOURNAMENT_FACT,NA,NA,NA,NA,NA,NA,NA,data/database/players_database.csv,34,CA Independiente (ARG),ARG,FW,25,2,7.5,4.4
paraguay::balbuena_fabian,Paraguay,BALBUENA Fabian,2026-06-11T03:59:59+00:00,BACKFILLED_PRE_TOURNAMENT_FACT,NA,NA,NA,NA,NA,NA,NA,data/database/players_database.csv,34,Grêmio FBPA (BRA),BRA,DF,47,2,7.5,6.2
paraguay::bobadilla_damian,Paraguay,BOBADILLA Damian,2026-06-11T03:59:59+00:00,BACKFILLED_PRE_TOURNAMENT_FACT,NA,NA,NA,NA,NA,NA,NA,data/database/players_database.csv,24,São Paulo FC (BRA),BRA,MF,22,1,7.5,5.1
paraguay::caballero_gustavo,Paraguay,CABALLERO Gustavo,2026-06-11T03:59:59+00:00,BACKFILLED_PRE_TOURNAMENT_FACT,NA,NA,NA,NA,NA,NA,NA,data/database/players_database.csv,24,Portsmouth FC (ENG),ENG,MF,2,1,9.0,6.3
paraguay::caceres_juan_jose,Paraguay,CACERES Juan Jose,2026-06-11T03:59:59+00:00,BACKFILLED_PRE_TOURNAMENT_FACT,NA,NA,NA,NA,NA,NA,NA,data/database/players_database.csv,26,FC Dynamo Moscow (RUS),RUS,DF,20,0,5.5,3.8
paraguay::canale_jose,Paraguay,CANALE Jose,2026-06-11T03:59:59+00:00,BACKFILLED_PRE_TOURNAMENT_FACT,NA,NA,NA,NA,NA,NA,NA,data/database/players_database.csv,29,CA Lanús (ARG),ARG,DF,4,0,7.5,3.5
paraguay::cubas_andres,Paraguay,CUBAS Andres,2026-06-11T03:59:59+00:00,BACKFILLED_PRE_TOURNAMENT_FACT,NA,NA,NA,NA,NA,NA,NA,data/database/players_database.csv,30,Vancouver Whitecaps FC (CAN),CAN,MF,36,0,5.5,4.5
paraguay::enciso_julio,Paraguay,ENCISO Julio,2026-06-11T03:59:59+00:00,BACKFILLED_PRE_TOURNAMENT_FACT,NA,NA,NA,NA,NA,NA,NA,data/database/players_database.csv,22,RC Strasbourg (FRA),FRA,FW,35,4,9.0,5.8
paraguay::fernandez_gatito,Paraguay,FERNANDEZ Gatito,2026-06-11T03:59:59+00:00,BACKFILLED_PRE_TOURNAMENT_FACT,NA,NA,NA,NA,NA,NA,NA,data/database/players_database.csv,38,Cerro Porteño (PAR),PAR,GK,30,0,6.5,4.8
paraguay::galarza_matias,Paraguay,GALARZA Matias,2026-06-11T03:59:59+00:00,BACKFILLED_PRE_TOURNAMENT_FACT,NA,NA,NA,NA,NA,NA,NA,data/database/players_database.csv,24,Atlanta United FC (USA),USA,MF,17,4,7.5,6.6
paraguay::gill_orlando,Paraguay,GILL Orlando,2026-06-11T03:59:59+00:00,BACKFILLED_PRE_TOURNAMENT_FACT,NA,NA,NA,NA,NA,NA,NA,data/database/players_database.csv,26,CA San Lorenzo (ARG),ARG,GK,9,0,7.5,5.1
paraguay::gomez_diego,Paraguay,GOMEZ Diego,2026-06-11T03:59:59+00:00,BACKFILLED_PRE_TOURNAMENT_FACT,NA,NA,NA,NA,NA,NA,NA,data/database/players_database.csv,23,Brighton & Hove Albion FC (ENG),ENG,MF,27,3,9.0,6.5
paraguay::gomez_gustavo,Paraguay,GOMEZ Gustavo,2026-06-11T03:59:59+00:00,BACKFILLED_PRE_TOURNAMENT_FACT,NA,NA,NA,NA,NA,NA,NA,data/database/players_database.csv,33,SE Palmeiras (BRA),BRA,DF,92,4,7.5,7.9
paraguay::maidana_alexandro,Paraguay,MAIDANA Alexandro,2026-06-11T03:59:59+00:00,BACKFILLED_PRE_TOURNAMENT_FACT,NA,NA,NA,NA,NA,NA,NA,data/database/players_database.csv,20,CA Talleres (ARG),ARG,DF,4,1,7.5,5.4
paraguay::mauricio,Paraguay,MAURICIO,2026-06-11T03:59:59+00:00,BACKFILLED_PRE_TOURNAMENT_FACT,NA,NA,NA,NA,NA,NA,NA,data/database/players_database.csv,25,SE Palmeiras (BRA),BRA,MF,5,1,7.5,6.1
paraguay::ojeda_braian,Paraguay,OJEDA Braian,2026-06-11T03:59:59+00:00,BACKFILLED_PRE_TOURNAMENT_FACT,NA,NA,NA,NA,NA,NA,NA,data/database/players_database.csv,25,Orlando City SC (USA),USA,MF,17,0,7.5,4.1
paraguay::olveira_gaston,Paraguay,OLVEIRA Gaston,2026-06-11T03:59:59+00:00,BACKFILLED_PRE_TOURNAMENT_FACT,NA,NA,NA,NA,NA,NA,NA,data/database/players_database.csv,33,Club Olimpia (PAR),PAR,GK,1,0,6.5,3.9
paraguay::pitta_isidro,Paraguay,PITTA Isidro,2026-06-11T03:59:59+00:00,BACKFILLED_PRE_TOURNAMENT_FACT,NA,NA,NA,NA,NA,NA,NA,data/database/players_database.csv,26,Red Bull Bragantino (BRA),BRA,FW,6,0,7.5,3.6
paraguay::romero_gamarra_alejandro,Paraguay,ROMERO GAMARRA Alejandro,2026-06-11T03:59:59+00:00,BACKFILLED_PRE_TOURNAMENT_FACT,NA,NA,NA,NA,NA,NA,NA,data/database/players_database.csv,31,Al Ain FC (UAE),UAE,FW,35,6,6.5,5.6
paraguay::sanabria_antonio,Paraguay,SANABRIA Antonio,2026-06-11T03:59:59+00:00,BACKFILLED_PRE_TOURNAMENT_FACT,NA,NA,NA,NA,NA,NA,NA,data/database/players_database.csv,30,US Cremonese (ITA),ITA,FW,49,7,9.0,6.9
paraguay::sosa_ramon,Paraguay,SOSA Ramon,2026-06-11T03:59:59+00:00,BACKFILLED_PRE_TOURNAMENT_FACT,NA,NA,NA,NA,NA,NA,NA,data/database/players_database.csv,26,SE Palmeiras (BRA),BRA,MF,30,1,7.5,5.2
paraguay::velazquez_gustavo,Paraguay,VELAZQUEZ Gustavo,2026-06-11T03:59:59+00:00,BACKFILLED_PRE_TOURNAMENT_FACT,NA,NA,NA,NA,NA,NA,NA,data/database/players_database.csv,35,Cerro Porteño (PAR),PAR,DF,16,1,6.5,5.2
portugal::bernardo_silva,Portugal,BERNARDO SILVA,2026-06-11T03:59:59+00:00,BACKFILLED_PRE_TOURNAMENT_FACT,NA,NA,NA,NA,NA,NA,NA,data/database/players_database.csv,31,Manchester City FC (ENG),ENG,MF,111,14,9.0,9.1
portugal::bruno_fernandes,Portugal,BRUNO FERNANDES,2026-06-11T03:59:59+00:00,BACKFILLED_PRE_TOURNAMENT_FACT,NA,NA,NA,NA,NA,NA,NA,data/database/players_database.csv,31,Manchester United FC (ENG),ENG,MF,91,29,9.0,9.4
portugal::cristiano_ronaldo,Portugal,CRISTIANO RONALDO,2026-06-11T03:59:59+00:00,BACKFILLED_PRE_TOURNAMENT_FACT,NA,NA,NA,NA,NA,NA,NA,data/database/players_database.csv,41,Al Nassr FC (KSA),KSA,FW,230,145,7.5,8.5
portugal::diogo_costa,Portugal,DIOGO COSTA,2026-06-11T03:59:59+00:00,BACKFILLED_PRE_TOURNAMENT_FACT,NA,NA,NA,NA,NA,NA,NA,data/database/players_database.csv,26,FC Porto (POR),POR,GK,45,0,7.5,7.2
portugal::diogo_dalot,Portugal,DIOGO DALOT,2026-06-11T03:59:59+00:00,BACKFILLED_PRE_TOURNAMENT_FACT,NA,NA,NA,NA,NA,NA,NA,data/database/players_database.csv,27,Manchester United FC (ENG),ENG,DF,35,3,9.0,7.8
portugal::francisco_conceicao,Portugal,FRANCISCO CONCEICAO,2026-06-11T03:59:59+00:00,BACKFILLED_PRE_TOURNAMENT_FACT,NA,NA,NA,NA,NA,NA,NA,data/database/players_database.csv,23,Juventus FC (ITA),ITA,FW,19,4,9.0,5.8
portugal::francisco_trincao,Portugal,FRANCISCO TRINCAO,2026-06-11T03:59:59+00:00,BACKFILLED_PRE_TOURNAMENT_FACT,NA,NA,NA,NA,NA,NA,NA,data/database/players_database.csv,26,Sporting CP (POR),POR,FW,19,3,7.5,5.3
portugal::goncalo_guedes,Portugal,GONCALO GUEDES,2026-06-11T03:59:59+00:00,BACKFILLED_PRE_TOURNAMENT_FACT,NA,NA,NA,NA,NA,NA,NA,data/database/players_database.csv,29,Real Sociedad (ESP),ESP,FW,35,8,9.0,6.9
portugal::goncalo_inacio,Portugal,GONCALO INACIO,2026-06-11T03:59:59+00:00,BACKFILLED_PRE_TOURNAMENT_FACT,NA,NA,NA,NA,NA,NA,NA,data/database/players_database.csv,24,Sporting CP (POR),POR,DF,22,2,7.5,6.8
portugal::goncalo_ramos,Portugal,GONCALO RAMOS,2026-06-11T03:59:59+00:00,BACKFILLED_PRE_TOURNAMENT_FACT,NA,NA,NA,NA,NA,NA,NA,data/database/players_database.csv,25,Paris Saint-Germain (FRA),FRA,FW,26,10,9.0,7.4
portugal::joao_cancelo,Portugal,JOAO CANCELO,2026-06-11T03:59:59+00:00,BACKFILLED_PRE_TOURNAMENT_FACT,NA,NA,NA,NA,NA,NA,NA,data/database/players_database.csv,32,FC Barcelona (ESP),ESP,DF,70,12,9.0,9.0
portugal::joao_felix,Portugal,JOAO FELIX,2026-06-11T03:59:59+00:00,BACKFILLED_PRE_TOURNAMENT_FACT,NA,NA,NA,NA,NA,NA,NA,data/database/players_database.csv,26,Al Nassr FC (KSA),KSA,FW,55,12,7.5,7.3
portugal::joao_neves,Portugal,JOAO NEVES,2026-06-11T03:59:59+00:00,BACKFILLED_PRE_TOURNAMENT_FACT,NA,NA,NA,NA,NA,NA,NA,data/database/players_database.csv,21,Paris Saint-Germain (FRA),FRA,MF,24,4,9.0,7.0
portugal::jose_sa,Portugal,JOSE SA,2026-06-11T03:59:59+00:00,BACKFILLED_PRE_TOURNAMENT_FACT,NA,NA,NA,NA,NA,NA,NA,data/database/players_database.csv,33,Wolverhampton Wanderers FC (ENG),ENG,GK,5,0,9.0,5.0
portugal::matheus_nunes,Portugal,MATHEUS NUNES,2026-06-11T03:59:59+00:00,BACKFILLED_PRE_TOURNAMENT_FACT,NA,NA,NA,NA,NA,NA,NA,data/database/players_database.csv,27,Manchester City FC (ENG),ENG,MF,20,2,9.0,6.3
portugal::nelson_semedo,Portugal,NELSON SEMEDO,2026-06-11T03:59:59+00:00,BACKFILLED_PRE_TOURNAMENT_FACT,NA,NA,NA,NA,NA,NA,NA,data/database/players_database.csv,32,Fenerbahçe SK (TUR),TUR,DF,52,0,7.5,5.4
portugal::nuno_mendes,Portugal,NUNO MENDES,2026-06-11T03:59:59+00:00,BACKFILLED_PRE_TOURNAMENT_FACT,NA,NA,NA,NA,NA,NA,NA,data/database/players_database.csv,24,Paris Saint-Germain (FRA),FRA,DF,46,2,9.0,7.1
portugal::pedro_neto,Portugal,PEDRO NETO,2026-06-11T03:59:59+00:00,BACKFILLED_PRE_TOURNAMENT_FACT,NA,NA,NA,NA,NA,NA,NA,data/database/players_database.csv,26,Chelsea FC (ENG),ENG,FW,27,3,9.0,5.7
portugal::rafael_leao,Portugal,RAFAEL LEAO,2026-06-11T03:59:59+00:00,BACKFILLED_PRE_TOURNAMENT_FACT,NA,NA,NA,NA,NA,NA,NA,data/database/players_database.csv,27,AC Milan (ITA),ITA,FW,46,6,9.0,6.7
portugal::renato_veiga,Portugal,RENATO VEIGA,2026-06-11T03:59:59+00:00,BACKFILLED_PRE_TOURNAMENT_FACT,NA,NA,NA,NA,NA,NA,NA,data/database/players_database.csv,22,Villarreal CF (ESP),ESP,DF,15,1,9.0,6.2
portugal::ruben_dias,Portugal,RUBEN DIAS,2026-06-11T03:59:59+00:00,BACKFILLED_PRE_TOURNAMENT_FACT,NA,NA,NA,NA,NA,NA,NA,data/database/players_database.csv,29,Manchester City FC (ENG),ENG,DF,77,3,9.0,8.3
portugal::ruben_neves,Portugal,RUBEN NEVES,2026-06-11T03:59:59+00:00,BACKFILLED_PRE_TOURNAMENT_FACT,NA,NA,NA,NA,NA,NA,NA,data/database/players_database.csv,29,Al Hilal SC (KSA),KSA,MF,67,1,7.5,6.6
portugal::rui_silva,Portugal,RUI SILVA,2026-06-11T03:59:59+00:00,BACKFILLED_PRE_TOURNAMENT_FACT,NA,NA,NA,NA,NA,NA,NA,data/database/players_database.csv,32,Sporting CP (POR),POR,GK,3,0,7.5,4.4
portugal::samu_costa,Portugal,SAMU COSTA,2026-06-11T03:59:59+00:00,BACKFILLED_PRE_TOURNAMENT_FACT,NA,NA,NA,NA,NA,NA,NA,data/database/players_database.csv,25,RCD Mallorca (ESP),ESP,DF,6,0,9.0,4.0
portugal::tomas_araujo,Portugal,TOMAS ARAUJO,2026-06-11T03:59:59+00:00,BACKFILLED_PRE_TOURNAMENT_FACT,NA,NA,NA,NA,NA,NA,NA,data/database/players_database.csv,24,SL Ben ca (POR),POR,DF,6,0,7.5,3.6
portugal::vitinha,Portugal,VITINHA,2026-06-11T03:59:59+00:00,BACKFILLED_PRE_TOURNAMENT_FACT,NA,NA,NA,NA,NA,NA,NA,data/database/players_database.csv,26,Paris Saint-Germain (FRA),FRA,MF,40,0,9.0,5.5
qatar::abdulaziz_hatem,Qatar,ABDULAZIZ HATEM,2026-06-11T03:59:59+00:00,BACKFILLED_PRE_TOURNAMENT_FACT,NA,NA,NA,NA,NA,NA,NA,data/database/players_database.csv,36,Al Rayyan SC (QAT),QAT,MF,133,11,6.5,7.4
qatar::ahmed_alaaeldin,Qatar,AHMED ALAAELDIN,2026-06-11T03:59:59+00:00,BACKFILLED_PRE_TOURNAMENT_FACT,NA,NA,NA,NA,NA,NA,NA,data/database/players_database.csv,33,Al Rayyan SC (QAT),QAT,FW,79,10,6.5,7.2
qatar::ahmed_alganehi,Qatar,AHMED ALGANEHI,2026-06-11T03:59:59+00:00,BACKFILLED_PRE_TOURNAMENT_FACT,NA,NA,NA,NA,NA,NA,NA,data/database/players_database.csv,25,Al Gharafa SC (QAT),QAT,MF,16,1,6.5,4.9
qatar::ahmed_fathy,Qatar,AHMED FATHY,2026-06-11T03:59:59+00:00,BACKFILLED_PRE_TOURNAMENT_FACT,NA,NA,NA,NA,NA,NA,NA,data/database/players_database.csv,33,Al Arabi SC (QAT),QAT,MF,57,0,6.5,5.3
qatar::akram_afif,Qatar,AKRAM AFIF,2026-06-11T03:59:59+00:00,BACKFILLED_PRE_TOURNAMENT_FACT,NA,NA,NA,NA,NA,NA,NA,data/database/players_database.csv,29,Al Sadd SC (QAT),QAT,FW,139,40,6.5,8.7
qatar::alhashmi_alhussein,Qatar,ALHASHMI ALHUSSEIN,2026-06-11T03:59:59+00:00,BACKFILLED_PRE_TOURNAMENT_FACT,NA,NA,NA,NA,NA,NA,NA,data/database/players_database.csv,22,Al Arabi SC (QAT),QAT,DF,11,0,6.5,3.3
qatar::almoez_ali,Qatar,ALMOEZ ALI,2026-06-11T03:59:59+00:00,BACKFILLED_PRE_TOURNAMENT_FACT,NA,NA,NA,NA,NA,NA,NA,data/database/players_database.csv,29,Al Duhail SC (QAT),QAT,FW,129,58,6.5,9.1
qatar::assim_madibo,Qatar,ASSIM MADIBO,2026-06-11T03:59:59+00:00,BACKFILLED_PRE_TOURNAMENT_FACT,NA,NA,NA,NA,NA,NA,NA,data/database/players_database.csv,29,Al Wakrah SC (QAT),QAT,MF,66,0,6.5,6.0
qatar::ayoub_aloui,Qatar,AYOUB ALOUI,2026-06-11T03:59:59+00:00,BACKFILLED_PRE_TOURNAMENT_FACT,NA,NA,NA,NA,NA,NA,NA,data/database/players_database.csv,21,Al Gharafa SC (QAT),QAT,DF,9,0,6.5,3.2
qatar::boualem_khoukhi,Qatar,BOUALEM KHOUKHI,2026-06-11T03:59:59+00:00,BACKFILLED_PRE_TOURNAMENT_FACT,NA,NA,NA,NA,NA,NA,NA,data/database/players_database.csv,35,Al Sadd SC (QAT),QAT,DF,131,21,6.5,8.5
qatar::edmilson_junior,Qatar,EDMILSON JUNIOR,2026-06-11T03:59:59+00:00,BACKFILLED_PRE_TOURNAMENT_FACT,NA,NA,NA,NA,NA,NA,NA,data/database/players_database.csv,31,Al Duhail SC (QAT),QAT,FW,19,0,6.5,3.7
qatar::hassan_alhaydos,Qatar,HASSAN ALHAYDOS,2026-06-11T03:59:59+00:00,BACKFILLED_PRE_TOURNAMENT_FACT,NA,NA,NA,NA,NA,NA,NA,data/database/players_database.csv,35,Al Sadd SC (QAT),QAT,FW,191,40,6.5,7.5
qatar::homam_ahmed,Qatar,HOMAM AHMED,2026-06-11T03:59:59+00:00,BACKFILLED_PRE_TOURNAMENT_FACT,NA,NA,NA,NA,NA,NA,NA,data/database/players_database.csv,26,Cultural Leonesa (ESP),ESP,DF,78,3,9.0,8.4
qatar::issa_laye,Qatar,ISSA LAYE,2026-06-11T03:59:59+00:00,BACKFILLED_PRE_TOURNAMENT_FACT,NA,NA,NA,NA,NA,NA,NA,data/database/players_database.csv,28,Al Arabi SC (QAT),QAT,DF,7,0,6.5,3.4
qatar::jassem_gaber,Qatar,JASSEM GABER,2026-06-11T03:59:59+00:00,BACKFILLED_PRE_TOURNAMENT_FACT,NA,NA,NA,NA,NA,NA,NA,data/database/players_database.csv,24,Al Rayyan SC (QAT),QAT,DF,40,1,6.5,5.7
qatar::karim_boudiaf,Qatar,KARIM BOUDIAF,2026-06-11T03:59:59+00:00,BACKFILLED_PRE_TOURNAMENT_FACT,NA,NA,NA,NA,NA,NA,NA,data/database/players_database.csv,35,Al Duhail SC (QAT),QAT,MF,130,6,6.5,6.8
qatar::lucas_mendes,Qatar,LUCAS MENDES,2026-06-11T03:59:59+00:00,BACKFILLED_PRE_TOURNAMENT_FACT,NA,NA,NA,NA,NA,NA,NA,data/database/players_database.csv,35,Al Wakrah SC (QAT),QAT,DF,29,2,6.5,5.9
qatar::mahmoud_abunada,Qatar,MAHMOUD ABUNADA,2026-06-11T03:59:59+00:00,BACKFILLED_PRE_TOURNAMENT_FACT,NA,NA,NA,NA,NA,NA,NA,data/database/players_database.csv,26,Al Rayyan SC (QAT),QAT,GK,9,0,6.5,4.8
qatar::meshaal_barsham,Qatar,MESHAAL BARSHAM,2026-06-11T03:59:59+00:00,BACKFILLED_PRE_TOURNAMENT_FACT,NA,NA,NA,NA,NA,NA,NA,data/database/players_database.csv,28,Al Sadd SC (QAT),QAT,GK,60,0,6.5,7.7
qatar::mohamed_manai,Qatar,MOHAMED MANAI,2026-06-11T03:59:59+00:00,BACKFILLED_PRE_TOURNAMENT_FACT,NA,NA,NA,NA,NA,NA,NA,data/database/players_database.csv,23,Al Shamal SC (QAT),QAT,FW,14,0,6.5,3.4
qatar::mohammed_muntari,Qatar,MOHAMMED MUNTARI,2026-06-11T03:59:59+00:00,BACKFILLED_PRE_TOURNAMENT_FACT,NA,NA,NA,NA,NA,NA,NA,data/database/players_database.csv,32,Al Gharafa SC (QAT),QAT,FW,74,17,6.5,7.7
qatar::pedro_miguel,Qatar,PEDRO MIGUEL,2026-06-11T03:59:59+00:00,BACKFILLED_PRE_TOURNAMENT_FACT,NA,NA,NA,NA,NA,NA,NA,data/database/players_database.csv,35,Al Sadd SC (QAT),QAT,DF,114,4,6.5,7.1
qatar::salah_zakaria,Qatar,SALAH ZAKARIA,2026-06-11T03:59:59+00:00,BACKFILLED_PRE_TOURNAMENT_FACT,NA,NA,NA,NA,NA,NA,NA,data/database/players_database.csv,27,Al Duhail SC (QAT),QAT,GK,10,0,6.5,4.8
qatar::sultan_albrake,Qatar,SULTAN ALBRAKE,2026-06-11T03:59:59+00:00,BACKFILLED_PRE_TOURNAMENT_FACT,NA,NA,NA,NA,NA,NA,NA,data/database/players_database.csv,30,Al Duhail SC (QAT),QAT,DF,22,0,6.5,4.1
qatar::tahsin_mohammed,Qatar,TAHSIN MOHAMMED,2026-06-11T03:59:59+00:00,BACKFILLED_PRE_TOURNAMENT_FACT,NA,NA,NA,NA,NA,NA,NA,data/database/players_database.csv,20,Al Duhail SC (QAT),QAT,FW,5,0,6.5,2.7
qatar::yusuf_abdurisag,Qatar,YUSUF ABDURISAG,2026-06-11T03:59:59+00:00,BACKFILLED_PRE_TOURNAMENT_FACT,NA,NA,NA,NA,NA,NA,NA,data/database/players_database.csv,26,Al Wakrah SC (QAT),QAT,FW,46,3,6.5,5.6
saudi_arabia::abdulelah_alamri,Saudi Arabia,ABDULELAH ALAMRI,2026-06-11T03:59:59+00:00,BACKFILLED_PRE_TOURNAMENT_FACT,NA,NA,NA,NA,NA,NA,NA,data/database/players_database.csv,29,Al Nassr FC (KSA),KSA,DF,46,2,7.5,6.7
saudi_arabia::abdullah_alhamddan,Saudi Arabia,ABDULLAH ALHAMDDAN,2026-06-11T03:59:59+00:00,BACKFILLED_PRE_TOURNAMENT_FACT,NA,NA,NA,NA,NA,NA,NA,data/database/players_database.csv,26,Al Nassr FC (KSA),KSA,FW,54,13,7.5,7.5
saudi_arabia::abdullah_alkhaibari,Saudi Arabia,ABDULLAH ALKHAIBARI,2026-06-11T03:59:59+00:00,BACKFILLED_PRE_TOURNAMENT_FACT,NA,NA,NA,NA,NA,NA,NA,data/database/players_database.csv,29,Al Nassr FC (KSA),KSA,MF,44,0,7.5,5.3
saudi_arabia::ahmed_alkassar,Saudi Arabia,AHMED ALKASSAR,2026-06-11T03:59:59+00:00,BACKFILLED_PRE_TOURNAMENT_FACT,NA,NA,NA,NA,NA,NA,NA,data/database/players_database.csv,35,Al Qadsiah FC (KSA),KSA,GK,9,0,7.5,4.3
saudi_arabia::aiman_yahya,Saudi Arabia,AIMAN YAHYA,2026-06-11T03:59:59+00:00,BACKFILLED_PRE_TOURNAMENT_FACT,NA,NA,NA,NA,NA,NA,NA,data/database/players_database.csv,25,Al Nassr FC (KSA),KSA,FW,26,0,7.5,4.5
saudi_arabia::ala_alhajji,Saudi Arabia,ALA ALHAJJI,2026-06-11T03:59:59+00:00,BACKFILLED_PRE_TOURNAMENT_FACT,NA,NA,NA,NA,NA,NA,NA,data/database/players_database.csv,30,Neom SC (KSA),KSA,MF,5,0,7.5,3.6
saudi_arabia::ali_lajami,Saudi Arabia,ALI LAJAMI,2026-06-11T03:59:59+00:00,BACKFILLED_PRE_TOURNAMENT_FACT,NA,NA,NA,NA,NA,NA,NA,data/database/players_database.csv,30,Al Hilal SC (KSA),KSA,DF,26,1,7.5,5.7
saudi_arabia::ali_majrashi,Saudi Arabia,ALI MAJRASHI,2026-06-11T03:59:59+00:00,BACKFILLED_PRE_TOURNAMENT_FACT,NA,NA,NA,NA,NA,NA,NA,data/database/players_database.csv,26,Al Ahli FC (KSA),KSA,DF,21,0,7.5,4.3
saudi_arabia::feras_albrikan,Saudi Arabia,FERAS ALBRIKAN,2026-06-11T03:59:59+00:00,BACKFILLED_PRE_TOURNAMENT_FACT,NA,NA,NA,NA,NA,NA,NA,data/database/players_database.csv,26,Al Ahli FC (KSA),KSA,FW,74,16,7.5,8.2
saudi_arabia::hassan_altambakti,Saudi Arabia,HASSAN ALTAMBAKTI,2026-06-11T03:59:59+00:00,BACKFILLED_PRE_TOURNAMENT_FACT,NA,NA,NA,NA,NA,NA,NA,data/database/players_database.csv,27,Al Hilal SC (KSA),KSA,DF,56,1,7.5,6.4
saudi_arabia::hassan_kadish,Saudi Arabia,HASSAN KADISH,2026-06-11T03:59:59+00:00,BACKFILLED_PRE_TOURNAMENT_FACT,NA,NA,NA,NA,NA,NA,NA,data/database/players_database.csv,33,Al Ittihad (KSA),KSA,DF,21,2,7.5,6.5
saudi_arabia::jehad_thikri,Saudi Arabia,JEHAD THIKRI,2026-06-11T03:59:59+00:00,BACKFILLED_PRE_TOURNAMENT_FACT,NA,NA,NA,NA,NA,NA,NA,data/database/players_database.csv,24,Al Qadsiah FC (KSA),KSA,DF,8,0,7.5,3.7
saudi_arabia::khalid_alghannam,Saudi Arabia,KHALID ALGHANNAM,2026-06-11T03:59:59+00:00,BACKFILLED_PRE_TOURNAMENT_FACT,NA,NA,NA,NA,NA,NA,NA,data/database/players_database.csv,25,Al Ettifaq FC (KSA),KSA,FW,8,0,7.5,3.7
saudi_arabia::mohamed_kanno,Saudi Arabia,MOHAMED KANNO,2026-06-11T03:59:59+00:00,BACKFILLED_PRE_TOURNAMENT_FACT,NA,NA,NA,NA,NA,NA,NA,data/database/players_database.csv,31,Al Hilal SC (KSA),KSA,MF,81,8,7.5,8.2
saudi_arabia::mohammed_abu_alshamat,Saudi Arabia,MOHAMMED ABU ALSHAMAT,2026-06-11T03:59:59+00:00,BACKFILLED_PRE_TOURNAMENT_FACT,NA,NA,NA,NA,NA,NA,NA,data/database/players_database.csv,23,Al Qadsiah FC (KSA),KSA,DF,10,0,7.5,3.5
saudi_arabia::mohammed_alowais,Saudi Arabia,MOHAMMED ALOWAIS,2026-06-11T03:59:59+00:00,BACKFILLED_PRE_TOURNAMENT_FACT,NA,NA,NA,NA,NA,NA,NA,data/database/players_database.csv,34,Al Ula Saudi FC (KSA),KSA,GK,67,0,7.5,7.6
saudi_arabia::moteb_alharbi,Saudi Arabia,MOTEB ALHARBI,2026-06-11T03:59:59+00:00,BACKFILLED_PRE_TOURNAMENT_FACT,NA,NA,NA,NA,NA,NA,NA,data/database/players_database.csv,26,Al Hilal SC (KSA),KSA,DF,15,0,7.5,4.0
saudi_arabia::musab_aljuwayr,Saudi Arabia,MUSAB ALJUWAYR,2026-06-11T03:59:59+00:00,BACKFILLED_PRE_TOURNAMENT_FACT,NA,NA,NA,NA,NA,NA,NA,data/database/players_database.csv,23,Al Qadsiah FC (KSA),KSA,MF,39,6,7.5,7.3
saudi_arabia::nasser_aldawsari,Saudi Arabia,NASSER ALDAWSARI,2026-06-11T03:59:59+00:00,BACKFILLED_PRE_TOURNAMENT_FACT,NA,NA,NA,NA,NA,NA,NA,data/database/players_database.csv,27,Al Hilal SC (KSA),KSA,MF,49,1,7.5,5.9
saudi_arabia::nawaf_alaqidi,Saudi Arabia,NAWAF ALAQIDI,2026-06-11T03:59:59+00:00,BACKFILLED_PRE_TOURNAMENT_FACT,NA,NA,NA,NA,NA,NA,NA,data/database/players_database.csv,26,Al Nassr FC (KSA),KSA,GK,24,0,7.5,6.0
saudi_arabia::nawaf_bu_washl,Saudi Arabia,NAWAF BU WASHL,2026-06-11T03:59:59+00:00,BACKFILLED_PRE_TOURNAMENT_FACT,NA,NA,NA,NA,NA,NA,NA,data/database/players_database.csv,26,Al Nassr FC (KSA),KSA,DF,28,0,7.5,4.6
saudi_arabia::saleh_alshehri,Saudi Arabia,SALEH ALSHEHRI,2026-06-11T03:59:59+00:00,BACKFILLED_PRE_TOURNAMENT_FACT,NA,NA,NA,NA,NA,NA,NA,data/database/players_database.csv,32,Al Ittihad (KSA),KSA,FW,59,17,7.5,7.7
saudi_arabia::salem_aldawsari,Saudi Arabia,SALEM ALDAWSARI,2026-06-11T03:59:59+00:00,BACKFILLED_PRE_TOURNAMENT_FACT,NA,NA,NA,NA,NA,NA,NA,data/database/players_database.csv,34,Al Hilal SC (KSA),KSA,FW,113,27,7.5,8.0
saudi_arabia::saud_abdulhamid,Saudi Arabia,SAUD ABDULHAMID,2026-06-11T03:59:59+00:00,BACKFILLED_PRE_TOURNAMENT_FACT,NA,NA,NA,NA,NA,NA,NA,data/database/players_database.csv,26,RC Lens (FRA),FRA,DF,57,1,9.0,6.8
saudi_arabia::sultan_mandash,Saudi Arabia,SULTAN MANDASH,2026-06-11T03:59:59+00:00,BACKFILLED_PRE_TOURNAMENT_FACT,NA,NA,NA,NA,NA,NA,NA,data/database/players_database.csv,31,Al Hilal SC (KSA),KSA,FW,7,2,7.5,5.4
saudi_arabia::ziyad_aljohani,Saudi Arabia,ZIYAD ALJOHANI,2026-06-11T03:59:59+00:00,BACKFILLED_PRE_TOURNAMENT_FACT,NA,NA,NA,NA,NA,NA,NA,data/database/players_database.csv,24,Al Ahli FC (KSA),KSA,MF,12,0,7.5,3.9
scotland::adams_che,Scotland,ADAMS Che,2026-06-11T03:59:59+00:00,BACKFILLED_PRE_TOURNAMENT_FACT,NA,NA,NA,NA,NA,NA,NA,data/database/players_database.csv,29,Torino FC (ITA),ITA,FW,50,13,9.0,7.8
scotland::christie_ryan,Scotland,CHRISTIE Ryan,2026-06-11T03:59:59+00:00,BACKFILLED_PRE_TOURNAMENT_FACT,NA,NA,NA,NA,NA,NA,NA,data/database/players_database.csv,31,AFC Bournemouth (ENG),ENG,MF,71,10,9.0,8.9
scotland::curtis_findlay,Scotland,CURTIS Findlay,2026-06-11T03:59:59+00:00,BACKFILLED_PRE_TOURNAMENT_FACT,NA,NA,NA,NA,NA,NA,NA,data/database/players_database.csv,20,Kilmarnock FC (SCO),SCO,FW,5,1,7.5,4.4
scotland::dykes_lyndon,Scotland,DYKES Lyndon,2026-06-11T03:59:59+00:00,BACKFILLED_PRE_TOURNAMENT_FACT,NA,NA,NA,NA,NA,NA,NA,data/database/players_database.csv,30,Charlton Athletic FC (ENG),ENG,FW,53,10,9.0,7.4
scotland::ferguson_lewis,Scotland,FERGUSON Lewis,2026-06-11T03:59:59+00:00,BACKFILLED_PRE_TOURNAMENT_FACT,NA,NA,NA,NA,NA,NA,NA,data/database/players_database.csv,26,Bologna FC (ITA),ITA,MF,27,1,9.0,5.5
scotland::fletcher_tyler,Scotland,FLETCHER Tyler,2026-06-11T03:59:59+00:00,BACKFILLED_PRE_TOURNAMENT_FACT,NA,NA,NA,NA,NA,NA,NA,data/database/players_database.csv,19,Manchester United FC (ENG),ENG,MF,2,0,9.0,3.2
scotland::gannon-doak_ben,Scotland,GANNON-DOAK Ben,2026-06-11T03:59:59+00:00,BACKFILLED_PRE_TOURNAMENT_FACT,NA,NA,NA,NA,NA,NA,NA,data/database/players_database.csv,20,AFC Bournemouth (ENG),ENG,FW,17,1,9.0,4.3
scotland::gordon_craig,Scotland,GORDON Craig,2026-06-11T03:59:59+00:00,BACKFILLED_PRE_TOURNAMENT_FACT,NA,NA,NA,NA,NA,NA,NA,data/database/players_database.csv,43,Heart Of Midlothian FC (SCO),SCO,GK,84,0,7.5,7.9
scotland::gunn_angus,Scotland,GUNN Angus,2026-06-11T03:59:59+00:00,BACKFILLED_PRE_TOURNAMENT_FACT,NA,NA,NA,NA,NA,NA,NA,data/database/players_database.csv,30,Nottingham Forest FC (ENG),ENG,GK,25,0,9.0,6.6
scotland::hanley_grant,Scotland,HANLEY Grant,2026-06-11T03:59:59+00:00,BACKFILLED_PRE_TOURNAMENT_FACT,NA,NA,NA,NA,NA,NA,NA,data/database/players_database.csv,34,Hibernian FC (SCO),SCO,DF,70,2,7.5,6.7
scotland::hendry_jack,Scotland,HENDRY Jack,2026-06-11T03:59:59+00:00,BACKFILLED_PRE_TOURNAMENT_FACT,NA,NA,NA,NA,NA,NA,NA,data/database/players_database.csv,31,Al Ettifaq FC (KSA),KSA,DF,41,3,7.5,7.2
scotland::hickey_aaron,Scotland,HICKEY Aaron,2026-06-11T03:59:59+00:00,BACKFILLED_PRE_TOURNAMENT_FACT,NA,NA,NA,NA,NA,NA,NA,data/database/players_database.csv,24,Brentford FC (ENG),ENG,DF,22,0,9.0,4.7
scotland::hirst_george,Scotland,HIRST George,2026-06-11T03:59:59+00:00,BACKFILLED_PRE_TOURNAMENT_FACT,NA,NA,NA,NA,NA,NA,NA,data/database/players_database.csv,27,Ipswich Town FC (ENG),ENG,FW,10,1,9.0,4.9
scotland::hyam_dominic,Scotland,HYAM Dominic,2026-06-11T03:59:59+00:00,BACKFILLED_PRE_TOURNAMENT_FACT,NA,NA,NA,NA,NA,NA,NA,data/database/players_database.csv,30,Wrexham AFC (WAL),WAL,DF,4,0,5.5,3.0
scotland::kelly_liam,Scotland,KELLY Liam,2026-06-11T03:59:59+00:00,BACKFILLED_PRE_TOURNAMENT_FACT,NA,NA,NA,NA,NA,NA,NA,data/database/players_database.csv,30,Rangers FC (SCO),SCO,GK,3,0,7.5,4.8
scotland::mcginn_john,Scotland,McGINN John,2026-06-11T03:59:59+00:00,BACKFILLED_PRE_TOURNAMENT_FACT,NA,NA,NA,NA,NA,NA,NA,data/database/players_database.csv,31,Aston Villa FC (ENG),ENG,MF,89,21,9.0,9.4
scotland::mckenna_scott,Scotland,McKENNA Scott,2026-06-11T03:59:59+00:00,BACKFILLED_PRE_TOURNAMENT_FACT,NA,NA,NA,NA,NA,NA,NA,data/database/players_database.csv,29,GNK Dinamo Zagreb (CRO),CRO,DF,51,1,6.5,6.0
scotland::mclean_kenny,Scotland,McLEAN Kenny,2026-06-11T03:59:59+00:00,BACKFILLED_PRE_TOURNAMENT_FACT,NA,NA,NA,NA,NA,NA,NA,data/database/players_database.csv,34,Norwich City FC (ENG),ENG,MF,61,3,9.0,6.6
scotland::mctominay_scott,Scotland,McTOMINAY Scott,2026-06-11T03:59:59+00:00,BACKFILLED_PRE_TOURNAMENT_FACT,NA,NA,NA,NA,NA,NA,NA,data/database/players_database.csv,29,SSC Napoli (ITA),ITA,MF,73,15,9.0,9.4
scotland::patterson_nathan,Scotland,PATTERSON Nathan,2026-06-11T03:59:59+00:00,BACKFILLED_PRE_TOURNAMENT_FACT,NA,NA,NA,NA,NA,NA,NA,data/database/players_database.csv,24,Everton FC (ENG),ENG,DF,29,1,9.0,6.1
scotland::ralston_anthony,Scotland,RALSTON Anthony,2026-06-11T03:59:59+00:00,BACKFILLED_PRE_TOURNAMENT_FACT,NA,NA,NA,NA,NA,NA,NA,data/database/players_database.csv,27,Celtic FC (SCO),SCO,DF,29,1,7.5,5.7
scotland::robertson_andy,Scotland,ROBERTSON Andy,2026-06-11T03:59:59+00:00,BACKFILLED_PRE_TOURNAMENT_FACT,NA,NA,NA,NA,NA,NA,NA,data/database/players_database.csv,32,Liverpool FC (ENG),ENG,DF,97,4,9.0,8.2
scotland::shankland_lawrence,Scotland,SHANKLAND Lawrence,2026-06-11T03:59:59+00:00,BACKFILLED_PRE_TOURNAMENT_FACT,NA,NA,NA,NA,NA,NA,NA,data/database/players_database.csv,30,Heart Of Midlothian FC (SCO),SCO,FW,22,7,7.5,6.6
scotland::souttar_john,Scotland,SOUTTAR John,2026-06-11T03:59:59+00:00,BACKFILLED_PRE_TOURNAMENT_FACT,NA,NA,NA,NA,NA,NA,NA,data/database/players_database.csv,29,Rangers FC (SCO),SCO,DF,24,2,7.5,6.9
scotland::stewart_ross,Scotland,STEWART Ross,2026-06-11T03:59:59+00:00,BACKFILLED_PRE_TOURNAMENT_FACT,NA,NA,NA,NA,NA,NA,NA,data/database/players_database.csv,29,Southampton FC (ENG),ENG,FW,4,0,9.0,3.9
scotland::tierney_kieran,Scotland,TIERNEY Kieran,2026-06-11T03:59:59+00:00,BACKFILLED_PRE_TOURNAMENT_FACT,NA,NA,NA,NA,NA,NA,NA,data/database/players_database.csv,29,Celtic FC (SCO),SCO,DF,58,2,7.5,7.0
senegal::camara_lamine,Senegal,CAMARA Lamine,2026-06-11T03:59:59+00:00,BACKFILLED_PRE_TOURNAMENT_FACT,NA,NA,NA,NA,NA,NA,NA,data/database/players_database.csv,22,AS Monaco (FRA),FRA,MF,47,7,9.0,8.0
senegal::ciss_pathe,Senegal,CISS Pathe,2026-06-11T03:59:59+00:00,BACKFILLED_PRE_TOURNAMENT_FACT,NA,NA,NA,NA,NA,NA,NA,data/database/players_database.csv,32,Rayo Vallecano (ESP),ESP,MF,33,0,9.0,4.9
senegal::diao_assane,Senegal,DIAO Assane,2026-06-11T03:59:59+00:00,BACKFILLED_PRE_TOURNAMENT_FACT,NA,NA,NA,NA,NA,NA,NA,data/database/players_database.csv,20,Como (ITA),ITA,FW,5,0,9.0,3.4
senegal::diarra_habib,Senegal,DIARRA Habib,2026-06-11T03:59:59+00:00,BACKFILLED_PRE_TOURNAMENT_FACT,NA,NA,NA,NA,NA,NA,NA,data/database/players_database.csv,22,Sunderland AFC (ENG),ENG,MF,22,4,9.0,6.9
senegal::diatta_krepin,Senegal,DIATTA Krepin,2026-06-11T03:59:59+00:00,BACKFILLED_PRE_TOURNAMENT_FACT,NA,NA,NA,NA,NA,NA,NA,data/database/players_database.csv,27,AS Monaco (FRA),FRA,DF,64,2,9.0,7.5
senegal::diaw_mory,Senegal,DIAW Mory,2026-06-11T03:59:59+00:00,BACKFILLED_PRE_TOURNAMENT_FACT,NA,NA,NA,NA,NA,NA,NA,data/database/players_database.csv,33,Le Havre AC (FRA),FRA,GK,6,0,9.0,5.1
senegal::dieng_bamba,Senegal,DIENG Bamba,2026-06-11T03:59:59+00:00,BACKFILLED_PRE_TOURNAMENT_FACT,NA,NA,NA,NA,NA,NA,NA,data/database/players_database.csv,26,FC Lorient (FRA),FRA,FW,24,2,9.0,5.4
senegal::diouf_el_hadji_malick,Senegal,DIOUF El Hadji Malick,2026-06-11T03:59:59+00:00,BACKFILLED_PRE_TOURNAMENT_FACT,NA,NA,NA,NA,NA,NA,NA,data/database/players_database.csv,21,West Ham United FC (ENG),ENG,DF,22,1,9.0,5.8
senegal::diouf_yehvann,Senegal,DIOUF Yehvann,2026-06-11T03:59:59+00:00,BACKFILLED_PRE_TOURNAMENT_FACT,NA,NA,NA,NA,NA,NA,NA,data/database/players_database.csv,26,OGC Nice (FRA),FRA,GK,2,0,9.0,5.3
senegal::gueye_idrissa_gana,Senegal,GUEYE Idrissa Gana,2026-06-11T03:59:59+00:00,BACKFILLED_PRE_TOURNAMENT_FACT,NA,NA,NA,NA,NA,NA,NA,data/database/players_database.csv,36,Everton FC (ENG),ENG,MF,138,7,9.0,7.5
senegal::gueye_pape,Senegal,GUEYE Pape,2026-06-11T03:59:59+00:00,BACKFILLED_PRE_TOURNAMENT_FACT,NA,NA,NA,NA,NA,NA,NA,data/database/players_database.csv,27,Villarreal CF (ESP),ESP,MF,44,6,9.0,7.9
senegal::jackson_nicolas,Senegal,JACKSON Nicolas,2026-06-11T03:59:59+00:00,BACKFILLED_PRE_TOURNAMENT_FACT,NA,NA,NA,NA,NA,NA,NA,data/database/players_database.csv,25,FC Bayern München (GER),GER,FW,36,8,9.0,6.9
senegal::jakobs_ismail,Senegal,JAKOBS Ismail,2026-06-11T03:59:59+00:00,BACKFILLED_PRE_TOURNAMENT_FACT,NA,NA,NA,NA,NA,NA,NA,data/database/players_database.csv,26,Galatasaray SK (TUR),TUR,DF,32,0,7.5,4.8
senegal::koulibaly_kalidou,Senegal,KOULIBALY Kalidou,2026-06-11T03:59:59+00:00,BACKFILLED_PRE_TOURNAMENT_FACT,NA,NA,NA,NA,NA,NA,NA,data/database/players_database.csv,35,Al Hilal SC (KSA),KSA,DF,106,2,7.5,6.9
senegal::mane_sadio,Senegal,MANE Sadio,2026-06-11T03:59:59+00:00,BACKFILLED_PRE_TOURNAMENT_FACT,NA,NA,NA,NA,NA,NA,NA,data/database/players_database.csv,34,Al Nassr FC (KSA),KSA,FW,132,54,7.5,8.8
senegal::mbaye_ibrahim,Senegal,MBAYE Ibrahim,2026-06-11T03:59:59+00:00,BACKFILLED_PRE_TOURNAMENT_FACT,NA,NA,NA,NA,NA,NA,NA,data/database/players_database.csv,18,Paris Saint-Germain (FRA),FRA,FW,13,4,9.0,5.9
senegal::mendy_antoine,Senegal,MENDY Antoine,2026-06-11T03:59:59+00:00,BACKFILLED_PRE_TOURNAMENT_FACT,NA,NA,NA,NA,NA,NA,NA,data/database/players_database.csv,22,OGC Nice (FRA),FRA,DF,7,0,9.0,3.8
senegal::mendy_edouard,Senegal,MENDY Edouard,2026-06-11T03:59:59+00:00,BACKFILLED_PRE_TOURNAMENT_FACT,NA,NA,NA,NA,NA,NA,NA,data/database/players_database.csv,34,Al Ahli FC (KSA),KSA,GK,60,0,7.5,7.2
senegal::ndiaye_bara_sapoko,Senegal,NDIAYE Bara Sapoko,2026-06-11T03:59:59+00:00,BACKFILLED_PRE_TOURNAMENT_FACT,NA,NA,NA,NA,NA,NA,NA,data/database/players_database.csv,18,FC Bayern München (GER),GER,MF,1,0,9.0,3.2
senegal::ndiaye_cherif,Senegal,NDIAYE Cherif,2026-06-11T03:59:59+00:00,BACKFILLED_PRE_TOURNAMENT_FACT,NA,NA,NA,NA,NA,NA,NA,data/database/players_database.csv,30,Samsunspor (TUR),TUR,FW,19,4,7.5,5.7
senegal::ndiaye_iliman,Senegal,NDIAYE Iliman,2026-06-11T03:59:59+00:00,BACKFILLED_PRE_TOURNAMENT_FACT,NA,NA,NA,NA,NA,NA,NA,data/database/players_database.csv,26,Everton FC (ENG),ENG,FW,42,4,9.0,6.3
senegal::niakhate_moussa,Senegal,NIAKHATE Moussa,2026-06-11T03:59:59+00:00,BACKFILLED_PRE_TOURNAMENT_FACT,NA,NA,NA,NA,NA,NA,NA,data/database/players_database.csv,30,Olympique Lyonnais (FRA),FRA,DF,34,0,9.0,5.2
senegal::sarr_ismaila,Senegal,SARR Ismaila,2026-06-11T03:59:59+00:00,BACKFILLED_PRE_TOURNAMENT_FACT,NA,NA,NA,NA,NA,NA,NA,data/database/players_database.csv,28,Crystal Palace FC (ENG),ENG,FW,86,21,9.0,9.0
senegal::sarr_mamadou,Senegal,SARR Mamadou,2026-06-11T03:59:59+00:00,BACKFILLED_PRE_TOURNAMENT_FACT,NA,NA,NA,NA,NA,NA,NA,data/database/players_database.csv,20,Chelsea FC (ENG),ENG,DF,8,0,9.0,3.5
senegal::sarr_pape_matar,Senegal,SARR Pape Matar,2026-06-11T03:59:59+00:00,BACKFILLED_PRE_TOURNAMENT_FACT,NA,NA,NA,NA,NA,NA,NA,data/database/players_database.csv,23,Tottenham Hotspur FC (ENG),ENG,MF,42,4,9.0,6.9
senegal::seck_abdoulaye,Senegal,SECK Abdoulaye,2026-06-11T03:59:59+00:00,BACKFILLED_PRE_TOURNAMENT_FACT,NA,NA,NA,NA,NA,NA,NA,data/database/players_database.csv,34,Maccabi Haifa FC (ISR),ISR,DF,23,4,5.5,5.8
south_africa::adams_jayden,South Africa,ADAMS Jayden,2026-06-11T03:59:59+00:00,BACKFILLED_PRE_TOURNAMENT_FACT,NA,NA,NA,NA,NA,NA,NA,data/database/players_database.csv,25,Mamelodi Sundowns FC (RSA),RSA,MF,11,2,6.5,6.1
south_africa::appollis_oswin,South Africa,APPOLLIS Oswin,2026-06-11T03:59:59+00:00,BACKFILLED_PRE_TOURNAMENT_FACT,NA,NA,NA,NA,NA,NA,NA,data/database/players_database.csv,24,Orlando Pirates FC (RSA),RSA,FW,30,8,6.5,6.3
south_africa::chaine_sipho,South Africa,CHAINE Sipho,2026-06-11T03:59:59+00:00,BACKFILLED_PRE_TOURNAMENT_FACT,NA,NA,NA,NA,NA,NA,NA,data/database/players_database.csv,29,Orlando Pirates FC (RSA),RSA,GK,4,0,6.5,4.5
south_africa::cross_bradley,South Africa,CROSS Bradley,2026-06-11T03:59:59+00:00,BACKFILLED_PRE_TOURNAMENT_FACT,NA,NA,NA,NA,NA,NA,NA,data/database/players_database.csv,25,Kaizer Chiefs FC (RSA),RSA,DF,1,0,6.5,3.2
south_africa::foster_lyle,South Africa,FOSTER Lyle,2026-06-11T03:59:59+00:00,BACKFILLED_PRE_TOURNAMENT_FACT,NA,NA,NA,NA,NA,NA,NA,data/database/players_database.csv,25,Burnley FC (ENG),ENG,FW,32,10,9.0,7.4
south_africa::goss_ricardo,South Africa,GOSS Ricardo,2026-06-11T03:59:59+00:00,BACKFILLED_PRE_TOURNAMENT_FACT,NA,NA,NA,NA,NA,NA,NA,data/database/players_database.csv,32,Siwelele FC (RSA),RSA,GK,7,0,6.5,4.3
south_africa::kabini_samukele,South Africa,KABINI Samukele,2026-06-11T03:59:59+00:00,BACKFILLED_PRE_TOURNAMENT_FACT,NA,NA,NA,NA,NA,NA,NA,data/database/players_database.csv,22,Molde FK (NOR),NOR,DF,6,0,6.5,3.1
south_africa::makgopa_evidence,South Africa,MAKGOPA Evidence,2026-06-11T03:59:59+00:00,BACKFILLED_PRE_TOURNAMENT_FACT,NA,NA,NA,NA,NA,NA,NA,data/database/players_database.csv,26,Orlando Pirates FC (RSA),RSA,FW,30,6,6.5,5.9
south_africa::makhanya_olwethu,South Africa,MAKHANYA Olwethu,2026-06-11T03:59:59+00:00,BACKFILLED_PRE_TOURNAMENT_FACT,NA,NA,NA,NA,NA,NA,NA,data/database/players_database.csv,22,Philadelphia Union (USA),USA,DF,1,0,7.5,3.1
south_africa::maseko_thapelo,South Africa,MASEKO Thapelo,2026-06-11T03:59:59+00:00,BACKFILLED_PRE_TOURNAMENT_FACT,NA,NA,NA,NA,NA,NA,NA,data/database/players_database.csv,22,AEL Limassol (CYP),CYP,FW,10,2,5.5,4.4
south_africa::matuludi_thabang,South Africa,MATULUDI Thabang,2026-06-11T03:59:59+00:00,BACKFILLED_PRE_TOURNAMENT_FACT,NA,NA,NA,NA,NA,NA,NA,data/database/players_database.csv,27,Polokwane City FC (RSA),RSA,DF,3,0,6.5,3.3
south_africa::mbatha_thalente,South Africa,MBATHA Thalente,2026-06-11T03:59:59+00:00,BACKFILLED_PRE_TOURNAMENT_FACT,NA,NA,NA,NA,NA,NA,NA,data/database/players_database.csv,26,Orlando Pirates FC (RSA),RSA,MF,19,3,6.5,6.5
south_africa::mbokazi_mbekezeli,South Africa,MBOKAZI Mbekezeli,2026-06-11T03:59:59+00:00,BACKFILLED_PRE_TOURNAMENT_FACT,NA,NA,NA,NA,NA,NA,NA,data/database/players_database.csv,20,Chicago Fire FC (USA),USA,DF,13,1,7.5,5.7
south_africa::modiba_aubrey,South Africa,MODIBA Aubrey,2026-06-11T03:59:59+00:00,BACKFILLED_PRE_TOURNAMENT_FACT,NA,NA,NA,NA,NA,NA,NA,data/database/players_database.csv,30,Mamelodi Sundowns FC (RSA),RSA,DF,51,3,6.5,7.2
south_africa::mofokeng_relebohile,South Africa,MOFOKENG Relebohile,2026-06-11T03:59:59+00:00,BACKFILLED_PRE_TOURNAMENT_FACT,NA,NA,NA,NA,NA,NA,NA,data/database/players_database.csv,21,Orlando Pirates FC (RSA),RSA,FW,16,1,6.5,4.0
south_africa::mokoena_teboho,South Africa,MOKOENA Teboho,2026-06-11T03:59:59+00:00,BACKFILLED_PRE_TOURNAMENT_FACT,NA,NA,NA,NA,NA,NA,NA,data/database/players_database.csv,29,Mamelodi Sundowns FC (RSA),RSA,MF,59,10,6.5,8.2
south_africa::moremi_tshepang,South Africa,MOREMI Tshepang,2026-06-11T03:59:59+00:00,BACKFILLED_PRE_TOURNAMENT_FACT,NA,NA,NA,NA,NA,NA,NA,data/database/players_database.csv,25,Orlando Pirates FC (RSA),RSA,FW,11,1,6.5,4.3
south_africa::mudau_khuliso,South Africa,MUDAU Khuliso,2026-06-11T03:59:59+00:00,BACKFILLED_PRE_TOURNAMENT_FACT,NA,NA,NA,NA,NA,NA,NA,data/database/players_database.csv,31,Mamelodi Sundowns FC (RSA),RSA,DF,37,1,6.5,5.3
south_africa::ndamane_khulumani,South Africa,NDAMANE Khulumani,2026-06-11T03:59:59+00:00,BACKFILLED_PRE_TOURNAMENT_FACT,NA,NA,NA,NA,NA,NA,NA,data/database/players_database.csv,22,Mamelodi Sundowns FC (RSA),RSA,DF,5,0,6.5,3.0
south_africa::okon_ime,South Africa,OKON Ime,2026-06-11T03:59:59+00:00,BACKFILLED_PRE_TOURNAMENT_FACT,NA,NA,NA,NA,NA,NA,NA,data/database/players_database.csv,22,Hannover 96 (GER),GER,DF,11,1,9.0,6.4
south_africa::rayners_iqraam,South Africa,RAYNERS Iqraam,2026-06-11T03:59:59+00:00,BACKFILLED_PRE_TOURNAMENT_FACT,NA,NA,NA,NA,NA,NA,NA,data/database/players_database.csv,30,Mamelodi Sundowns FC (RSA),RSA,FW,23,5,6.5,5.7
south_africa::sebelebele_kamogelo,South Africa,SEBELEBELE Kamogelo,2026-06-11T03:59:59+00:00,BACKFILLED_PRE_TOURNAMENT_FACT,NA,NA,NA,NA,NA,NA,NA,data/database/players_database.csv,23,Orlando Pirates FC (RSA),RSA,FW,10,1,6.5,4.0
south_africa::sibisi_nkosinathi,South Africa,SIBISI Nkosinathi,2026-06-11T03:59:59+00:00,BACKFILLED_PRE_TOURNAMENT_FACT,NA,NA,NA,NA,NA,NA,NA,data/database/players_database.csv,30,Orlando Pirates FC (RSA),RSA,DF,22,0,6.5,4.1
south_africa::sithole_sphephelo,South Africa,SITHOLE Sphephelo,2026-06-11T03:59:59+00:00,BACKFILLED_PRE_TOURNAMENT_FACT,NA,NA,NA,NA,NA,NA,NA,data/database/players_database.csv,27,CD Tondela (POR),POR,MF,31,1,7.5,5.3
south_africa::williams_ronwen,South Africa,WILLIAMS Ronwen,2026-06-11T03:59:59+00:00,BACKFILLED_PRE_TOURNAMENT_FACT,NA,NA,NA,NA,NA,NA,NA,data/database/players_database.csv,34,Mamelodi Sundowns FC (RSA),RSA,GK,67,0,6.5,7.2
south_africa::zwane_themba,South Africa,ZWANE Themba,2026-06-11T03:59:59+00:00,BACKFILLED_PRE_TOURNAMENT_FACT,NA,NA,NA,NA,NA,NA,NA,data/database/players_database.csv,36,Mamelodi Sundowns FC (RSA),RSA,MF,56,12,6.5,7.5
spain::baena_alex,Spain,BAENA Alex,2026-06-11T03:59:59+00:00,BACKFILLED_PRE_TOURNAMENT_FACT,NA,NA,NA,NA,NA,NA,NA,data/database/players_database.csv,24,Atlético De Madrid (ESP),ESP,MF,18,2,9.0,6.4
spain::cubarsi_pau,Spain,CUBARSI Pau,2026-06-11T03:59:59+00:00,BACKFILLED_PRE_TOURNAMENT_FACT,NA,NA,NA,NA,NA,NA,NA,data/database/players_database.csv,19,FC Barcelona (ESP),ESP,DF,14,0,9.0,3.8
spain::cucurella_marc,Spain,CUCURELLA Marc,2026-06-11T03:59:59+00:00,BACKFILLED_PRE_TOURNAMENT_FACT,NA,NA,NA,NA,NA,NA,NA,data/database/players_database.csv,27,Chelsea FC (ENG),ENG,DF,26,1,9.0,6.1
spain::garcia_eric,Spain,GARCIA Eric,2026-06-11T03:59:59+00:00,BACKFILLED_PRE_TOURNAMENT_FACT,NA,NA,NA,NA,NA,NA,NA,data/database/players_database.csv,25,FC Barcelona (ESP),ESP,DF,21,0,9.0,4.7
spain::garcia_joan,Spain,GARCIA Joan,2026-06-11T03:59:59+00:00,BACKFILLED_PRE_TOURNAMENT_FACT,NA,NA,NA,NA,NA,NA,NA,data/database/players_database.csv,25,FC Barcelona (ESP),ESP,GK,2,0,9.0,5.3
spain::gavi,Spain,GAVI,2026-06-11T03:59:59+00:00,BACKFILLED_PRE_TOURNAMENT_FACT,NA,NA,NA,NA,NA,NA,NA,data/database/players_database.csv,21,FC Barcelona (ESP),ESP,MF,31,5,9.0,7.3
spain::grimaldo_alex,Spain,GRIMALDO Alex,2026-06-11T03:59:59+00:00,BACKFILLED_PRE_TOURNAMENT_FACT,NA,NA,NA,NA,NA,NA,NA,data/database/players_database.csv,30,Bayer 04 Leverkusen (GER),GER,DF,14,0,9.0,4.4
spain::iglesias_borja,Spain,IGLESIAS Borja,2026-06-11T03:59:59+00:00,BACKFILLED_PRE_TOURNAMENT_FACT,NA,NA,NA,NA,NA,NA,NA,data/database/players_database.csv,33,RC Celta Vigo (ESP),ESP,FW,8,0,9.0,3.8
spain::laporte_aymeric,Spain,LAPORTE Aymeric,2026-06-11T03:59:59+00:00,BACKFILLED_PRE_TOURNAMENT_FACT,NA,NA,NA,NA,NA,NA,NA,data/database/players_database.csv,32,Athletic Club (ESP),ESP,DF,48,2,9.0,6.9
spain::llorente_marcos,Spain,LLORENTE Marcos,2026-06-11T03:59:59+00:00,BACKFILLED_PRE_TOURNAMENT_FACT,NA,NA,NA,NA,NA,NA,NA,data/database/players_database.csv,31,Atlético De Madrid (ESP),ESP,DF,25,0,9.0,4.5
spain::merino_mikel,Spain,MERINO Mikel,2026-06-11T03:59:59+00:00,BACKFILLED_PRE_TOURNAMENT_FACT,NA,NA,NA,NA,NA,NA,NA,data/database/players_database.csv,30,Arsenal FC (ENG),ENG,MF,45,10,9.0,8.2
spain::munoz_victor,Spain,MUNOZ Victor,2026-06-11T03:59:59+00:00,BACKFILLED_PRE_TOURNAMENT_FACT,NA,NA,NA,NA,NA,NA,NA,data/database/players_database.csv,22,CA Osasuna (ESP),ESP,FW,2,1,9.0,6.0
spain::olmo_dani,Spain,OLMO Dani,2026-06-11T03:59:59+00:00,BACKFILLED_PRE_TOURNAMENT_FACT,NA,NA,NA,NA,NA,NA,NA,data/database/players_database.csv,28,FC Barcelona (ESP),ESP,FW,52,12,9.0,7.7
spain::oyarzabal_mikel,Spain,OYARZABAL Mikel,2026-06-11T03:59:59+00:00,BACKFILLED_PRE_TOURNAMENT_FACT,NA,NA,NA,NA,NA,NA,NA,data/database/players_database.csv,29,Real Sociedad (ESP),ESP,FW,55,27,9.0,8.7
spain::pedri,Spain,PEDRI,2026-06-11T03:59:59+00:00,BACKFILLED_PRE_TOURNAMENT_FACT,NA,NA,NA,NA,NA,NA,NA,data/database/players_database.csv,23,FC Barcelona (ESP),ESP,MF,43,6,9.0,7.7
spain::pino_yeremy,Spain,PINO Yeremy,2026-06-11T03:59:59+00:00,BACKFILLED_PRE_TOURNAMENT_FACT,NA,NA,NA,NA,NA,NA,NA,data/database/players_database.csv,23,Crystal Palace FC (ENG),ENG,FW,24,4,9.0,5.7
spain::porro_pedro,Spain,PORRO Pedro,2026-06-11T03:59:59+00:00,BACKFILLED_PRE_TOURNAMENT_FACT,NA,NA,NA,NA,NA,NA,NA,data/database/players_database.csv,26,Tottenham Hotspur FC (ENG),ENG,DF,19,0,9.0,4.6
spain::pubill_marc,Spain,PUBILL Marc,2026-06-11T03:59:59+00:00,BACKFILLED_PRE_TOURNAMENT_FACT,NA,NA,NA,NA,NA,NA,NA,data/database/players_database.csv,23,Atlético De Madrid (ESP),ESP,DF,2,0,9.0,3.5
spain::raya_david,Spain,RAYA David,2026-06-11T03:59:59+00:00,BACKFILLED_PRE_TOURNAMENT_FACT,NA,NA,NA,NA,NA,NA,NA,data/database/players_database.csv,30,Arsenal FC (ENG),ENG,GK,13,0,9.0,5.9
spain::rodri,Spain,RODRI,2026-06-11T03:59:59+00:00,BACKFILLED_PRE_TOURNAMENT_FACT,NA,NA,NA,NA,NA,NA,NA,data/database/players_database.csv,30,Manchester City FC (ENG),ENG,MF,64,4,9.0,7.6
spain::ruiz_fabian,Spain,RUIZ Fabian,2026-06-11T03:59:59+00:00,BACKFILLED_PRE_TOURNAMENT_FACT,NA,NA,NA,NA,NA,NA,NA,data/database/players_database.csv,30,Paris Saint-Germain (FRA),FRA,MF,44,6,9.0,7.9
spain::simon_unai,Spain,SIMON Unai,2026-06-11T03:59:59+00:00,BACKFILLED_PRE_TOURNAMENT_FACT,NA,NA,NA,NA,NA,NA,NA,data/database/players_database.csv,29,Athletic Club (ESP),ESP,GK,60,0,9.0,8.5
spain::torres_ferran,Spain,TORRES Ferran,2026-06-11T03:59:59+00:00,BACKFILLED_PRE_TOURNAMENT_FACT,NA,NA,NA,NA,NA,NA,NA,data/database/players_database.csv,26,FC Barcelona (ESP),ESP,FW,59,24,9.0,8.8
spain::williams_nico,Spain,WILLIAMS Nico,2026-06-11T03:59:59+00:00,BACKFILLED_PRE_TOURNAMENT_FACT,NA,NA,NA,NA,NA,NA,NA,data/database/players_database.csv,23,Athletic Club (ESP),ESP,FW,32,6,9.0,6.2
spain::yamal_lamine,Spain,YAMAL Lamine,2026-06-11T03:59:59+00:00,BACKFILLED_PRE_TOURNAMENT_FACT,NA,NA,NA,NA,NA,NA,NA,data/database/players_database.csv,18,FC Barcelona (ESP),ESP,FW,27,7,9.0,6.2
spain::zubimendi_martin,Spain,ZUBIMENDI Martin,2026-06-11T03:59:59+00:00,BACKFILLED_PRE_TOURNAMENT_FACT,NA,NA,NA,NA,NA,NA,NA,data/database/players_database.csv,27,Arsenal FC (ENG),ENG,MF,26,3,9.0,6.8
sweden::ali_taha,Sweden,ALI Taha,2026-06-11T03:59:59+00:00,BACKFILLED_PRE_TOURNAMENT_FACT,NA,NA,NA,NA,NA,NA,NA,data/database/players_database.csv,27,Malmö FF (SWE),SWE,FW,3,0,6.5,3.3
sweden::ayari_yasin,Sweden,AYARI Yasin,2026-06-11T03:59:59+00:00,BACKFILLED_PRE_TOURNAMENT_FACT,NA,NA,NA,NA,NA,NA,NA,data/database/players_database.csv,22,Brighton & Hove Albion FC (ENG),ENG,MF,24,5,9.0,7.0
sweden::bergvall_lucas,Sweden,BERGVALL Lucas,2026-06-11T03:59:59+00:00,BACKFILLED_PRE_TOURNAMENT_FACT,NA,NA,NA,NA,NA,NA,NA,data/database/players_database.csv,20,Tottenham Hotspur FC (ENG),ENG,MF,13,0,9.0,3.7
sweden::bernhardsson_alexander,Sweden,BERNHARDSSON Alexander,2026-06-11T03:59:59+00:00,BACKFILLED_PRE_TOURNAMENT_FACT,NA,NA,NA,NA,NA,NA,NA,data/database/players_database.csv,27,Holstein Kiel (GER),GER,DF,14,0,9.0,4.4
sweden::ekdal_hjalmar,Sweden,EKDAL Hjalmar,2026-06-11T03:59:59+00:00,BACKFILLED_PRE_TOURNAMENT_FACT,NA,NA,NA,NA,NA,NA,NA,data/database/players_database.csv,27,Burnley FC (ENG),ENG,DF,13,0,9.0,4.3
sweden::elanga_anthony,Sweden,ELANGA Anthony,2026-06-11T03:59:59+00:00,BACKFILLED_PRE_TOURNAMENT_FACT,NA,NA,NA,NA,NA,NA,NA,data/database/players_database.csv,24,Newcastle United FC (ENG),ENG,FW,33,8,9.0,6.9
sweden::gudmundsson_gabriel,Sweden,GUDMUNDSSON Gabriel,2026-06-11T03:59:59+00:00,BACKFILLED_PRE_TOURNAMENT_FACT,NA,NA,NA,NA,NA,NA,NA,data/database/players_database.csv,27,Leeds United FC (ENG),ENG,DF,27,0,9.0,4.9
sweden::gyokeres_viktor,Sweden,GYOKERES Viktor,2026-06-11T03:59:59+00:00,BACKFILLED_PRE_TOURNAMENT_FACT,NA,NA,NA,NA,NA,NA,NA,data/database/players_database.csv,28,Arsenal FC (ENG),ENG,FW,36,21,9.0,7.8
sweden::hien_isak,Sweden,HIEN Isak,2026-06-11T03:59:59+00:00,BACKFILLED_PRE_TOURNAMENT_FACT,NA,NA,NA,NA,NA,NA,NA,data/database/players_database.csv,27,Atalanta Bergamo (ITA),ITA,DF,32,0,9.0,5.2
sweden::isak_alexander,Sweden,ISAK Alexander,2026-06-11T03:59:59+00:00,BACKFILLED_PRE_TOURNAMENT_FACT,NA,NA,NA,NA,NA,NA,NA,data/database/players_database.csv,26,Liverpool FC (ENG),ENG,FW,61,18,9.0,8.5
sweden::johansson_herman,Sweden,JOHANSSON Herman,2026-06-11T03:59:59+00:00,BACKFILLED_PRE_TOURNAMENT_FACT,NA,NA,NA,NA,NA,NA,NA,data/database/players_database.csv,28,FC Dallas (USA),USA,DF,3,0,7.5,3.5
sweden::johansson_viktor,Sweden,JOHANSSON Viktor,2026-06-11T03:59:59+00:00,BACKFILLED_PRE_TOURNAMENT_FACT,NA,NA,NA,NA,NA,NA,NA,data/database/players_database.csv,27,Stoke City FC (ENG),ENG,GK,12,0,9.0,5.8
sweden::karlstrom_jesper,Sweden,KARLSTROM Jesper,2026-06-11T03:59:59+00:00,BACKFILLED_PRE_TOURNAMENT_FACT,NA,NA,NA,NA,NA,NA,NA,data/database/players_database.csv,31,Udinese (ITA),ITA,MF,26,0,9.0,4.6
sweden::lagerbielke_gustaf,Sweden,LAGERBIELKE Gustaf,2026-06-11T03:59:59+00:00,BACKFILLED_PRE_TOURNAMENT_FACT,NA,NA,NA,NA,NA,NA,NA,data/database/players_database.csv,26,SC Braga (POR),POR,DF,14,2,7.5,6.5
sweden::lindelof_victor,Sweden,LINDELOF Victor,2026-06-11T03:59:59+00:00,BACKFILLED_PRE_TOURNAMENT_FACT,NA,NA,NA,NA,NA,NA,NA,data/database/players_database.csv,31,Aston Villa FC (ENG),ENG,DF,79,3,9.0,8.1
sweden::nilsson_gustaf,Sweden,NILSSON Gustaf,2026-06-11T03:59:59+00:00,BACKFILLED_PRE_TOURNAMENT_FACT,NA,NA,NA,NA,NA,NA,NA,data/database/players_database.csv,29,Club Brugge (BEL),BEL,FW,9,4,7.5,6.3
sweden::nordfeldt_kristoffer,Sweden,NORDFELDT Kristoffer,2026-06-11T03:59:59+00:00,BACKFILLED_PRE_TOURNAMENT_FACT,NA,NA,NA,NA,NA,NA,NA,data/database/players_database.csv,37,AIK Stockholm (SWE),SWE,GK,23,0,6.5,4.4
sweden::nygren_benjamin,Sweden,NYGREN Benjamin,2026-06-11T03:59:59+00:00,BACKFILLED_PRE_TOURNAMENT_FACT,NA,NA,NA,NA,NA,NA,NA,data/database/players_database.csv,24,Celtic FC (SCO),SCO,MF,14,3,7.5,6.5
sweden::sema_ken,Sweden,SEMA Ken,2026-06-11T03:59:59+00:00,BACKFILLED_PRE_TOURNAMENT_FACT,NA,NA,NA,NA,NA,NA,NA,data/database/players_database.csv,32,Pafos FC (CYP),CYP,MF,33,5,5.5,6.5
sweden::smith_eric,Sweden,SMITH Eric,2026-06-11T03:59:59+00:00,BACKFILLED_PRE_TOURNAMENT_FACT,NA,NA,NA,NA,NA,NA,NA,data/database/players_database.csv,29,FC St. Pauli (GER),GER,DF,2,0,9.0,3.8
sweden::starfelt_carl,Sweden,STARFELT Carl,2026-06-11T03:59:59+00:00,BACKFILLED_PRE_TOURNAMENT_FACT,NA,NA,NA,NA,NA,NA,NA,data/database/players_database.csv,31,RC Celta Vigo (ESP),ESP,DF,19,0,9.0,4.3
sweden::stroud_elliot,Sweden,STROUD Elliot,2026-06-11T03:59:59+00:00,BACKFILLED_PRE_TOURNAMENT_FACT,NA,NA,NA,NA,NA,NA,NA,data/database/players_database.csv,24,Mjällby AIF (SWE),SWE,DF,4,0,6.5,3.3
sweden::svanberg_mattias,Sweden,SVANBERG Mattias,2026-06-11T03:59:59+00:00,BACKFILLED_PRE_TOURNAMENT_FACT,NA,NA,NA,NA,NA,NA,NA,data/database/players_database.csv,27,VfL Wolfsburg (GER),GER,MF,41,3,9.0,6.8
sweden::svensson_daniel,Sweden,SVENSSON Daniel,2026-06-11T03:59:59+00:00,BACKFILLED_PRE_TOURNAMENT_FACT,NA,NA,NA,NA,NA,NA,NA,data/database/players_database.csv,24,Borussia Dortmund (GER),GER,DF,15,0,9.0,4.4
sweden::widell_zetterstrom_jacob,Sweden,WIDELL ZETTERSTROM Jacob,2026-06-11T03:59:59+00:00,BACKFILLED_PRE_TOURNAMENT_FACT,NA,NA,NA,NA,NA,NA,NA,data/database/players_database.csv,27,Derby County FC (ENG),ENG,GK,4,0,9.0,5.4
sweden::zeneli_besfort,Sweden,ZENELI Besfort,2026-06-11T03:59:59+00:00,BACKFILLED_PRE_TOURNAMENT_FACT,NA,NA,NA,NA,NA,NA,NA,data/database/players_database.csv,23,Royale Union Saint-Gilloise (BEL),BEL,MF,9,0,7.5,3.5
switzerland::aebischer_michel,Switzerland,AEBISCHER Michel,2026-06-11T03:59:59+00:00,BACKFILLED_PRE_TOURNAMENT_FACT,NA,NA,NA,NA,NA,NA,NA,data/database/players_database.csv,29,Pisa SC (ITA),ITA,MF,43,2,9.0,6.4
switzerland::akanji_manuel,Switzerland,AKANJI Manuel,2026-06-11T03:59:59+00:00,BACKFILLED_PRE_TOURNAMENT_FACT,NA,NA,NA,NA,NA,NA,NA,data/database/players_database.csv,30,FC Internazionale Milano (ITA),ITA,DF,84,4,9.0,8.7
switzerland::amdouni_zeki,Switzerland,AMDOUNI Zeki,2026-06-11T03:59:59+00:00,BACKFILLED_PRE_TOURNAMENT_FACT,NA,NA,NA,NA,NA,NA,NA,data/database/players_database.csv,25,Burnley FC (ENG),ENG,FW,30,11,9.0,7.6
switzerland::amenda_aurele,Switzerland,AMENDA Aurele,2026-06-11T03:59:59+00:00,BACKFILLED_PRE_TOURNAMENT_FACT,NA,NA,NA,NA,NA,NA,NA,data/database/players_database.csv,22,Eintracht Frankfurt (GER),GER,DF,7,0,9.0,3.8
switzerland::coemert_eray,Switzerland,COEMERT Eray,2026-06-11T03:59:59+00:00,BACKFILLED_PRE_TOURNAMENT_FACT,NA,NA,NA,NA,NA,NA,NA,data/database/players_database.csv,28,Valencia CF (ESP),ESP,DF,22,0,9.0,4.7
switzerland::elvedi_nico,Switzerland,ELVEDI Nico,2026-06-11T03:59:59+00:00,BACKFILLED_PRE_TOURNAMENT_FACT,NA,NA,NA,NA,NA,NA,NA,data/database/players_database.csv,29,Borussia Mönchengladbach (GER),GER,DF,70,3,9.0,8.2
switzerland::embolo_breel,Switzerland,EMBOLO Breel,2026-06-11T03:59:59+00:00,BACKFILLED_PRE_TOURNAMENT_FACT,NA,NA,NA,NA,NA,NA,NA,data/database/players_database.csv,29,Stade Rennais FC (FRA),FRA,FW,89,25,9.0,9.3
switzerland::fassnacht_christian,Switzerland,FASSNACHT Christian,2026-06-11T03:59:59+00:00,BACKFILLED_PRE_TOURNAMENT_FACT,NA,NA,NA,NA,NA,NA,NA,data/database/players_database.csv,32,BSC Young Boys (SUI),SUI,FW,24,5,7.5,5.6
switzerland::freuler_remo,Switzerland,FREULER Remo,2026-06-11T03:59:59+00:00,BACKFILLED_PRE_TOURNAMENT_FACT,NA,NA,NA,NA,NA,NA,NA,data/database/players_database.csv,34,Bologna FC (ITA),ITA,MF,91,11,9.0,8.7
switzerland::itten_cedric,Switzerland,ITTEN Cedric,2026-06-11T03:59:59+00:00,BACKFILLED_PRE_TOURNAMENT_FACT,NA,NA,NA,NA,NA,NA,NA,data/database/players_database.csv,29,Fortuna Düsseldorf (GER),GER,FW,17,5,9.0,6.6
switzerland::jaquez_luca,Switzerland,JAQUEZ Luca,2026-06-11T03:59:59+00:00,BACKFILLED_PRE_TOURNAMENT_FACT,NA,NA,NA,NA,NA,NA,NA,data/database/players_database.csv,23,VfB Stuttgart (GER),GER,DF,5,0,9.0,3.7
switzerland::jashari_ardon,Switzerland,JASHARI Ardon,2026-06-11T03:59:59+00:00,BACKFILLED_PRE_TOURNAMENT_FACT,NA,NA,NA,NA,NA,NA,NA,data/database/players_database.csv,23,AC Milan (ITA),ITA,MF,9,0,9.0,3.8
switzerland::keller_marvin,Switzerland,KELLER Marvin,2026-06-11T03:59:59+00:00,BACKFILLED_PRE_TOURNAMENT_FACT,NA,NA,NA,NA,NA,NA,NA,data/database/players_database.csv,23,BSC Young Boys (SUI),SUI,GK,1,0,7.5,4.3
switzerland::kobel_gregor,Switzerland,KOBEL Gregor,2026-06-11T03:59:59+00:00,BACKFILLED_PRE_TOURNAMENT_FACT,NA,NA,NA,NA,NA,NA,NA,data/database/players_database.csv,28,Borussia Dortmund (GER),GER,GK,24,0,9.0,6.5
switzerland::manzambi_johan,Switzerland,MANZAMBI Johan,2026-06-11T03:59:59+00:00,BACKFILLED_PRE_TOURNAMENT_FACT,NA,NA,NA,NA,NA,NA,NA,data/database/players_database.csv,20,SC Freiburg (GER),GER,MF,15,6,9.0,6.3
switzerland::muheim_miro,Switzerland,MUHEIM Miro,2026-06-11T03:59:59+00:00,BACKFILLED_PRE_TOURNAMENT_FACT,NA,NA,NA,NA,NA,NA,NA,data/database/players_database.csv,28,Hamburger SV (GER),GER,DF,11,0,9.0,4.2
switzerland::mvogo_yvon,Switzerland,MVOGO Yvon,2026-06-11T03:59:59+00:00,BACKFILLED_PRE_TOURNAMENT_FACT,NA,NA,NA,NA,NA,NA,NA,data/database/players_database.csv,32,FC Lorient (FRA),FRA,GK,13,0,9.0,5.5
switzerland::ndoye_dan,Switzerland,NDOYE Dan,2026-06-11T03:59:59+00:00,BACKFILLED_PRE_TOURNAMENT_FACT,NA,NA,NA,NA,NA,NA,NA,data/database/players_database.csv,25,Nottingham Forest FC (ENG),ENG,FW,34,8,9.0,6.9
switzerland::okafor_noah,Switzerland,OKAFOR Noah,2026-06-11T03:59:59+00:00,BACKFILLED_PRE_TOURNAMENT_FACT,NA,NA,NA,NA,NA,NA,NA,data/database/players_database.csv,26,Leeds United FC (ENG),ENG,FW,25,2,9.0,5.4
switzerland::rieder_fabian,Switzerland,RIEDER Fabian,2026-06-11T03:59:59+00:00,BACKFILLED_PRE_TOURNAMENT_FACT,NA,NA,NA,NA,NA,NA,NA,data/database/players_database.csv,24,FC Augsburg (GER),GER,MF,30,1,9.0,5.6
switzerland::rodriguez_ricardo,Switzerland,RODRIGUEZ Ricardo,2026-06-11T03:59:59+00:00,BACKFILLED_PRE_TOURNAMENT_FACT,NA,NA,NA,NA,NA,NA,NA,data/database/players_database.csv,33,Real Betis (ESP),ESP,DF,141,9,9.0,8.9
switzerland::sow_djibril,Switzerland,SOW Djibril,2026-06-11T03:59:59+00:00,BACKFILLED_PRE_TOURNAMENT_FACT,NA,NA,NA,NA,NA,NA,NA,data/database/players_database.csv,29,Sevilla FC (ESP),ESP,MF,54,0,9.0,6.1
switzerland::vargas_ruben,Switzerland,VARGAS Ruben,2026-06-11T03:59:59+00:00,BACKFILLED_PRE_TOURNAMENT_FACT,NA,NA,NA,NA,NA,NA,NA,data/database/players_database.csv,27,Sevilla FC (ESP),ESP,FW,64,13,9.0,8.0
switzerland::widmer_silvan,Switzerland,WIDMER Silvan,2026-06-11T03:59:59+00:00,BACKFILLED_PRE_TOURNAMENT_FACT,NA,NA,NA,NA,NA,NA,NA,data/database/players_database.csv,33,1. FSV Mainz 05 (GER),GER,DF,62,5,9.0,8.7
switzerland::xhaka_granit,Switzerland,XHAKA Granit,2026-06-11T03:59:59+00:00,BACKFILLED_PRE_TOURNAMENT_FACT,NA,NA,NA,NA,NA,NA,NA,data/database/players_database.csv,33,Sunderland AFC (ENG),ENG,MF,149,18,9.0,9.0
switzerland::zakaria_denis,Switzerland,ZAKARIA Denis,2026-06-11T03:59:59+00:00,BACKFILLED_PRE_TOURNAMENT_FACT,NA,NA,NA,NA,NA,NA,NA,data/database/players_database.csv,29,AS Monaco (FRA),FRA,MF,66,3,9.0,7.4
tunisia::abdi_ali,Tunisia,ABDI Ali,2026-06-11T03:59:59+00:00,BACKFILLED_PRE_TOURNAMENT_FACT,NA,NA,NA,NA,NA,NA,NA,data/database/players_database.csv,32,OGC Nice (FRA),FRA,DF,49,7,9.0,8.1
tunisia::achouri_elias,Tunisia,ACHOURI Elias,2026-06-11T03:59:59+00:00,BACKFILLED_PRE_TOURNAMENT_FACT,NA,NA,NA,NA,NA,NA,NA,data/database/players_database.csv,27,FC København (DEN),DEN,FW,33,5,7.5,5.9
tunisia::arous_adam,Tunisia,AROUS Adam,2026-06-11T03:59:59+00:00,BACKFILLED_PRE_TOURNAMENT_FACT,NA,NA,NA,NA,NA,NA,NA,data/database/players_database.csv,21,Kasımpaşa SK (TUR),TUR,DF,2,0,7.5,3.2
tunisia::ayari_khalil,Tunisia,AYARI Khalil,2026-06-11T03:59:59+00:00,BACKFILLED_PRE_TOURNAMENT_FACT,NA,NA,NA,NA,NA,NA,NA,data/database/players_database.csv,21,Paris Saint-Germain (FRA),FRA,MF,4,0,9.0,3.6
tunisia::ben_hessen_sabri,Tunisia,BEN HESSEN Sabri,2026-06-11T03:59:59+00:00,BACKFILLED_PRE_TOURNAMENT_FACT,NA,NA,NA,NA,NA,NA,NA,data/database/players_database.csv,30,Étoile Du Sahel (TUN),TUN,GK,1,0,5.5,4.0
tunisia::ben_hmida_mohamed_amine,Tunisia,BEN HMIDA Mohamed Amine,2026-06-11T03:59:59+00:00,BACKFILLED_PRE_TOURNAMENT_FACT,NA,NA,NA,NA,NA,NA,NA,data/database/players_database.csv,30,Espérance De Tunisie (TUN),TUN,DF,16,0,5.5,3.6
tunisia::ben_ouanes_mortadha,Tunisia,BEN OUANES Mortadha,2026-06-11T03:59:59+00:00,BACKFILLED_PRE_TOURNAMENT_FACT,NA,NA,NA,NA,NA,NA,NA,data/database/players_database.csv,31,Kasımpaşa SK (TUR),TUR,DF,19,0,7.5,3.9
tunisia::bronn_dylan,Tunisia,BRONN Dylan,2026-06-11T03:59:59+00:00,BACKFILLED_PRE_TOURNAMENT_FACT,NA,NA,NA,NA,NA,NA,NA,data/database/players_database.csv,31,Servette FC (SUI),SUI,DF,53,2,7.5,6.6
tunisia::chamakh_mouhib,Tunisia,CHAMAKH Mouhib,2026-06-11T03:59:59+00:00,BACKFILLED_PRE_TOURNAMENT_FACT,NA,NA,NA,NA,NA,NA,NA,data/database/players_database.csv,24,Club Africain (TUN),TUN,GK,4,0,5.5,4.2
tunisia::chaouat_firas,Tunisia,CHAOUAT Firas,2026-06-11T03:59:59+00:00,BACKFILLED_PRE_TOURNAMENT_FACT,NA,NA,NA,NA,NA,NA,NA,data/database/players_database.csv,30,Club Africain (TUN),TUN,FW,33,6,5.5,5.6
tunisia::chikhaoui_raed,Tunisia,CHIKHAOUI Raed,2026-06-11T03:59:59+00:00,BACKFILLED_PRE_TOURNAMENT_FACT,NA,NA,NA,NA,NA,NA,NA,data/database/players_database.csv,22,US Monastir (TUN),TUN,DF,0,0,5.5,2.6
tunisia::dahmen_aymen,Tunisia,DAHMEN Aymen,2026-06-11T03:59:59+00:00,BACKFILLED_PRE_TOURNAMENT_FACT,NA,NA,NA,NA,NA,NA,NA,data/database/players_database.csv,29,CS Sfaxien (TUN),TUN,GK,39,0,5.5,6.1
tunisia::elloumi_rayan,Tunisia,ELLOUMI Rayan,2026-06-11T03:59:59+00:00,BACKFILLED_PRE_TOURNAMENT_FACT,NA,NA,NA,NA,NA,NA,NA,data/database/players_database.csv,18,Vancouver Whitecaps FC (CAN),CAN,FW,4,0,5.5,2.5
tunisia::gharbi_ismael,Tunisia,GHARBI Ismael,2026-06-11T03:59:59+00:00,BACKFILLED_PRE_TOURNAMENT_FACT,NA,NA,NA,NA,NA,NA,NA,data/database/players_database.csv,22,FC Augsburg (GER),GER,MF,20,2,9.0,6.0
tunisia::hadj_mahmoud_mohamed,Tunisia,HADJ MAHMOUD Mohamed,2026-06-11T03:59:59+00:00,BACKFILLED_PRE_TOURNAMENT_FACT,NA,NA,NA,NA,NA,NA,NA,data/database/players_database.csv,26,FC Lugano (SUI),SUI,MF,11,0,7.5,3.9
tunisia::khedira_rani,Tunisia,KHEDIRA Rani,2026-06-11T03:59:59+00:00,BACKFILLED_PRE_TOURNAMENT_FACT,NA,NA,NA,NA,NA,NA,NA,data/database/players_database.csv,32,1. FC Union Berlin (GER),GER,MF,6,0,9.0,3.7
tunisia::mastouri_hazem,Tunisia,MASTOURI Hazem,2026-06-11T03:59:59+00:00,BACKFILLED_PRE_TOURNAMENT_FACT,NA,NA,NA,NA,NA,NA,NA,data/database/players_database.csv,29,FC Dynamo Makhachkala (RUS),RUS,FW,20,5,5.5,5.5
tunisia::mejbri_hannibal,Tunisia,MEJBRI Hannibal,2026-06-11T03:59:59+00:00,BACKFILLED_PRE_TOURNAMENT_FACT,NA,NA,NA,NA,NA,NA,NA,data/database/players_database.csv,23,Burnley FC (ENG),ENG,MF,48,1,9.0,5.9
tunisia::neffati_moutaz,Tunisia,NEFFATI Moutaz,2026-06-11T03:59:59+00:00,BACKFILLED_PRE_TOURNAMENT_FACT,NA,NA,NA,NA,NA,NA,NA,data/database/players_database.csv,21,IFK Norrköping FK (SWE),SWE,DF,5,0,6.5,3.0
tunisia::rekik_omar,Tunisia,REKIK Omar,2026-06-11T03:59:59+00:00,BACKFILLED_PRE_TOURNAMENT_FACT,NA,NA,NA,NA,NA,NA,NA,data/database/players_database.csv,24,NK Maribor (SVN),SVN,DF,8,1,6.5,6.0
tunisia::saad_elias,Tunisia,SAAD Elias,2026-06-11T03:59:59+00:00,BACKFILLED_PRE_TOURNAMENT_FACT,NA,NA,NA,NA,NA,NA,NA,data/database/players_database.csv,26,Hannover 96 (GER),GER,FW,17,3,9.0,5.8
tunisia::skhiri_ellyes,Tunisia,SKHIRI Ellyes,2026-06-11T03:59:59+00:00,BACKFILLED_PRE_TOURNAMENT_FACT,NA,NA,NA,NA,NA,NA,NA,data/database/players_database.csv,31,Eintracht Frankfurt (GER),GER,MF,86,4,9.0,7.7
tunisia::slimane_anis,Tunisia,SLIMANE Anis,2026-06-11T03:59:59+00:00,BACKFILLED_PRE_TOURNAMENT_FACT,NA,NA,NA,NA,NA,NA,NA,data/database/players_database.csv,25,Norwich City FC (ENG),ENG,MF,43,4,9.0,7.2
tunisia::talbi_montassar,Tunisia,TALBI Montassar,2026-06-11T03:59:59+00:00,BACKFILLED_PRE_TOURNAMENT_FACT,NA,NA,NA,NA,NA,NA,NA,data/database/players_database.csv,28,FC Lorient (FRA),FRA,DF,67,4,9.0,8.5
tunisia::tounekti_sebastian,Tunisia,TOUNEKTI Sebastian,2026-06-11T03:59:59+00:00,BACKFILLED_PRE_TOURNAMENT_FACT,NA,NA,NA,NA,NA,NA,NA,data/database/players_database.csv,23,Celtic FC (SCO),SCO,MF,15,1,7.5,4.8
tunisia::valery_yan,Tunisia,VALERY Yan,2026-06-11T03:59:59+00:00,BACKFILLED_PRE_TOURNAMENT_FACT,NA,NA,NA,NA,NA,NA,NA,data/database/players_database.csv,27,BSC Young Boys (SUI),SUI,DF,25,0,7.5,4.5
turkiye::akaydin_samet,Türkiye,AKAYDIN Samet,2026-06-11T03:59:59+00:00,BACKFILLED_PRE_TOURNAMENT_FACT,NA,NA,NA,NA,NA,NA,NA,data/database/players_database.csv,32,Çaykur Rizespor (TUR),TUR,DF,19,1,7.5,5.6
turkiye::akgun_yunus,Türkiye,AKGUN Yunus,2026-06-11T03:59:59+00:00,BACKFILLED_PRE_TOURNAMENT_FACT,NA,NA,NA,NA,NA,NA,NA,data/database/players_database.csv,25,Galatasaray SK (TUR),TUR,FW,21,4,7.5,5.7
turkiye::akturkoglu_kerem,Türkiye,AKTURKOGLU Kerem,2026-06-11T03:59:59+00:00,BACKFILLED_PRE_TOURNAMENT_FACT,NA,NA,NA,NA,NA,NA,NA,data/database/players_database.csv,27,Fenerbahçe SK (TUR),TUR,FW,54,15,7.5,7.7
turkiye::aydin_oguz,Türkiye,AYDIN Oguz,2026-06-11T03:59:59+00:00,BACKFILLED_PRE_TOURNAMENT_FACT,NA,NA,NA,NA,NA,NA,NA,data/database/players_database.csv,25,Fenerbahçe SK (TUR),TUR,FW,12,0,7.5,3.9
turkiye::ayhan_kaan,Türkiye,AYHAN Kaan,2026-06-11T03:59:59+00:00,BACKFILLED_PRE_TOURNAMENT_FACT,NA,NA,NA,NA,NA,NA,NA,data/database/players_database.csv,31,Galatasaray SK (TUR),TUR,MF,74,6,7.5,7.7
turkiye::bardakci_abdulkerim,Türkiye,BARDAKCI Abdulkerim,2026-06-11T03:59:59+00:00,BACKFILLED_PRE_TOURNAMENT_FACT,NA,NA,NA,NA,NA,NA,NA,data/database/players_database.csv,31,Galatasaray SK (TUR),TUR,DF,30,2,7.5,6.5
turkiye::bayindir_altay,Türkiye,BAYINDIR Altay,2026-06-11T03:59:59+00:00,BACKFILLED_PRE_TOURNAMENT_FACT,NA,NA,NA,NA,NA,NA,NA,data/database/players_database.csv,28,Manchester United FC (ENG),ENG,GK,12,0,9.0,5.8
turkiye::cakir_ugurcan,Türkiye,CAKIR Ugurcan,2026-06-11T03:59:59+00:00,BACKFILLED_PRE_TOURNAMENT_FACT,NA,NA,NA,NA,NA,NA,NA,data/database/players_database.csv,30,Galatasaray SK (TUR),TUR,GK,42,0,7.5,7.0
turkiye::calhanoglu_hakan,Türkiye,CALHANOGLU Hakan,2026-06-11T03:59:59+00:00,BACKFILLED_PRE_TOURNAMENT_FACT,NA,NA,NA,NA,NA,NA,NA,data/database/players_database.csv,32,FC Internazionale Milano (ITA),ITA,MF,108,22,9.0,9.4
turkiye::celik_zeki,Türkiye,CELIK Zeki,2026-06-11T03:59:59+00:00,BACKFILLED_PRE_TOURNAMENT_FACT,NA,NA,NA,NA,NA,NA,NA,data/database/players_database.csv,29,AS Roma (ITA),ITA,DF,63,3,9.0,8.0
turkiye::demiral_merih,Türkiye,DEMIRAL Merih,2026-06-11T03:59:59+00:00,BACKFILLED_PRE_TOURNAMENT_FACT,NA,NA,NA,NA,NA,NA,NA,data/database/players_database.csv,28,Al Ahli FC (KSA),KSA,DF,65,6,7.5,8.7
turkiye::elmali_eren,Türkiye,ELMALI Eren,2026-06-11T03:59:59+00:00,BACKFILLED_PRE_TOURNAMENT_FACT,NA,NA,NA,NA,NA,NA,NA,data/database/players_database.csv,25,Galatasaray SK (TUR),TUR,DF,25,0,7.5,4.5
turkiye::gul_deniz,Türkiye,GUL Deniz,2026-06-11T03:59:59+00:00,BACKFILLED_PRE_TOURNAMENT_FACT,NA,NA,NA,NA,NA,NA,NA,data/database/players_database.csv,21,FC Porto (POR),POR,FW,10,2,7.5,4.9
turkiye::guler_arda,Türkiye,GULER Arda,2026-06-11T03:59:59+00:00,BACKFILLED_PRE_TOURNAMENT_FACT,NA,NA,NA,NA,NA,NA,NA,data/database/players_database.csv,21,Real Madrid C. F. (ESP),ESP,FW,33,7,9.0,6.4
turkiye::gunok_mert,Türkiye,GUNOK Mert,2026-06-11T03:59:59+00:00,BACKFILLED_PRE_TOURNAMENT_FACT,NA,NA,NA,NA,NA,NA,NA,data/database/players_database.csv,37,Fenerbahçe SK (TUR),TUR,GK,37,0,7.5,5.5
turkiye::kabak_ozan,Türkiye,KABAK Ozan,2026-06-11T03:59:59+00:00,BACKFILLED_PRE_TOURNAMENT_FACT,NA,NA,NA,NA,NA,NA,NA,data/database/players_database.csv,26,TSG Hoffenheim (GER),GER,DF,31,2,9.0,7.1
turkiye::kadioglu_ferdi,Türkiye,KADIOGLU Ferdi,2026-06-11T03:59:59+00:00,BACKFILLED_PRE_TOURNAMENT_FACT,NA,NA,NA,NA,NA,NA,NA,data/database/players_database.csv,26,Brighton & Hove Albion FC (ENG),ENG,DF,32,2,9.0,7.1
turkiye::kahveci_irfan_can,Türkiye,KAHVECI Irfan Can,2026-06-11T03:59:59+00:00,BACKFILLED_PRE_TOURNAMENT_FACT,NA,NA,NA,NA,NA,NA,NA,data/database/players_database.csv,30,Kasımpaşa SK (TUR),TUR,FW,48,6,7.5,6.4
turkiye::kokcu_orkun,Türkiye,KOKCU Orkun,2026-06-11T03:59:59+00:00,BACKFILLED_PRE_TOURNAMENT_FACT,NA,NA,NA,NA,NA,NA,NA,data/database/players_database.csv,25,Beşiktaş JK (TUR),TUR,MF,53,4,7.5,7.0
turkiye::muldur_mert,Türkiye,MULDUR Mert,2026-06-11T03:59:59+00:00,BACKFILLED_PRE_TOURNAMENT_FACT,NA,NA,NA,NA,NA,NA,NA,data/database/players_database.csv,27,Fenerbahçe SK (TUR),TUR,DF,48,3,7.5,7.4
turkiye::ozcan_salih,Türkiye,OZCAN Salih,2026-06-11T03:59:59+00:00,BACKFILLED_PRE_TOURNAMENT_FACT,NA,NA,NA,NA,NA,NA,NA,data/database/players_database.csv,28,Borussia Dortmund (GER),GER,MF,32,1,9.0,5.7
turkiye::soyuncu_caglar,Türkiye,SOYUNCU Caglar,2026-06-11T03:59:59+00:00,BACKFILLED_PRE_TOURNAMENT_FACT,NA,NA,NA,NA,NA,NA,NA,data/database/players_database.csv,30,Fenerbahçe SK (TUR),TUR,DF,61,2,7.5,7.1
turkiye::uzun_can,Türkiye,UZUN Can,2026-06-11T03:59:59+00:00,BACKFILLED_PRE_TOURNAMENT_FACT,NA,NA,NA,NA,NA,NA,NA,data/database/players_database.csv,20,Eintracht Frankfurt (GER),GER,FW,8,1,9.0,4.4
turkiye::yildiz_kenan,Türkiye,YILDIZ Kenan,2026-06-11T03:59:59+00:00,BACKFILLED_PRE_TOURNAMENT_FACT,NA,NA,NA,NA,NA,NA,NA,data/database/players_database.csv,21,Juventus FC (ITA),ITA,FW,31,5,9.0,6.0
turkiye::yilmaz_baris_alper,Türkiye,YILMAZ Baris Alper,2026-06-11T03:59:59+00:00,BACKFILLED_PRE_TOURNAMENT_FACT,NA,NA,NA,NA,NA,NA,NA,data/database/players_database.csv,26,Galatasaray SK (TUR),TUR,FW,38,5,7.5,6.0
turkiye::yuksek_ismail,Türkiye,YUKSEK Ismail,2026-06-11T03:59:59+00:00,BACKFILLED_PRE_TOURNAMENT_FACT,NA,NA,NA,NA,NA,NA,NA,data/database/players_database.csv,27,Fenerbahçe SK (TUR),TUR,MF,34,1,7.5,5.4
usa::aaronson_brenden,USA,AARONSON Brenden,2026-06-11T03:59:59+00:00,BACKFILLED_PRE_TOURNAMENT_FACT,NA,NA,NA,NA,NA,NA,NA,data/database/players_database.csv,25,Leeds United FC (ENG),ENG,FW,59,9,9.0,7.4
usa::adams_tyler,USA,ADAMS Tyler,2026-06-11T03:59:59+00:00,BACKFILLED_PRE_TOURNAMENT_FACT,NA,NA,NA,NA,NA,NA,NA,data/database/players_database.csv,27,AFC Bournemouth (ENG),ENG,MF,56,2,9.0,6.8
usa::arfsten_max,USA,ARFSTEN Max,2026-06-11T03:59:59+00:00,BACKFILLED_PRE_TOURNAMENT_FACT,NA,NA,NA,NA,NA,NA,NA,data/database/players_database.csv,25,Columbus Crew (USA),USA,DF,20,1,7.5,5.8
usa::balogun_folarin,USA,BALOGUN Folarin,2026-06-11T03:59:59+00:00,BACKFILLED_PRE_TOURNAMENT_FACT,NA,NA,NA,NA,NA,NA,NA,data/database/players_database.csv,24,AS Monaco (FRA),FRA,FW,29,11,9.0,7.5
usa::berhalter_sebastian,USA,BERHALTER Sebastian,2026-06-11T03:59:59+00:00,BACKFILLED_PRE_TOURNAMENT_FACT,NA,NA,NA,NA,NA,NA,NA,data/database/players_database.csv,25,Vancouver Whitecaps FC (CAN),CAN,MF,16,2,5.5,5.7
usa::brady_chris,USA,BRADY Chris,2026-06-11T03:59:59+00:00,BACKFILLED_PRE_TOURNAMENT_FACT,NA,NA,NA,NA,NA,NA,NA,data/database/players_database.csv,22,Chicago Fire FC (USA),USA,GK,1,0,7.5,4.3
usa::dest_sergino,USA,DEST Sergino,2026-06-11T03:59:59+00:00,BACKFILLED_PRE_TOURNAMENT_FACT,NA,NA,NA,NA,NA,NA,NA,data/database/players_database.csv,25,PSV Eindhoven (NED),NED,DF,42,3,7.5,7.4
usa::freeman_alex,USA,FREEMAN Alex,2026-06-11T03:59:59+00:00,BACKFILLED_PRE_TOURNAMENT_FACT,NA,NA,NA,NA,NA,NA,NA,data/database/players_database.csv,21,Villarreal CF (ESP),ESP,DF,20,3,9.0,6.8
usa::freese_matt,USA,FREESE Matt,2026-06-11T03:59:59+00:00,BACKFILLED_PRE_TOURNAMENT_FACT,NA,NA,NA,NA,NA,NA,NA,data/database/players_database.csv,27,New York City FC (USA),USA,GK,17,0,7.5,5.6
usa::mckennie_weston,USA,McKENNIE Weston,2026-06-11T03:59:59+00:00,BACKFILLED_PRE_TOURNAMENT_FACT,NA,NA,NA,NA,NA,NA,NA,data/database/players_database.csv,27,Juventus FC (ITA),ITA,MF,69,12,9.0,9.3
usa::mckenzie_mark,USA,McKENZIE Mark,2026-06-11T03:59:59+00:00,BACKFILLED_PRE_TOURNAMENT_FACT,NA,NA,NA,NA,NA,NA,NA,data/database/players_database.csv,27,Toulouse FC (FRA),FRA,DF,30,0,9.0,5.1
usa::pepi_ricardo,USA,PEPI Ricardo,2026-06-11T03:59:59+00:00,BACKFILLED_PRE_TOURNAMENT_FACT,NA,NA,NA,NA,NA,NA,NA,data/database/players_database.csv,23,PSV Eindhoven (NED),NED,FW,40,13,7.5,7.1
usa::pulisic_christian,USA,PULISIC Christian,2026-06-11T03:59:59+00:00,BACKFILLED_PRE_TOURNAMENT_FACT,NA,NA,NA,NA,NA,NA,NA,data/database/players_database.csv,27,AC Milan (ITA),ITA,FW,88,33,9.0,9.8
usa::ream_tim,USA,REAM Tim,2026-06-11T03:59:59+00:00,BACKFILLED_PRE_TOURNAMENT_FACT,NA,NA,NA,NA,NA,NA,NA,data/database/players_database.csv,38,Charlotte FC (USA),USA,DF,84,1,7.5,6.3
usa::reyna_giovanni,USA,REYNA Giovanni,2026-06-11T03:59:59+00:00,BACKFILLED_PRE_TOURNAMENT_FACT,NA,NA,NA,NA,NA,NA,NA,data/database/players_database.csv,23,Borussia Mönchengladbach (GER),GER,MF,41,10,9.0,7.7
usa::richards_chris,USA,RICHARDS Chris,2026-06-11T03:59:59+00:00,BACKFILLED_PRE_TOURNAMENT_FACT,NA,NA,NA,NA,NA,NA,NA,data/database/players_database.csv,26,Crystal Palace FC (ENG),ENG,DF,38,3,9.0,7.9
usa::robinson_antonee,USA,ROBINSON Antonee,2026-06-11T03:59:59+00:00,BACKFILLED_PRE_TOURNAMENT_FACT,NA,NA,NA,NA,NA,NA,NA,data/database/players_database.csv,28,Fulham FC (ENG),ENG,DF,56,5,9.0,8.7
usa::robinson_miles,USA,ROBINSON Miles,2026-06-11T03:59:59+00:00,BACKFILLED_PRE_TOURNAMENT_FACT,NA,NA,NA,NA,NA,NA,NA,data/database/players_database.csv,29,FC Cincinnatti (USA),USA,DF,41,3,7.5,7.5
usa::roldan_cristian,USA,ROLDAN Cristian,2026-06-11T03:59:59+00:00,BACKFILLED_PRE_TOURNAMENT_FACT,NA,NA,NA,NA,NA,NA,NA,data/database/players_database.csv,31,Seattle Sounders FC (USA),USA,MF,47,0,7.5,5.1
usa::scally_joe,USA,SCALLY Joe,2026-06-11T03:59:59+00:00,BACKFILLED_PRE_TOURNAMENT_FACT,NA,NA,NA,NA,NA,NA,NA,data/database/players_database.csv,23,Borussia Mönchengladbach (GER),GER,DF,28,0,9.0,4.7
usa::tillman_malik,USA,TILLMAN Malik,2026-06-11T03:59:59+00:00,BACKFILLED_PRE_TOURNAMENT_FACT,NA,NA,NA,NA,NA,NA,NA,data/database/players_database.csv,24,Bayer 04 Leverkusen (GER),GER,MF,33,3,9.0,6.7
usa::trusty_auston,USA,TRUSTY Auston,2026-06-11T03:59:59+00:00,BACKFILLED_PRE_TOURNAMENT_FACT,NA,NA,NA,NA,NA,NA,NA,data/database/players_database.csv,27,Celtic FC (SCO),SCO,DF,10,1,7.5,6.3
usa::turner_matt,USA,TURNER Matt,2026-06-11T03:59:59+00:00,BACKFILLED_PRE_TOURNAMENT_FACT,NA,NA,NA,NA,NA,NA,NA,data/database/players_database.csv,32,New England Revolution (USA),USA,GK,55,0,7.5,7.3
usa::weah_timothy,USA,WEAH Timothy,2026-06-11T03:59:59+00:00,BACKFILLED_PRE_TOURNAMENT_FACT,NA,NA,NA,NA,NA,NA,NA,data/database/players_database.csv,26,Olympique Marseille (FRA),FRA,FW,53,7,9.0,7.0
usa::wright_haji,USA,WRIGHT Haji,2026-06-11T03:59:59+00:00,BACKFILLED_PRE_TOURNAMENT_FACT,NA,NA,NA,NA,NA,NA,NA,data/database/players_database.csv,28,Coventry City FC (ENG),ENG,FW,21,7,9.0,7.0
usa::zendejas_alex,USA,ZENDEJAS Alex,2026-06-11T03:59:59+00:00,BACKFILLED_PRE_TOURNAMENT_FACT,NA,NA,NA,NA,NA,NA,NA,data/database/players_database.csv,28,Club América (MEX),MEX,FW,15,2,7.5,5.0
uruguay::aguirre_rodrigo,Uruguay,AGUIRRE Rodrigo,2026-06-11T03:59:59+00:00,BACKFILLED_PRE_TOURNAMENT_FACT,NA,NA,NA,NA,NA,NA,NA,data/database/players_database.csv,31,Tigres UANL (MEX),MEX,FW,11,3,7.5,5.5
uruguay::araujo_maxi,Uruguay,ARAUJO Maxi,2026-06-11T03:59:59+00:00,BACKFILLED_PRE_TOURNAMENT_FACT,NA,NA,NA,NA,NA,NA,NA,data/database/players_database.csv,26,Sporting CP (POR),POR,MF,30,5,7.5,7.2
uruguay::araujo_ronald,Uruguay,ARAUJO Ronald,2026-06-11T03:59:59+00:00,BACKFILLED_PRE_TOURNAMENT_FACT,NA,NA,NA,NA,NA,NA,NA,data/database/players_database.csv,27,FC Barcelona (ESP),ESP,DF,27,1,9.0,6.1
uruguay::bentancur_rodrigo,Uruguay,BENTANCUR Rodrigo,2026-06-11T03:59:59+00:00,BACKFILLED_PRE_TOURNAMENT_FACT,NA,NA,NA,NA,NA,NA,NA,data/database/players_database.csv,29,Tottenham Hotspur FC (ENG),ENG,MF,75,3,9.0,7.7
uruguay::bueno_santiago,Uruguay,BUENO Santiago,2026-06-11T03:59:59+00:00,BACKFILLED_PRE_TOURNAMENT_FACT,NA,NA,NA,NA,NA,NA,NA,data/database/players_database.csv,27,Wolverhampton Wanderers FC (ENG),ENG,DF,8,0,9.0,4.1
uruguay::caceres_sebastian,Uruguay,CACERES Sebastian,2026-06-11T03:59:59+00:00,BACKFILLED_PRE_TOURNAMENT_FACT,NA,NA,NA,NA,NA,NA,NA,data/database/players_database.csv,26,Club América (MEX),MEX,DF,25,0,7.5,4.5
uruguay::canobbio_agustin,Uruguay,CANOBBIO Agustin,2026-06-11T03:59:59+00:00,BACKFILLED_PRE_TOURNAMENT_FACT,NA,NA,NA,NA,NA,NA,NA,data/database/players_database.csv,27,Fluminense FC (BRA),BRA,MF,16,2,7.5,6.2
uruguay::de_arrascaeta_giorgian,Uruguay,DE ARRASCAETA Giorgian,2026-06-11T03:59:59+00:00,BACKFILLED_PRE_TOURNAMENT_FACT,NA,NA,NA,NA,NA,NA,NA,data/database/players_database.csv,32,CR Flamengo (BRA),BRA,MF,59,13,7.5,8.2
uruguay::de_la_cruz_nicolas,Uruguay,DE LA CRUZ Nicolas,2026-06-11T03:59:59+00:00,BACKFILLED_PRE_TOURNAMENT_FACT,NA,NA,NA,NA,NA,NA,NA,data/database/players_database.csv,29,CR Flamengo (BRA),BRA,MF,36,5,7.5,7.3
uruguay::gimenez_jose_maria,Uruguay,GIMENEZ Jose Maria,2026-06-11T03:59:59+00:00,BACKFILLED_PRE_TOURNAMENT_FACT,NA,NA,NA,NA,NA,NA,NA,data/database/players_database.csv,31,Atlético De Madrid (ESP),ESP,DF,99,8,9.0,9.4
uruguay::martinez_emiliano,Uruguay,MARTINEZ Emiliano,2026-06-11T03:59:59+00:00,BACKFILLED_PRE_TOURNAMENT_FACT,NA,NA,NA,NA,NA,NA,NA,data/database/players_database.csv,26,SE Palmeiras (BRA),BRA,MF,10,0,7.5,3.8
uruguay::mele_santiago,Uruguay,MELE Santiago,2026-06-11T03:59:59+00:00,BACKFILLED_PRE_TOURNAMENT_FACT,NA,NA,NA,NA,NA,NA,NA,data/database/players_database.csv,28,CF Monterrey (MEX),MEX,GK,8,0,7.5,5.1
uruguay::muslera_fernando,Uruguay,MUSLERA Fernando,2026-06-11T03:59:59+00:00,BACKFILLED_PRE_TOURNAMENT_FACT,NA,NA,NA,NA,NA,NA,NA,data/database/players_database.csv,40,Estudiantes LP (ARG),ARG,GK,136,0,7.5,7.9
uruguay::nunez_darwin,Uruguay,NUNEZ Darwin,2026-06-11T03:59:59+00:00,BACKFILLED_PRE_TOURNAMENT_FACT,NA,NA,NA,NA,NA,NA,NA,data/database/players_database.csv,27,Al Hilal SC (KSA),KSA,FW,40,13,7.5,7.4
uruguay::olivera_mathias,Uruguay,OLIVERA Mathias,2026-06-11T03:59:59+00:00,BACKFILLED_PRE_TOURNAMENT_FACT,NA,NA,NA,NA,NA,NA,NA,data/database/players_database.csv,28,SSC Napoli (ITA),ITA,DF,37,2,9.0,7.1
uruguay::pellistri_facundo,Uruguay,PELLISTRI Facundo,2026-06-11T03:59:59+00:00,BACKFILLED_PRE_TOURNAMENT_FACT,NA,NA,NA,NA,NA,NA,NA,data/database/players_database.csv,24,Panathinaikos FC (GRE),GRE,FW,39,2,6.5,5.2
uruguay::piquerez_joaquin,Uruguay,PIQUEREZ Joaquin,2026-06-11T03:59:59+00:00,BACKFILLED_PRE_TOURNAMENT_FACT,NA,NA,NA,NA,NA,NA,NA,data/database/players_database.csv,27,SE Palmeiras (BRA),BRA,MF,19,0,7.5,4.2
uruguay::rochet_sergio,Uruguay,ROCHET Sergio,2026-06-11T03:59:59+00:00,BACKFILLED_PRE_TOURNAMENT_FACT,NA,NA,NA,NA,NA,NA,NA,data/database/players_database.csv,33,SC Internacional (BRA),BRA,GK,35,0,7.5,6.2
uruguay::rodriguez_brian,Uruguay,RODRIGUEZ Brian,2026-06-11T03:59:59+00:00,BACKFILLED_PRE_TOURNAMENT_FACT,NA,NA,NA,NA,NA,NA,NA,data/database/players_database.csv,26,Club América (MEX),MEX,FW,35,4,7.5,5.7
uruguay::sanabria_juan_manuel,Uruguay,SANABRIA Juan Manuel,2026-06-11T03:59:59+00:00,BACKFILLED_PRE_TOURNAMENT_FACT,NA,NA,NA,NA,NA,NA,NA,data/database/players_database.csv,26,Real Salt Lake (USA),USA,MF,7,1,7.5,6.1
uruguay::ugarte_manuel,Uruguay,UGARTE Manuel,2026-06-11T03:59:59+00:00,BACKFILLED_PRE_TOURNAMENT_FACT,NA,NA,NA,NA,NA,NA,NA,data/database/players_database.csv,25,Manchester United FC (ENG),ENG,MF,37,1,9.0,5.8
uruguay::valverde_federico,Uruguay,VALVERDE Federico,2026-06-11T03:59:59+00:00,BACKFILLED_PRE_TOURNAMENT_FACT,NA,NA,NA,NA,NA,NA,NA,data/database/players_database.csv,27,Real Madrid C. F. (ESP),ESP,MF,75,9,9.0,9.0
uruguay::varela_guillermo,Uruguay,VARELA Guillermo,2026-06-11T03:59:59+00:00,BACKFILLED_PRE_TOURNAMENT_FACT,NA,NA,NA,NA,NA,NA,NA,data/database/players_database.csv,33,CR Flamengo (BRA),BRA,DF,29,0,7.5,4.3
uruguay::vina_matias,Uruguay,VINA Matias,2026-06-11T03:59:59+00:00,BACKFILLED_PRE_TOURNAMENT_FACT,NA,NA,NA,NA,NA,NA,NA,data/database/players_database.csv,28,CA River Plate (ARG),ARG,DF,44,1,7.5,6.0
uruguay::vinas_federico,Uruguay,VINAS Federico,2026-06-11T03:59:59+00:00,BACKFILLED_PRE_TOURNAMENT_FACT,NA,NA,NA,NA,NA,NA,NA,data/database/players_database.csv,27,Real Oviedo (ESP),ESP,FW,13,2,9.0,5.4
uruguay::zalazar_rodrigo,Uruguay,ZALAZAR Rodrigo,2026-06-11T03:59:59+00:00,BACKFILLED_PRE_TOURNAMENT_FACT,NA,NA,NA,NA,NA,NA,NA,data/database/players_database.csv,26,SC Braga (POR),POR,MF,7,2,7.5,6.2
uzbekistan::abdullaev_abdulla,Uzbekistan,ABDULLAEV Abdulla,2026-06-11T03:59:59+00:00,BACKFILLED_PRE_TOURNAMENT_FACT,NA,NA,NA,NA,NA,NA,NA,data/database/players_database.csv,28,Dibba FC (UAE),UAE,DF,31,0,6.5,4.5
uzbekistan::alijonov_khojiakbar,Uzbekistan,ALIJONOV Khojiakbar,2026-06-11T03:59:59+00:00,BACKFILLED_PRE_TOURNAMENT_FACT,NA,NA,NA,NA,NA,NA,NA,data/database/players_database.csv,29,Pakhtakor Tashkent FK (UZB),UZB,DF,53,3,5.5,7.0
uzbekistan::amonov_azizbek,Uzbekistan,AMONOV Azizbek,2026-06-11T03:59:59+00:00,BACKFILLED_PRE_TOURNAMENT_FACT,NA,NA,NA,NA,NA,NA,NA,data/database/players_database.csv,28,FK Dinamo Samarkand (UZB),UZB,FW,14,2,5.5,4.5
uzbekistan::ashurmatov_rustam,Uzbekistan,ASHURMATOV Rustam,2026-06-11T03:59:59+00:00,BACKFILLED_PRE_TOURNAMENT_FACT,NA,NA,NA,NA,NA,NA,NA,data/database/players_database.csv,29,Esteghlal Tehran FC (IRN),IRN,DF,53,1,5.5,5.8
uzbekistan::ergashev_botirali,Uzbekistan,ERGASHEV Botirali,2026-06-11T03:59:59+00:00,BACKFILLED_PRE_TOURNAMENT_FACT,NA,NA,NA,NA,NA,NA,NA,data/database/players_database.csv,31,FK Neftchi Farg'ona (UZB),UZB,GK,5,0,5.5,3.8
uzbekistan::esanov_sherzod,Uzbekistan,ESANOV Sherzod,2026-06-11T03:59:59+00:00,BACKFILLED_PRE_TOURNAMENT_FACT,NA,NA,NA,NA,NA,NA,NA,data/database/players_database.csv,23,FK Buxoro (UZB),UZB,MF,2,0,5.5,2.7
uzbekistan::eshmurodov_umar,Uzbekistan,ESHMURODOV Umar,2026-06-11T03:59:59+00:00,BACKFILLED_PRE_TOURNAMENT_FACT,NA,NA,NA,NA,NA,NA,NA,data/database/players_database.csv,33,Nasaf Qarshi FC (UZB),UZB,DF,40,0,5.5,4.3
uzbekistan::fayzullaev_abbosbek,Uzbekistan,FAYZULLAEV Abbosbek,2026-06-11T03:59:59+00:00,BACKFILLED_PRE_TOURNAMENT_FACT,NA,NA,NA,NA,NA,NA,NA,data/database/players_database.csv,22,Başakşehir FK (TUR),TUR,MF,34,9,7.5,7.1
uzbekistan::ganiev_azizjon,Uzbekistan,GANIEV Azizjon,2026-06-11T03:59:59+00:00,BACKFILLED_PRE_TOURNAMENT_FACT,NA,NA,NA,NA,NA,NA,NA,data/database/players_database.csv,28,Al Bataeh Club (UAE),UAE,MF,25,0,6.5,4.2
uzbekistan::iskanderov_jamshid,Uzbekistan,ISKANDEROV Jamshid,2026-06-11T03:59:59+00:00,BACKFILLED_PRE_TOURNAMENT_FACT,NA,NA,NA,NA,NA,NA,NA,data/database/players_database.csv,32,FK Neftchi Farg'ona (UZB),UZB,MF,46,4,5.5,6.0
uzbekistan::jiyanov_ruslanbek,Uzbekistan,JIYANOV Ruslanbek,2026-06-11T03:59:59+00:00,BACKFILLED_PRE_TOURNAMENT_FACT,NA,NA,NA,NA,NA,NA,NA,data/database/players_database.csv,25,PFC Navbahor Namangan (UZB),UZB,MF,9,1,5.5,5.1
uzbekistan::karimov_behruzjon,Uzbekistan,KARIMOV Behruzjon,2026-06-11T03:59:59+00:00,BACKFILLED_PRE_TOURNAMENT_FACT,NA,NA,NA,NA,NA,NA,NA,data/database/players_database.csv,18,Surkhon FK (UZB),UZB,DF,4,0,5.5,2.5
uzbekistan::khamdamov_dostonbek,Uzbekistan,KHAMDAMOV Dostonbek,2026-06-11T03:59:59+00:00,BACKFILLED_PRE_TOURNAMENT_FACT,NA,NA,NA,NA,NA,NA,NA,data/database/players_database.csv,29,Pakhtakor Tashkent FK (UZB),UZB,MF,38,5,5.5,6.7
uzbekistan::khusanov_abdukodir,Uzbekistan,KHUSANOV Abdukodir,2026-06-11T03:59:59+00:00,BACKFILLED_PRE_TOURNAMENT_FACT,NA,NA,NA,NA,NA,NA,NA,data/database/players_database.csv,22,Manchester City FC (ENG),ENG,DF,29,0,9.0,4.7
uzbekistan::mozgovoy_akmal,Uzbekistan,MOZGOVOY Akmal,2026-06-11T03:59:59+00:00,BACKFILLED_PRE_TOURNAMENT_FACT,NA,NA,NA,NA,NA,NA,NA,data/database/players_database.csv,27,Pakhtakor Tashkent FK (UZB),UZB,MF,27,1,5.5,4.7
uzbekistan::nasrullaev_sherzod,Uzbekistan,NASRULLAEV Sherzod,2026-06-11T03:59:59+00:00,BACKFILLED_PRE_TOURNAMENT_FACT,NA,NA,NA,NA,NA,NA,NA,data/database/players_database.csv,27,Pakhtakor Tashkent FK (UZB),UZB,DF,42,2,5.5,6.2
uzbekistan::nematov_abduvohid,Uzbekistan,NEMATOV Abduvohid,2026-06-11T03:59:59+00:00,BACKFILLED_PRE_TOURNAMENT_FACT,NA,NA,NA,NA,NA,NA,NA,data/database/players_database.csv,25,Nasaf Qarshi FC (UZB),UZB,GK,16,0,5.5,4.8
uzbekistan::sayfiev_farrukh,Uzbekistan,SAYFIEV Farrukh,2026-06-11T03:59:59+00:00,BACKFILLED_PRE_TOURNAMENT_FACT,NA,NA,NA,NA,NA,NA,NA,data/database/players_database.csv,35,FK Neftchi Farg'ona (UZB),UZB,DF,72,1,5.5,5.9
uzbekistan::sergeev_igor,Uzbekistan,SERGEEV Igor,2026-06-11T03:59:59+00:00,BACKFILLED_PRE_TOURNAMENT_FACT,NA,NA,NA,NA,NA,NA,NA,data/database/players_database.csv,33,Persepolis FC (IRN),IRN,FW,87,25,5.5,8.1
uzbekistan::shomurodov_eldor,Uzbekistan,SHOMURODOV Eldor,2026-06-11T03:59:59+00:00,BACKFILLED_PRE_TOURNAMENT_FACT,NA,NA,NA,NA,NA,NA,NA,data/database/players_database.csv,30,Başakşehir FK (TUR),TUR,FW,95,44,7.5,9.4
uzbekistan::shukurov_otabek,Uzbekistan,SHUKUROV Otabek,2026-06-11T03:59:59+00:00,BACKFILLED_PRE_TOURNAMENT_FACT,NA,NA,NA,NA,NA,NA,NA,data/database/players_database.csv,30,Baniyas Club (UAE),UAE,MF,92,10,6.5,8.4
uzbekistan::ulmasaliyev_avazbek,Uzbekistan,ULMASALIYEV Avazbek,2026-06-11T03:59:59+00:00,BACKFILLED_PRE_TOURNAMENT_FACT,NA,NA,NA,NA,NA,NA,NA,data/database/players_database.csv,26,OKMK FK (UZB),UZB,DF,0,0,5.5,2.9
uzbekistan::urozov_jakhongir,Uzbekistan,UROZOV Jakhongir,2026-06-11T03:59:59+00:00,BACKFILLED_PRE_TOURNAMENT_FACT,NA,NA,NA,NA,NA,NA,NA,data/database/players_database.csv,22,FK Dinamo Samarkand (UZB),UZB,DF,5,1,5.5,5.3
uzbekistan::urunov_oston,Uzbekistan,URUNOV Oston,2026-06-11T03:59:59+00:00,BACKFILLED_PRE_TOURNAMENT_FACT,NA,NA,NA,NA,NA,NA,NA,data/database/players_database.csv,25,Persepolis FC (IRN),IRN,MF,46,10,5.5,7.4
uzbekistan::xamrobekov_odiljon,Uzbekistan,XAMROBEKOV Odiljon,2026-06-11T03:59:59+00:00,BACKFILLED_PRE_TOURNAMENT_FACT,NA,NA,NA,NA,NA,NA,NA,data/database/players_database.csv,30,Tractor Sazi Tabriz FC (IRN),IRN,MF,77,1,5.5,6.5
uzbekistan::yusupov_utkir,Uzbekistan,YUSUPOV Utkir,2026-06-11T03:59:59+00:00,BACKFILLED_PRE_TOURNAMENT_FACT,NA,NA,NA,NA,NA,NA,NA,data/database/players_database.csv,35,PFC Navbahor Namangan (UZB),UZB,GK,46,0,5.5,5.7
