prediction_match_id,prediction_cutoff,record_type,record_id,available_at,source
1,2026-06-11T17:00:00+00:00,team_profile,México,2026-06-11T03:59:59+00:00,data/pre_worldcup_state/teams.csv
1,2026-06-11T17:00:00+00:00,team_profile,África do Sul,2026-06-11T03:59:59+00:00,data/pre_worldcup_state/teams.csv
1,2026-06-11T17:00:00+00:00,fixture,1,2026-06-11T03:59:59+00:00,data/temporal/matches_timeline.csv
1,2026-06-11T17:00:00+00:00,weather,match_1,2026-06-11T17:00:00+00:00,data/context/pre_match_weather.csv
2,2026-06-12T00:00:00+00:00,team_profile,Coreia do Sul,2026-06-11T03:59:59+00:00,data/pre_worldcup_state/teams.csv
2,2026-06-12T00:00:00+00:00,team_profile,Tchéquia,2026-06-11T03:59:59+00:00,data/pre_worldcup_state/teams.csv
2,2026-06-12T00:00:00+00:00,fixture,2,2026-06-11T03:59:59+00:00,data/temporal/matches_timeline.csv
2,2026-06-12T00:00:00+00:00,official_result,1,2026-06-11T22:30:00+00:00,data/resultados_reais.csv
2,2026-06-12T00:00:00+00:00,weather,match_2,2026-06-12T00:00:00+00:00,data/context/pre_match_weather.csv
3,2026-06-12T17:00:00+00:00,team_profile,Canadá,2026-06-11T03:59:59+00:00,data/pre_worldcup_state/teams.csv
3,2026-06-12T17:00:00+00:00,team_profile,Bósnia e Herzegovina,2026-06-11T03:59:59+00:00,data/pre_worldcup_state/teams.csv
3,2026-06-12T17:00:00+00:00,fixture,3,2026-06-11T03:59:59+00:00,data/temporal/matches_timeline.csv
3,2026-06-12T17:00:00+00:00,official_result,1,2026-06-11T22:30:00+00:00,data/resultados_reais.csv
3,2026-06-12T17:00:00+00:00,official_result,2,2026-06-12T05:30:00+00:00,data/resultados_reais.csv
3,2026-06-12T17:00:00+00:00,weather,match_3,2026-06-12T17:00:00+00:00,data/context/pre_match_weather.csv
4,2026-06-12T23:00:00+00:00,team_profile,Estados Unidos,2026-06-11T03:59:59+00:00,data/pre_worldcup_state/teams.csv
4,2026-06-12T23:00:00+00:00,team_profile,Paraguai,2026-06-11T03:59:59+00:00,data/pre_worldcup_state/teams.csv
4,2026-06-12T23:00:00+00:00,fixture,4,2026-06-11T03:59:59+00:00,data/temporal/matches_timeline.csv
4,2026-06-12T23:00:00+00:00,official_result,1,2026-06-11T22:30:00+00:00,data/resultados_reais.csv
4,2026-06-12T23:00:00+00:00,official_result,2,2026-06-12T05:30:00+00:00,data/resultados_reais.csv
4,2026-06-12T23:00:00+00:00,official_result,3,2026-06-12T22:30:00+00:00,data/resultados_reais.csv
4,2026-06-12T23:00:00+00:00,weather,match_4,2026-06-12T23:00:00+00:00,data/context/pre_match_weather.csv
8,2026-06-13T17:00:00+00:00,team_profile,Catar,2026-06-11T03:59:59+00:00,data/pre_worldcup_state/teams.csv
8,2026-06-13T17:00:00+00:00,team_profile,Suíça,2026-06-11T03:59:59+00:00,data/pre_worldcup_state/teams.csv
8,2026-06-13T17:00:00+00:00,fixture,8,2026-06-11T03:59:59+00:00,data/temporal/matches_timeline.csv
8,2026-06-13T17:00:00+00:00,official_result,1,2026-06-11T22:30:00+00:00,data/resultados_reais.csv
8,2026-06-13T17:00:00+00:00,official_result,2,2026-06-12T05:30:00+00:00,data/resultados_reais.csv
8,2026-06-13T17:00:00+00:00,official_result,3,2026-06-12T22:30:00+00:00,data/resultados_reais.csv
8,2026-06-13T17:00:00+00:00,official_result,4,2026-06-13T04:30:00+00:00,data/resultados_reais.csv
8,2026-06-13T17:00:00+00:00,weather,match_8,2026-06-13T17:00:00+00:00,data/context/pre_match_weather.csv
7,2026-06-13T20:00:00+00:00,team_profile,Brasil,2026-06-11T03:59:59+00:00,data/pre_worldcup_state/teams.csv
7,2026-06-13T20:00:00+00:00,team_profile,Marrocos,2026-06-11T03:59:59+00:00,data/pre_worldcup_state/teams.csv
7,2026-06-13T20:00:00+00:00,fixture,7,2026-06-11T03:59:59+00:00,data/temporal/matches_timeline.csv
7,2026-06-13T20:00:00+00:00,official_result,1,2026-06-11T22:30:00+00:00,data/resultados_reais.csv
7,2026-06-13T20:00:00+00:00,official_result,2,2026-06-12T05:30:00+00:00,data/resultados_reais.csv
7,2026-06-13T20:00:00+00:00,official_result,3,2026-06-12T22:30:00+00:00,data/resultados_reais.csv
7,2026-06-13T20:00:00+00:00,official_result,4,2026-06-13T04:30:00+00:00,data/resultados_reais.csv
7,2026-06-13T20:00:00+00:00,weather,match_7,2026-06-13T20:00:00+00:00,data/context/pre_match_weather.csv
5,2026-06-13T23:00:00+00:00,team_profile,Haiti,2026-06-11T03:59:59+00:00,data/pre_worldcup_state/teams.csv
5,2026-06-13T23:00:00+00:00,team_profile,Escócia,2026-06-11T03:59:59+00:00,data/pre_worldcup_state/teams.csv
5,2026-06-13T23:00:00+00:00,fixture,5,2026-06-11T03:59:59+00:00,data/temporal/matches_timeline.csv
5,2026-06-13T23:00:00+00:00,official_result,1,2026-06-11T22:30:00+00:00,data/resultados_reais.csv
5,2026-06-13T23:00:00+00:00,official_result,2,2026-06-12T05:30:00+00:00,data/resultados_reais.csv
5,2026-06-13T23:00:00+00:00,official_result,3,2026-06-12T22:30:00+00:00,data/resultados_reais.csv
5,2026-06-13T23:00:00+00:00,official_result,4,2026-06-13T04:30:00+00:00,data/resultados_reais.csv
5,2026-06-13T23:00:00+00:00,official_result,8,2026-06-13T22:30:00+00:00,data/resultados_reais.csv
5,2026-06-13T23:00:00+00:00,weather,match_5,2026-06-13T23:00:00+00:00,data/context/pre_match_weather.csv
6,2026-06-14T02:00:00+00:00,team_profile,Austrália,2026-06-11T03:59:59+00:00,data/pre_worldcup_state/teams.csv
6,2026-06-14T02:00:00+00:00,team_profile,Turquia,2026-06-11T03:59:59+00:00,data/pre_worldcup_state/teams.csv
6,2026-06-14T02:00:00+00:00,fixture,6,2026-06-11T03:59:59+00:00,data/temporal/matches_timeline.csv
6,2026-06-14T02:00:00+00:00,official_result,1,2026-06-11T22:30:00+00:00,data/resultados_reais.csv
6,2026-06-14T02:00:00+00:00,official_result,2,2026-06-12T05:30:00+00:00,data/resultados_reais.csv
6,2026-06-14T02:00:00+00:00,official_result,3,2026-06-12T22:30:00+00:00,data/resultados_reais.csv
6,2026-06-14T02:00:00+00:00,official_result,4,2026-06-13T04:30:00+00:00,data/resultados_reais.csv
6,2026-06-14T02:00:00+00:00,official_result,8,2026-06-13T22:30:00+00:00,data/resultados_reais.csv
6,2026-06-14T02:00:00+00:00,official_result,7,2026-06-14T01:30:00+00:00,data/resultados_reais.csv
10,2026-06-14T15:00:00+00:00,team_profile,Alemanha,2026-06-11T03:59:59+00:00,data/pre_worldcup_state/teams.csv
10,2026-06-14T15:00:00+00:00,team_profile,Curaçao,2026-06-11T03:59:59+00:00,data/pre_worldcup_state/teams.csv
10,2026-06-14T15:00:00+00:00,fixture,10,2026-06-11T03:59:59+00:00,data/temporal/matches_timeline.csv
10,2026-06-14T15:00:00+00:00,official_result,1,2026-06-11T22:30:00+00:00,data/resultados_reais.csv
10,2026-06-14T15:00:00+00:00,official_result,2,2026-06-12T05:30:00+00:00,data/resultados_reais.csv
10,2026-06-14T15:00:00+00:00,official_result,3,2026-06-12T22:30:00+00:00,data/resultados_reais.csv
10,2026-06-14T15:00:00+00:00,official_result,4,2026-06-13T04:30:00+00:00,data/resultados_reais.csv
10,2026-06-14T15:00:00+00:00,official_result,8,2026-06-13T22:30:00+00:00,data/resultados_reais.csv
10,2026-06-14T15:00:00+00:00,official_result,7,2026-06-14T01:30:00+00:00,data/resultados_reais.csv
10,2026-06-14T15:00:00+00:00,official_result,5,2026-06-14T04:30:00+00:00,data/resultados_reais.csv
10,2026-06-14T15:00:00+00:00,official_result,6,2026-06-14T07:30:00+00:00,data/resultados_reais.csv
11,2026-06-14T18:00:00+00:00,team_profile,Países Baixos,2026-06-11T03:59:59+00:00,data/pre_worldcup_state/teams.csv
11,2026-06-14T18:00:00+00:00,team_profile,Japão,2026-06-11T03:59:59+00:00,data/pre_worldcup_state/teams.csv
11,2026-06-14T18:00:00+00:00,fixture,11,2026-06-11T03:59:59+00:00,data/temporal/matches_timeline.csv
11,2026-06-14T18:00:00+00:00,official_result,1,2026-06-11T22:30:00+00:00,data/resultados_reais.csv
11,2026-06-14T18:00:00+00:00,official_result,2,2026-06-12T05:30:00+00:00,data/resultados_reais.csv
11,2026-06-14T18:00:00+00:00,official_result,3,2026-06-12T22:30:00+00:00,data/resultados_reais.csv
11,2026-06-14T18:00:00+00:00,official_result,4,2026-06-13T04:30:00+00:00,data/resultados_reais.csv
11,2026-06-14T18:00:00+00:00,official_result,8,2026-06-13T22:30:00+00:00,data/resultados_reais.csv
11,2026-06-14T18:00:00+00:00,official_result,7,2026-06-14T01:30:00+00:00,data/resultados_reais.csv
11,2026-06-14T18:00:00+00:00,official_result,5,2026-06-14T04:30:00+00:00,data/resultados_reais.csv
11,2026-06-14T18:00:00+00:00,official_result,6,2026-06-14T07:30:00+00:00,data/resultados_reais.csv
9,2026-06-14T21:00:00+00:00,team_profile,Costa do Marfim,2026-06-11T03:59:59+00:00,data/pre_worldcup_state/teams.csv
9,2026-06-14T21:00:00+00:00,team_profile,Equador,2026-06-11T03:59:59+00:00,data/pre_worldcup_state/teams.csv
9,2026-06-14T21:00:00+00:00,fixture,9,2026-06-11T03:59:59+00:00,data/temporal/matches_timeline.csv
9,2026-06-14T21:00:00+00:00,official_result,1,2026-06-11T22:30:00+00:00,data/resultados_reais.csv
9,2026-06-14T21:00:00+00:00,official_result,2,2026-06-12T05:30:00+00:00,data/resultados_reais.csv
9,2026-06-14T21:00:00+00:00,official_result,3,2026-06-12T22:30:00+00:00,data/resultados_reais.csv
9,2026-06-14T21:00:00+00:00,official_result,4,2026-06-13T04:30:00+00:00,data/resultados_reais.csv
9,2026-06-14T21:00:00+00:00,official_result,8,2026-06-13T22:30:00+00:00,data/resultados_reais.csv
9,2026-06-14T21:00:00+00:00,official_result,7,2026-06-14T01:30:00+00:00,data/resultados_reais.csv
9,2026-06-14T21:00:00+00:00,official_result,5,2026-06-14T04:30:00+00:00,data/resultados_reais.csv
9,2026-06-14T21:00:00+00:00,official_result,6,2026-06-14T07:30:00+00:00,data/resultados_reais.csv
9,2026-06-14T21:00:00+00:00,official_result,10,2026-06-14T20:30:00+00:00,data/resultados_reais.csv
12,2026-06-15T00:00:00+00:00,team_profile,Suécia,2026-06-11T03:59:59+00:00,data/pre_worldcup_state/teams.csv
12,2026-06-15T00:00:00+00:00,team_profile,Tunísia,2026-06-11T03:59:59+00:00,data/pre_worldcup_state/teams.csv
12,2026-06-15T00:00:00+00:00,fixture,12,2026-06-11T03:59:59+00:00,data/temporal/matches_timeline.csv
12,2026-06-15T00:00:00+00:00,official_result,1,2026-06-11T22:30:00+00:00,data/resultados_reais.csv
12,2026-06-15T00:00:00+00:00,official_result,2,2026-06-12T05:30:00+00:00,data/resultados_reais.csv
12,2026-06-15T00:00:00+00:00,official_result,3,2026-06-12T22:30:00+00:00,data/resultados_reais.csv
12,2026-06-15T00:00:00+00:00,official_result,4,2026-06-13T04:30:00+00:00,data/resultados_reais.csv
12,2026-06-15T00:00:00+00:00,official_result,8,2026-06-13T22:30:00+00:00,data/resultados_reais.csv
12,2026-06-15T00:00:00+00:00,official_result,7,2026-06-14T01:30:00+00:00,data/resultados_reais.csv
12,2026-06-15T00:00:00+00:00,official_result,5,2026-06-14T04:30:00+00:00,data/resultados_reais.csv
12,2026-06-15T00:00:00+00:00,official_result,6,2026-06-14T07:30:00+00:00,data/resultados_reais.csv
12,2026-06-15T00:00:00+00:00,official_result,10,2026-06-14T20:30:00+00:00,data/resultados_reais.csv
12,2026-06-15T00:00:00+00:00,official_result,11,2026-06-14T23:30:00+00:00,data/resultados_reais.csv
14,2026-06-15T14:00:00+00:00,team_profile,Espanha,2026-06-11T03:59:59+00:00,data/pre_worldcup_state/teams.csv
14,2026-06-15T14:00:00+00:00,team_profile,Cabo Verde,2026-06-11T03:59:59+00:00,data/pre_worldcup_state/teams.csv
14,2026-06-15T14:00:00+00:00,fixture,14,2026-06-11T03:59:59+00:00,data/temporal/matches_timeline.csv
14,2026-06-15T14:00:00+00:00,official_result,1,2026-06-11T22:30:00+00:00,data/resultados_reais.csv
14,2026-06-15T14:00:00+00:00,official_result,2,2026-06-12T05:30:00+00:00,data/resultados_reais.csv
14,2026-06-15T14:00:00+00:00,official_result,3,2026-06-12T22:30:00+00:00,data/resultados_reais.csv
14,2026-06-15T14:00:00+00:00,official_result,4,2026-06-13T04:30:00+00:00,data/resultados_reais.csv
14,2026-06-15T14:00:00+00:00,official_result,8,2026-06-13T22:30:00+00:00,data/resultados_reais.csv
14,2026-06-15T14:00:00+00:00,official_result,7,2026-06-14T01:30:00+00:00,data/resultados_reais.csv
14,2026-06-15T14:00:00+00:00,official_result,5,2026-06-14T04:30:00+00:00,data/resultados_reais.csv
14,2026-06-15T14:00:00+00:00,official_result,6,2026-06-14T07:30:00+00:00,data/resultados_reais.csv
14,2026-06-15T14:00:00+00:00,official_result,10,2026-06-14T20:30:00+00:00,data/resultados_reais.csv
14,2026-06-15T14:00:00+00:00,official_result,11,2026-06-14T23:30:00+00:00,data/resultados_reais.csv
14,2026-06-15T14:00:00+00:00,official_result,9,2026-06-15T02:30:00+00:00,data/resultados_reais.csv
14,2026-06-15T14:00:00+00:00,official_result,12,2026-06-15T05:30:00+00:00,data/resultados_reais.csv
16,2026-06-15T17:00:00+00:00,team_profile,Bélgica,2026-06-11T03:59:59+00:00,data/pre_worldcup_state/teams.csv
16,2026-06-15T17:00:00+00:00,team_profile,Egito,2026-06-11T03:59:59+00:00,data/pre_worldcup_state/teams.csv
16,2026-06-15T17:00:00+00:00,fixture,16,2026-06-11T03:59:59+00:00,data/temporal/matches_timeline.csv
16,2026-06-15T17:00:00+00:00,official_result,1,2026-06-11T22:30:00+00:00,data/resultados_reais.csv
16,2026-06-15T17:00:00+00:00,official_result,2,2026-06-12T05:30:00+00:00,data/resultados_reais.csv
16,2026-06-15T17:00:00+00:00,official_result,3,2026-06-12T22:30:00+00:00,data/resultados_reais.csv
16,2026-06-15T17:00:00+00:00,official_result,4,2026-06-13T04:30:00+00:00,data/resultados_reais.csv
16,2026-06-15T17:00:00+00:00,official_result,8,2026-06-13T22:30:00+00:00,data/resultados_reais.csv
16,2026-06-15T17:00:00+00:00,official_result,7,2026-06-14T01:30:00+00:00,data/resultados_reais.csv
16,2026-06-15T17:00:00+00:00,official_result,5,2026-06-14T04:30:00+00:00,data/resultados_reais.csv
16,2026-06-15T17:00:00+00:00,official_result,6,2026-06-14T07:30:00+00:00,data/resultados_reais.csv
16,2026-06-15T17:00:00+00:00,official_result,10,2026-06-14T20:30:00+00:00,data/resultados_reais.csv
16,2026-06-15T17:00:00+00:00,official_result,11,2026-06-14T23:30:00+00:00,data/resultados_reais.csv
16,2026-06-15T17:00:00+00:00,official_result,9,2026-06-15T02:30:00+00:00,data/resultados_reais.csv
16,2026-06-15T17:00:00+00:00,official_result,12,2026-06-15T05:30:00+00:00,data/resultados_reais.csv
16,2026-06-15T17:00:00+00:00,weather,match_16,2026-06-15T17:00:00+00:00,data/context/pre_match_weather.csv
13,2026-06-15T20:00:00+00:00,team_profile,Arábia Saudita,2026-06-11T03:59:59+00:00,data/pre_worldcup_state/teams.csv
13,2026-06-15T20:00:00+00:00,team_profile,Uruguai,2026-06-11T03:59:59+00:00,data/pre_worldcup_state/teams.csv
13,2026-06-15T20:00:00+00:00,fixture,13,2026-06-11T03:59:59+00:00,data/temporal/matches_timeline.csv
13,2026-06-15T20:00:00+00:00,official_result,1,2026-06-11T22:30:00+00:00,data/resultados_reais.csv
13,2026-06-15T20:00:00+00:00,official_result,2,2026-06-12T05:30:00+00:00,data/resultados_reais.csv
13,2026-06-15T20:00:00+00:00,official_result,3,2026-06-12T22:30:00+00:00,data/resultados_reais.csv
13,2026-06-15T20:00:00+00:00,official_result,4,2026-06-13T04:30:00+00:00,data/resultados_reais.csv
13,2026-06-15T20:00:00+00:00,official_result,8,2026-06-13T22:30:00+00:00,data/resultados_reais.csv
13,2026-06-15T20:00:00+00:00,official_result,7,2026-06-14T01:30:00+00:00,data/resultados_reais.csv
13,2026-06-15T20:00:00+00:00,official_result,5,2026-06-14T04:30:00+00:00,data/resultados_reais.csv
13,2026-06-15T20:00:00+00:00,official_result,6,2026-06-14T07:30:00+00:00,data/resultados_reais.csv
13,2026-06-15T20:00:00+00:00,official_result,10,2026-06-14T20:30:00+00:00,data/resultados_reais.csv
13,2026-06-15T20:00:00+00:00,official_result,11,2026-06-14T23:30:00+00:00,data/resultados_reais.csv
13,2026-06-15T20:00:00+00:00,official_result,9,2026-06-15T02:30:00+00:00,data/resultados_reais.csv
13,2026-06-15T20:00:00+00:00,official_result,12,2026-06-15T05:30:00+00:00,data/resultados_reais.csv
13,2026-06-15T20:00:00+00:00,official_result,14,2026-06-15T19:30:00+00:00,data/resultados_reais.csv
15,2026-06-15T23:00:00+00:00,team_profile,Irã,2026-06-11T03:59:59+00:00,data/pre_worldcup_state/teams.csv
15,2026-06-15T23:00:00+00:00,team_profile,Nova Zelândia,2026-06-11T03:59:59+00:00,data/pre_worldcup_state/teams.csv
15,2026-06-15T23:00:00+00:00,fixture,15,2026-06-11T03:59:59+00:00,data/temporal/matches_timeline.csv
15,2026-06-15T23:00:00+00:00,official_result,1,2026-06-11T22:30:00+00:00,data/resultados_reais.csv
15,2026-06-15T23:00:00+00:00,official_result,2,2026-06-12T05:30:00+00:00,data/resultados_reais.csv
15,2026-06-15T23:00:00+00:00,official_result,3,2026-06-12T22:30:00+00:00,data/resultados_reais.csv
15,2026-06-15T23:00:00+00:00,official_result,4,2026-06-13T04:30:00+00:00,data/resultados_reais.csv
15,2026-06-15T23:00:00+00:00,official_result,8,2026-06-13T22:30:00+00:00,data/resultados_reais.csv
15,2026-06-15T23:00:00+00:00,official_result,7,2026-06-14T01:30:00+00:00,data/resultados_reais.csv
15,2026-06-15T23:00:00+00:00,official_result,5,2026-06-14T04:30:00+00:00,data/resultados_reais.csv
15,2026-06-15T23:00:00+00:00,official_result,6,2026-06-14T07:30:00+00:00,data/resultados_reais.csv
15,2026-06-15T23:00:00+00:00,official_result,10,2026-06-14T20:30:00+00:00,data/resultados_reais.csv
15,2026-06-15T23:00:00+00:00,official_result,11,2026-06-14T23:30:00+00:00,data/resultados_reais.csv
15,2026-06-15T23:00:00+00:00,official_result,9,2026-06-15T02:30:00+00:00,data/resultados_reais.csv
15,2026-06-15T23:00:00+00:00,official_result,12,2026-06-15T05:30:00+00:00,data/resultados_reais.csv
15,2026-06-15T23:00:00+00:00,official_result,14,2026-06-15T19:30:00+00:00,data/resultados_reais.csv
15,2026-06-15T23:00:00+00:00,official_result,16,2026-06-15T22:30:00+00:00,data/resultados_reais.csv
17,2026-06-16T17:00:00+00:00,team_profile,França,2026-06-11T03:59:59+00:00,data/pre_worldcup_state/teams.csv
17,2026-06-16T17:00:00+00:00,team_profile,Senegal,2026-06-11T03:59:59+00:00,data/pre_worldcup_state/teams.csv
17,2026-06-16T17:00:00+00:00,fixture,17,2026-06-11T03:59:59+00:00,data/temporal/matches_timeline.csv
17,2026-06-16T17:00:00+00:00,official_result,1,2026-06-11T22:30:00+00:00,data/resultados_reais.csv
17,2026-06-16T17:00:00+00:00,official_result,2,2026-06-12T05:30:00+00:00,data/resultados_reais.csv
17,2026-06-16T17:00:00+00:00,official_result,3,2026-06-12T22:30:00+00:00,data/resultados_reais.csv
17,2026-06-16T17:00:00+00:00,official_result,4,2026-06-13T04:30:00+00:00,data/resultados_reais.csv
17,2026-06-16T17:00:00+00:00,official_result,8,2026-06-13T22:30:00+00:00,data/resultados_reais.csv
17,2026-06-16T17:00:00+00:00,official_result,7,2026-06-14T01:30:00+00:00,data/resultados_reais.csv
17,2026-06-16T17:00:00+00:00,official_result,5,2026-06-14T04:30:00+00:00,data/resultados_reais.csv
17,2026-06-16T17:00:00+00:00,official_result,6,2026-06-14T07:30:00+00:00,data/resultados_reais.csv
17,2026-06-16T17:00:00+00:00,official_result,10,2026-06-14T20:30:00+00:00,data/resultados_reais.csv
17,2026-06-16T17:00:00+00:00,official_result,11,2026-06-14T23:30:00+00:00,data/resultados_reais.csv
17,2026-06-16T17:00:00+00:00,official_result,9,2026-06-15T02:30:00+00:00,data/resultados_reais.csv
17,2026-06-16T17:00:00+00:00,official_result,12,2026-06-15T05:30:00+00:00,data/resultados_reais.csv
17,2026-06-16T17:00:00+00:00,official_result,14,2026-06-15T19:30:00+00:00,data/resultados_reais.csv
17,2026-06-16T17:00:00+00:00,official_result,16,2026-06-15T22:30:00+00:00,data/resultados_reais.csv
17,2026-06-16T17:00:00+00:00,official_result,13,2026-06-16T01:30:00+00:00,data/resultados_reais.csv
17,2026-06-16T17:00:00+00:00,official_result,15,2026-06-16T04:30:00+00:00,data/resultados_reais.csv
17,2026-06-16T17:00:00+00:00,weather,match_17,2026-06-16T17:00:00+00:00,data/context/pre_match_weather.csv
18,2026-06-16T20:00:00+00:00,team_profile,Iraque,2026-06-11T03:59:59+00:00,data/pre_worldcup_state/teams.csv
18,2026-06-16T20:00:00+00:00,team_profile,Noruega,2026-06-11T03:59:59+00:00,data/pre_worldcup_state/teams.csv
18,2026-06-16T20:00:00+00:00,fixture,18,2026-06-11T03:59:59+00:00,data/temporal/matches_timeline.csv
18,2026-06-16T20:00:00+00:00,official_result,1,2026-06-11T22:30:00+00:00,data/resultados_reais.csv
18,2026-06-16T20:00:00+00:00,official_result,2,2026-06-12T05:30:00+00:00,data/resultados_reais.csv
18,2026-06-16T20:00:00+00:00,official_result,3,2026-06-12T22:30:00+00:00,data/resultados_reais.csv
18,2026-06-16T20:00:00+00:00,official_result,4,2026-06-13T04:30:00+00:00,data/resultados_reais.csv
18,2026-06-16T20:00:00+00:00,official_result,8,2026-06-13T22:30:00+00:00,data/resultados_reais.csv
18,2026-06-16T20:00:00+00:00,official_result,7,2026-06-14T01:30:00+00:00,data/resultados_reais.csv
18,2026-06-16T20:00:00+00:00,official_result,5,2026-06-14T04:30:00+00:00,data/resultados_reais.csv
18,2026-06-16T20:00:00+00:00,official_result,6,2026-06-14T07:30:00+00:00,data/resultados_reais.csv
18,2026-06-16T20:00:00+00:00,official_result,10,2026-06-14T20:30:00+00:00,data/resultados_reais.csv
18,2026-06-16T20:00:00+00:00,official_result,11,2026-06-14T23:30:00+00:00,data/resultados_reais.csv
18,2026-06-16T20:00:00+00:00,official_result,9,2026-06-15T02:30:00+00:00,data/resultados_reais.csv
18,2026-06-16T20:00:00+00:00,official_result,12,2026-06-15T05:30:00+00:00,data/resultados_reais.csv
18,2026-06-16T20:00:00+00:00,official_result,14,2026-06-15T19:30:00+00:00,data/resultados_reais.csv
18,2026-06-16T20:00:00+00:00,official_result,16,2026-06-15T22:30:00+00:00,data/resultados_reais.csv
18,2026-06-16T20:00:00+00:00,official_result,13,2026-06-16T01:30:00+00:00,data/resultados_reais.csv
18,2026-06-16T20:00:00+00:00,official_result,15,2026-06-16T04:30:00+00:00,data/resultados_reais.csv
18,2026-06-16T20:00:00+00:00,weather,match_18,2026-06-16T20:00:00+00:00,data/context/pre_match_weather.csv
19,2026-06-16T23:00:00+00:00,team_profile,Argentina,2026-06-11T03:59:59+00:00,data/pre_worldcup_state/teams.csv
19,2026-06-16T23:00:00+00:00,team_profile,Argélia,2026-06-11T03:59:59+00:00,data/pre_worldcup_state/teams.csv
19,2026-06-16T23:00:00+00:00,fixture,19,2026-06-11T03:59:59+00:00,data/temporal/matches_timeline.csv
19,2026-06-16T23:00:00+00:00,official_result,1,2026-06-11T22:30:00+00:00,data/resultados_reais.csv
19,2026-06-16T23:00:00+00:00,official_result,2,2026-06-12T05:30:00+00:00,data/resultados_reais.csv
19,2026-06-16T23:00:00+00:00,official_result,3,2026-06-12T22:30:00+00:00,data/resultados_reais.csv
19,2026-06-16T23:00:00+00:00,official_result,4,2026-06-13T04:30:00+00:00,data/resultados_reais.csv
19,2026-06-16T23:00:00+00:00,official_result,8,2026-06-13T22:30:00+00:00,data/resultados_reais.csv
19,2026-06-16T23:00:00+00:00,official_result,7,2026-06-14T01:30:00+00:00,data/resultados_reais.csv
19,2026-06-16T23:00:00+00:00,official_result,5,2026-06-14T04:30:00+00:00,data/resultados_reais.csv
19,2026-06-16T23:00:00+00:00,official_result,6,2026-06-14T07:30:00+00:00,data/resultados_reais.csv
19,2026-06-16T23:00:00+00:00,official_result,10,2026-06-14T20:30:00+00:00,data/resultados_reais.csv
19,2026-06-16T23:00:00+00:00,official_result,11,2026-06-14T23:30:00+00:00,data/resultados_reais.csv
19,2026-06-16T23:00:00+00:00,official_result,9,2026-06-15T02:30:00+00:00,data/resultados_reais.csv
19,2026-06-16T23:00:00+00:00,official_result,12,2026-06-15T05:30:00+00:00,data/resultados_reais.csv
19,2026-06-16T23:00:00+00:00,official_result,14,2026-06-15T19:30:00+00:00,data/resultados_reais.csv
19,2026-06-16T23:00:00+00:00,official_result,16,2026-06-15T22:30:00+00:00,data/resultados_reais.csv
19,2026-06-16T23:00:00+00:00,official_result,13,2026-06-16T01:30:00+00:00,data/resultados_reais.csv
19,2026-06-16T23:00:00+00:00,official_result,15,2026-06-16T04:30:00+00:00,data/resultados_reais.csv
19,2026-06-16T23:00:00+00:00,official_result,17,2026-06-16T22:30:00+00:00,data/resultados_reais.csv
19,2026-06-16T23:00:00+00:00,weather,match_19,2026-06-16T23:00:00+00:00,data/context/pre_match_weather.csv
20,2026-06-17T02:00:00+00:00,team_profile,Áustria,2026-06-11T03:59:59+00:00,data/pre_worldcup_state/teams.csv
20,2026-06-17T02:00:00+00:00,team_profile,Jordânia,2026-06-11T03:59:59+00:00,data/pre_worldcup_state/teams.csv
20,2026-06-17T02:00:00+00:00,fixture,20,2026-06-11T03:59:59+00:00,data/temporal/matches_timeline.csv
20,2026-06-17T02:00:00+00:00,official_result,1,2026-06-11T22:30:00+00:00,data/resultados_reais.csv
20,2026-06-17T02:00:00+00:00,official_result,2,2026-06-12T05:30:00+00:00,data/resultados_reais.csv
20,2026-06-17T02:00:00+00:00,official_result,3,2026-06-12T22:30:00+00:00,data/resultados_reais.csv
20,2026-06-17T02:00:00+00:00,official_result,4,2026-06-13T04:30:00+00:00,data/resultados_reais.csv
20,2026-06-17T02:00:00+00:00,official_result,8,2026-06-13T22:30:00+00:00,data/resultados_reais.csv
20,2026-06-17T02:00:00+00:00,official_result,7,2026-06-14T01:30:00+00:00,data/resultados_reais.csv
20,2026-06-17T02:00:00+00:00,official_result,5,2026-06-14T04:30:00+00:00,data/resultados_reais.csv
20,2026-06-17T02:00:00+00:00,official_result,6,2026-06-14T07:30:00+00:00,data/resultados_reais.csv
20,2026-06-17T02:00:00+00:00,official_result,10,2026-06-14T20:30:00+00:00,data/resultados_reais.csv
20,2026-06-17T02:00:00+00:00,official_result,11,2026-06-14T23:30:00+00:00,data/resultados_reais.csv
20,2026-06-17T02:00:00+00:00,official_result,9,2026-06-15T02:30:00+00:00,data/resultados_reais.csv
20,2026-06-17T02:00:00+00:00,official_result,12,2026-06-15T05:30:00+00:00,data/resultados_reais.csv
20,2026-06-17T02:00:00+00:00,official_result,14,2026-06-15T19:30:00+00:00,data/resultados_reais.csv
20,2026-06-17T02:00:00+00:00,official_result,16,2026-06-15T22:30:00+00:00,data/resultados_reais.csv
20,2026-06-17T02:00:00+00:00,official_result,13,2026-06-16T01:30:00+00:00,data/resultados_reais.csv
20,2026-06-17T02:00:00+00:00,official_result,15,2026-06-16T04:30:00+00:00,data/resultados_reais.csv
20,2026-06-17T02:00:00+00:00,official_result,17,2026-06-16T22:30:00+00:00,data/resultados_reais.csv
20,2026-06-17T02:00:00+00:00,official_result,18,2026-06-17T01:30:00+00:00,data/resultados_reais.csv
23,2026-06-17T15:00:00+00:00,team_profile,Portugal,2026-06-11T03:59:59+00:00,data/pre_worldcup_state/teams.csv
23,2026-06-17T15:00:00+00:00,team_profile,RD Congo,2026-06-11T03:59:59+00:00,data/pre_worldcup_state/teams.csv
23,2026-06-17T15:00:00+00:00,fixture,23,2026-06-11T03:59:59+00:00,data/temporal/matches_timeline.csv
23,2026-06-17T15:00:00+00:00,official_result,1,2026-06-11T22:30:00+00:00,data/resultados_reais.csv
23,2026-06-17T15:00:00+00:00,official_result,2,2026-06-12T05:30:00+00:00,data/resultados_reais.csv
23,2026-06-17T15:00:00+00:00,official_result,3,2026-06-12T22:30:00+00:00,data/resultados_reais.csv
23,2026-06-17T15:00:00+00:00,official_result,4,2026-06-13T04:30:00+00:00,data/resultados_reais.csv
23,2026-06-17T15:00:00+00:00,official_result,8,2026-06-13T22:30:00+00:00,data/resultados_reais.csv
23,2026-06-17T15:00:00+00:00,official_result,7,2026-06-14T01:30:00+00:00,data/resultados_reais.csv
23,2026-06-17T15:00:00+00:00,official_result,5,2026-06-14T04:30:00+00:00,data/resultados_reais.csv
23,2026-06-17T15:00:00+00:00,official_result,6,2026-06-14T07:30:00+00:00,data/resultados_reais.csv
23,2026-06-17T15:00:00+00:00,official_result,10,2026-06-14T20:30:00+00:00,data/resultados_reais.csv
23,2026-06-17T15:00:00+00:00,official_result,11,2026-06-14T23:30:00+00:00,data/resultados_reais.csv
23,2026-06-17T15:00:00+00:00,official_result,9,2026-06-15T02:30:00+00:00,data/resultados_reais.csv
23,2026-06-17T15:00:00+00:00,official_result,12,2026-06-15T05:30:00+00:00,data/resultados_reais.csv
23,2026-06-17T15:00:00+00:00,official_result,14,2026-06-15T19:30:00+00:00,data/resultados_reais.csv
23,2026-06-17T15:00:00+00:00,official_result,16,2026-06-15T22:30:00+00:00,data/resultados_reais.csv
23,2026-06-17T15:00:00+00:00,official_result,13,2026-06-16T01:30:00+00:00,data/resultados_reais.csv
23,2026-06-17T15:00:00+00:00,official_result,15,2026-06-16T04:30:00+00:00,data/resultados_reais.csv
23,2026-06-17T15:00:00+00:00,official_result,17,2026-06-16T22:30:00+00:00,data/resultados_reais.csv
23,2026-06-17T15:00:00+00:00,official_result,18,2026-06-17T01:30:00+00:00,data/resultados_reais.csv
23,2026-06-17T15:00:00+00:00,official_result,19,2026-06-17T04:30:00+00:00,data/resultados_reais.csv
23,2026-06-17T15:00:00+00:00,official_result,20,2026-06-17T07:30:00+00:00,data/resultados_reais.csv
22,2026-06-17T18:00:00+00:00,team_profile,Inglaterra,2026-06-11T03:59:59+00:00,data/pre_worldcup_state/teams.csv
22,2026-06-17T18:00:00+00:00,team_profile,Croácia,2026-06-11T03:59:59+00:00,data/pre_worldcup_state/teams.csv
22,2026-06-17T18:00:00+00:00,fixture,22,2026-06-11T03:59:59+00:00,data/temporal/matches_timeline.csv
22,2026-06-17T18:00:00+00:00,official_result,1,2026-06-11T22:30:00+00:00,data/resultados_reais.csv
22,2026-06-17T18:00:00+00:00,official_result,2,2026-06-12T05:30:00+00:00,data/resultados_reais.csv
22,2026-06-17T18:00:00+00:00,official_result,3,2026-06-12T22:30:00+00:00,data/resultados_reais.csv
22,2026-06-17T18:00:00+00:00,official_result,4,2026-06-13T04:30:00+00:00,data/resultados_reais.csv
22,2026-06-17T18:00:00+00:00,official_result,8,2026-06-13T22:30:00+00:00,data/resultados_reais.csv
22,2026-06-17T18:00:00+00:00,official_result,7,2026-06-14T01:30:00+00:00,data/resultados_reais.csv
22,2026-06-17T18:00:00+00:00,official_result,5,2026-06-14T04:30:00+00:00,data/resultados_reais.csv
22,2026-06-17T18:00:00+00:00,official_result,6,2026-06-14T07:30:00+00:00,data/resultados_reais.csv
22,2026-06-17T18:00:00+00:00,official_result,10,2026-06-14T20:30:00+00:00,data/resultados_reais.csv
22,2026-06-17T18:00:00+00:00,official_result,11,2026-06-14T23:30:00+00:00,data/resultados_reais.csv
22,2026-06-17T18:00:00+00:00,official_result,9,2026-06-15T02:30:00+00:00,data/resultados_reais.csv
22,2026-06-17T18:00:00+00:00,official_result,12,2026-06-15T05:30:00+00:00,data/resultados_reais.csv
22,2026-06-17T18:00:00+00:00,official_result,14,2026-06-15T19:30:00+00:00,data/resultados_reais.csv
22,2026-06-17T18:00:00+00:00,official_result,16,2026-06-15T22:30:00+00:00,data/resultados_reais.csv
22,2026-06-17T18:00:00+00:00,official_result,13,2026-06-16T01:30:00+00:00,data/resultados_reais.csv
22,2026-06-17T18:00:00+00:00,official_result,15,2026-06-16T04:30:00+00:00,data/resultados_reais.csv
22,2026-06-17T18:00:00+00:00,official_result,17,2026-06-16T22:30:00+00:00,data/resultados_reais.csv
22,2026-06-17T18:00:00+00:00,official_result,18,2026-06-17T01:30:00+00:00,data/resultados_reais.csv
22,2026-06-17T18:00:00+00:00,official_result,19,2026-06-17T04:30:00+00:00,data/resultados_reais.csv
22,2026-06-17T18:00:00+00:00,official_result,20,2026-06-17T07:30:00+00:00,data/resultados_reais.csv
22,2026-06-17T18:00:00+00:00,weather,match_22,2026-06-17T18:00:00+00:00,data/context/pre_match_weather.csv
21,2026-06-17T21:00:00+00:00,team_profile,Gana,2026-06-11T03:59:59+00:00,data/pre_worldcup_state/teams.csv
21,2026-06-17T21:00:00+00:00,team_profile,Panamá,2026-06-11T03:59:59+00:00,data/pre_worldcup_state/teams.csv
21,2026-06-17T21:00:00+00:00,fixture,21,2026-06-11T03:59:59+00:00,data/temporal/matches_timeline.csv
21,2026-06-17T21:00:00+00:00,official_result,1,2026-06-11T22:30:00+00:00,data/resultados_reais.csv
21,2026-06-17T21:00:00+00:00,official_result,2,2026-06-12T05:30:00+00:00,data/resultados_reais.csv
21,2026-06-17T21:00:00+00:00,official_result,3,2026-06-12T22:30:00+00:00,data/resultados_reais.csv
21,2026-06-17T21:00:00+00:00,official_result,4,2026-06-13T04:30:00+00:00,data/resultados_reais.csv
21,2026-06-17T21:00:00+00:00,official_result,8,2026-06-13T22:30:00+00:00,data/resultados_reais.csv
21,2026-06-17T21:00:00+00:00,official_result,7,2026-06-14T01:30:00+00:00,data/resultados_reais.csv
21,2026-06-17T21:00:00+00:00,official_result,5,2026-06-14T04:30:00+00:00,data/resultados_reais.csv
21,2026-06-17T21:00:00+00:00,official_result,6,2026-06-14T07:30:00+00:00,data/resultados_reais.csv
21,2026-06-17T21:00:00+00:00,official_result,10,2026-06-14T20:30:00+00:00,data/resultados_reais.csv
21,2026-06-17T21:00:00+00:00,official_result,11,2026-06-14T23:30:00+00:00,data/resultados_reais.csv
21,2026-06-17T21:00:00+00:00,official_result,9,2026-06-15T02:30:00+00:00,data/resultados_reais.csv
21,2026-06-17T21:00:00+00:00,official_result,12,2026-06-15T05:30:00+00:00,data/resultados_reais.csv
21,2026-06-17T21:00:00+00:00,official_result,14,2026-06-15T19:30:00+00:00,data/resultados_reais.csv
21,2026-06-17T21:00:00+00:00,official_result,16,2026-06-15T22:30:00+00:00,data/resultados_reais.csv
21,2026-06-17T21:00:00+00:00,official_result,13,2026-06-16T01:30:00+00:00,data/resultados_reais.csv
21,2026-06-17T21:00:00+00:00,official_result,15,2026-06-16T04:30:00+00:00,data/resultados_reais.csv
21,2026-06-17T21:00:00+00:00,official_result,17,2026-06-16T22:30:00+00:00,data/resultados_reais.csv
21,2026-06-17T21:00:00+00:00,official_result,18,2026-06-17T01:30:00+00:00,data/resultados_reais.csv
21,2026-06-17T21:00:00+00:00,official_result,19,2026-06-17T04:30:00+00:00,data/resultados_reais.csv
21,2026-06-17T21:00:00+00:00,official_result,20,2026-06-17T07:30:00+00:00,data/resultados_reais.csv
21,2026-06-17T21:00:00+00:00,official_result,23,2026-06-17T20:30:00+00:00,data/resultados_reais.csv
21,2026-06-17T21:00:00+00:00,weather,match_21,2026-06-17T21:00:00+00:00,data/context/pre_match_weather.csv
24,2026-06-18T00:00:00+00:00,team_profile,Uzbequistão,2026-06-11T03:59:59+00:00,data/pre_worldcup_state/teams.csv
24,2026-06-18T00:00:00+00:00,team_profile,Colômbia,2026-06-11T03:59:59+00:00,data/pre_worldcup_state/teams.csv
24,2026-06-18T00:00:00+00:00,fixture,24,2026-06-11T03:59:59+00:00,data/temporal/matches_timeline.csv
24,2026-06-18T00:00:00+00:00,official_result,1,2026-06-11T22:30:00+00:00,data/resultados_reais.csv
24,2026-06-18T00:00:00+00:00,official_result,2,2026-06-12T05:30:00+00:00,data/resultados_reais.csv
24,2026-06-18T00:00:00+00:00,official_result,3,2026-06-12T22:30:00+00:00,data/resultados_reais.csv
24,2026-06-18T00:00:00+00:00,official_result,4,2026-06-13T04:30:00+00:00,data/resultados_reais.csv
24,2026-06-18T00:00:00+00:00,official_result,8,2026-06-13T22:30:00+00:00,data/resultados_reais.csv
24,2026-06-18T00:00:00+00:00,official_result,7,2026-06-14T01:30:00+00:00,data/resultados_reais.csv
24,2026-06-18T00:00:00+00:00,official_result,5,2026-06-14T04:30:00+00:00,data/resultados_reais.csv
24,2026-06-18T00:00:00+00:00,official_result,6,2026-06-14T07:30:00+00:00,data/resultados_reais.csv
24,2026-06-18T00:00:00+00:00,official_result,10,2026-06-14T20:30:00+00:00,data/resultados_reais.csv
24,2026-06-18T00:00:00+00:00,official_result,11,2026-06-14T23:30:00+00:00,data/resultados_reais.csv
24,2026-06-18T00:00:00+00:00,official_result,9,2026-06-15T02:30:00+00:00,data/resultados_reais.csv
24,2026-06-18T00:00:00+00:00,official_result,12,2026-06-15T05:30:00+00:00,data/resultados_reais.csv
24,2026-06-18T00:00:00+00:00,official_result,14,2026-06-15T19:30:00+00:00,data/resultados_reais.csv
24,2026-06-18T00:00:00+00:00,official_result,16,2026-06-15T22:30:00+00:00,data/resultados_reais.csv
24,2026-06-18T00:00:00+00:00,official_result,13,2026-06-16T01:30:00+00:00,data/resultados_reais.csv
24,2026-06-18T00:00:00+00:00,official_result,15,2026-06-16T04:30:00+00:00,data/resultados_reais.csv
24,2026-06-18T00:00:00+00:00,official_result,17,2026-06-16T22:30:00+00:00,data/resultados_reais.csv
24,2026-06-18T00:00:00+00:00,official_result,18,2026-06-17T01:30:00+00:00,data/resultados_reais.csv
24,2026-06-18T00:00:00+00:00,official_result,19,2026-06-17T04:30:00+00:00,data/resultados_reais.csv
24,2026-06-18T00:00:00+00:00,official_result,20,2026-06-17T07:30:00+00:00,data/resultados_reais.csv
24,2026-06-18T00:00:00+00:00,official_result,23,2026-06-17T20:30:00+00:00,data/resultados_reais.csv
24,2026-06-18T00:00:00+00:00,official_result,22,2026-06-17T23:30:00+00:00,data/resultados_reais.csv
25,2026-06-18T14:00:00+00:00,team_profile,Tchéquia,2026-06-11T03:59:59+00:00,data/pre_worldcup_state/teams.csv
25,2026-06-18T14:00:00+00:00,team_profile,África do Sul,2026-06-11T03:59:59+00:00,data/pre_worldcup_state/teams.csv
25,2026-06-18T14:00:00+00:00,fixture,25,2026-06-11T03:59:59+00:00,data/temporal/matches_timeline.csv
25,2026-06-18T14:00:00+00:00,official_result,1,2026-06-11T22:30:00+00:00,data/resultados_reais.csv
25,2026-06-18T14:00:00+00:00,official_result,2,2026-06-12T05:30:00+00:00,data/resultados_reais.csv
25,2026-06-18T14:00:00+00:00,official_result,3,2026-06-12T22:30:00+00:00,data/resultados_reais.csv
25,2026-06-18T14:00:00+00:00,official_result,4,2026-06-13T04:30:00+00:00,data/resultados_reais.csv
25,2026-06-18T14:00:00+00:00,official_result,8,2026-06-13T22:30:00+00:00,data/resultados_reais.csv
25,2026-06-18T14:00:00+00:00,official_result,7,2026-06-14T01:30:00+00:00,data/resultados_reais.csv
25,2026-06-18T14:00:00+00:00,official_result,5,2026-06-14T04:30:00+00:00,data/resultados_reais.csv
25,2026-06-18T14:00:00+00:00,official_result,6,2026-06-14T07:30:00+00:00,data/resultados_reais.csv
25,2026-06-18T14:00:00+00:00,official_result,10,2026-06-14T20:30:00+00:00,data/resultados_reais.csv
25,2026-06-18T14:00:00+00:00,official_result,11,2026-06-14T23:30:00+00:00,data/resultados_reais.csv
25,2026-06-18T14:00:00+00:00,official_result,9,2026-06-15T02:30:00+00:00,data/resultados_reais.csv
25,2026-06-18T14:00:00+00:00,official_result,12,2026-06-15T05:30:00+00:00,data/resultados_reais.csv
25,2026-06-18T14:00:00+00:00,official_result,14,2026-06-15T19:30:00+00:00,data/resultados_reais.csv
25,2026-06-18T14:00:00+00:00,official_result,16,2026-06-15T22:30:00+00:00,data/resultados_reais.csv
25,2026-06-18T14:00:00+00:00,official_result,13,2026-06-16T01:30:00+00:00,data/resultados_reais.csv
25,2026-06-18T14:00:00+00:00,official_result,15,2026-06-16T04:30:00+00:00,data/resultados_reais.csv
25,2026-06-18T14:00:00+00:00,official_result,17,2026-06-16T22:30:00+00:00,data/resultados_reais.csv
25,2026-06-18T14:00:00+00:00,official_result,18,2026-06-17T01:30:00+00:00,data/resultados_reais.csv
25,2026-06-18T14:00:00+00:00,official_result,19,2026-06-17T04:30:00+00:00,data/resultados_reais.csv
25,2026-06-18T14:00:00+00:00,official_result,20,2026-06-17T07:30:00+00:00,data/resultados_reais.csv
25,2026-06-18T14:00:00+00:00,official_result,23,2026-06-17T20:30:00+00:00,data/resultados_reais.csv
25,2026-06-18T14:00:00+00:00,official_result,22,2026-06-17T23:30:00+00:00,data/resultados_reais.csv
25,2026-06-18T14:00:00+00:00,official_result,21,2026-06-18T02:30:00+00:00,data/resultados_reais.csv
25,2026-06-18T14:00:00+00:00,official_result,24,2026-06-18T05:30:00+00:00,data/resultados_reais.csv
26,2026-06-18T17:00:00+00:00,team_profile,Suíça,2026-06-11T03:59:59+00:00,data/pre_worldcup_state/teams.csv
26,2026-06-18T17:00:00+00:00,team_profile,Bósnia e Herzegovina,2026-06-11T03:59:59+00:00,data/pre_worldcup_state/teams.csv
26,2026-06-18T17:00:00+00:00,fixture,26,2026-06-11T03:59:59+00:00,data/temporal/matches_timeline.csv
26,2026-06-18T17:00:00+00:00,official_result,1,2026-06-11T22:30:00+00:00,data/resultados_reais.csv
26,2026-06-18T17:00:00+00:00,official_result,2,2026-06-12T05:30:00+00:00,data/resultados_reais.csv
26,2026-06-18T17:00:00+00:00,official_result,3,2026-06-12T22:30:00+00:00,data/resultados_reais.csv
26,2026-06-18T17:00:00+00:00,official_result,4,2026-06-13T04:30:00+00:00,data/resultados_reais.csv
26,2026-06-18T17:00:00+00:00,official_result,8,2026-06-13T22:30:00+00:00,data/resultados_reais.csv
26,2026-06-18T17:00:00+00:00,official_result,7,2026-06-14T01:30:00+00:00,data/resultados_reais.csv
26,2026-06-18T17:00:00+00:00,official_result,5,2026-06-14T04:30:00+00:00,data/resultados_reais.csv
26,2026-06-18T17:00:00+00:00,official_result,6,2026-06-14T07:30:00+00:00,data/resultados_reais.csv
26,2026-06-18T17:00:00+00:00,official_result,10,2026-06-14T20:30:00+00:00,data/resultados_reais.csv
26,2026-06-18T17:00:00+00:00,official_result,11,2026-06-14T23:30:00+00:00,data/resultados_reais.csv
26,2026-06-18T17:00:00+00:00,official_result,9,2026-06-15T02:30:00+00:00,data/resultados_reais.csv
26,2026-06-18T17:00:00+00:00,official_result,12,2026-06-15T05:30:00+00:00,data/resultados_reais.csv
26,2026-06-18T17:00:00+00:00,official_result,14,2026-06-15T19:30:00+00:00,data/resultados_reais.csv
26,2026-06-18T17:00:00+00:00,official_result,16,2026-06-15T22:30:00+00:00,data/resultados_reais.csv
26,2026-06-18T17:00:00+00:00,official_result,13,2026-06-16T01:30:00+00:00,data/resultados_reais.csv
26,2026-06-18T17:00:00+00:00,official_result,15,2026-06-16T04:30:00+00:00,data/resultados_reais.csv
26,2026-06-18T17:00:00+00:00,official_result,17,2026-06-16T22:30:00+00:00,data/resultados_reais.csv
26,2026-06-18T17:00:00+00:00,official_result,18,2026-06-17T01:30:00+00:00,data/resultados_reais.csv
26,2026-06-18T17:00:00+00:00,official_result,19,2026-06-17T04:30:00+00:00,data/resultados_reais.csv
26,2026-06-18T17:00:00+00:00,official_result,20,2026-06-17T07:30:00+00:00,data/resultados_reais.csv
26,2026-06-18T17:00:00+00:00,official_result,23,2026-06-17T20:30:00+00:00,data/resultados_reais.csv
26,2026-06-18T17:00:00+00:00,official_result,22,2026-06-17T23:30:00+00:00,data/resultados_reais.csv
26,2026-06-18T17:00:00+00:00,official_result,21,2026-06-18T02:30:00+00:00,data/resultados_reais.csv
26,2026-06-18T17:00:00+00:00,official_result,24,2026-06-18T05:30:00+00:00,data/resultados_reais.csv
27,2026-06-18T20:00:00+00:00,team_profile,Canadá,2026-06-11T03:59:59+00:00,data/pre_worldcup_state/teams.csv
27,2026-06-18T20:00:00+00:00,team_profile,Catar,2026-06-11T03:59:59+00:00,data/pre_worldcup_state/teams.csv
27,2026-06-18T20:00:00+00:00,fixture,27,2026-06-11T03:59:59+00:00,data/temporal/matches_timeline.csv
27,2026-06-18T20:00:00+00:00,official_result,1,2026-06-11T22:30:00+00:00,data/resultados_reais.csv
27,2026-06-18T20:00:00+00:00,official_result,2,2026-06-12T05:30:00+00:00,data/resultados_reais.csv
27,2026-06-18T20:00:00+00:00,official_result,3,2026-06-12T22:30:00+00:00,data/resultados_reais.csv
27,2026-06-18T20:00:00+00:00,official_result,4,2026-06-13T04:30:00+00:00,data/resultados_reais.csv
27,2026-06-18T20:00:00+00:00,official_result,8,2026-06-13T22:30:00+00:00,data/resultados_reais.csv
27,2026-06-18T20:00:00+00:00,official_result,7,2026-06-14T01:30:00+00:00,data/resultados_reais.csv
27,2026-06-18T20:00:00+00:00,official_result,5,2026-06-14T04:30:00+00:00,data/resultados_reais.csv
27,2026-06-18T20:00:00+00:00,official_result,6,2026-06-14T07:30:00+00:00,data/resultados_reais.csv
27,2026-06-18T20:00:00+00:00,official_result,10,2026-06-14T20:30:00+00:00,data/resultados_reais.csv
27,2026-06-18T20:00:00+00:00,official_result,11,2026-06-14T23:30:00+00:00,data/resultados_reais.csv
27,2026-06-18T20:00:00+00:00,official_result,9,2026-06-15T02:30:00+00:00,data/resultados_reais.csv
27,2026-06-18T20:00:00+00:00,official_result,12,2026-06-15T05:30:00+00:00,data/resultados_reais.csv
27,2026-06-18T20:00:00+00:00,official_result,14,2026-06-15T19:30:00+00:00,data/resultados_reais.csv
27,2026-06-18T20:00:00+00:00,official_result,16,2026-06-15T22:30:00+00:00,data/resultados_reais.csv
27,2026-06-18T20:00:00+00:00,official_result,13,2026-06-16T01:30:00+00:00,data/resultados_reais.csv
27,2026-06-18T20:00:00+00:00,official_result,15,2026-06-16T04:30:00+00:00,data/resultados_reais.csv
27,2026-06-18T20:00:00+00:00,official_result,17,2026-06-16T22:30:00+00:00,data/resultados_reais.csv
27,2026-06-18T20:00:00+00:00,official_result,18,2026-06-17T01:30:00+00:00,data/resultados_reais.csv
27,2026-06-18T20:00:00+00:00,official_result,19,2026-06-17T04:30:00+00:00,data/resultados_reais.csv
27,2026-06-18T20:00:00+00:00,official_result,20,2026-06-17T07:30:00+00:00,data/resultados_reais.csv
27,2026-06-18T20:00:00+00:00,official_result,23,2026-06-17T20:30:00+00:00,data/resultados_reais.csv
27,2026-06-18T20:00:00+00:00,official_result,22,2026-06-17T23:30:00+00:00,data/resultados_reais.csv
27,2026-06-18T20:00:00+00:00,official_result,21,2026-06-18T02:30:00+00:00,data/resultados_reais.csv
27,2026-06-18T20:00:00+00:00,official_result,24,2026-06-18T05:30:00+00:00,data/resultados_reais.csv
27,2026-06-18T20:00:00+00:00,official_result,25,2026-06-18T19:30:00+00:00,data/resultados_reais.csv
28,2026-06-18T23:00:00+00:00,team_profile,México,2026-06-11T03:59:59+00:00,data/pre_worldcup_state/teams.csv
28,2026-06-18T23:00:00+00:00,team_profile,Coreia do Sul,2026-06-11T03:59:59+00:00,data/pre_worldcup_state/teams.csv
28,2026-06-18T23:00:00+00:00,fixture,28,2026-06-11T03:59:59+00:00,data/temporal/matches_timeline.csv
28,2026-06-18T23:00:00+00:00,official_result,1,2026-06-11T22:30:00+00:00,data/resultados_reais.csv
28,2026-06-18T23:00:00+00:00,official_result,2,2026-06-12T05:30:00+00:00,data/resultados_reais.csv
28,2026-06-18T23:00:00+00:00,official_result,3,2026-06-12T22:30:00+00:00,data/resultados_reais.csv
28,2026-06-18T23:00:00+00:00,official_result,4,2026-06-13T04:30:00+00:00,data/resultados_reais.csv
28,2026-06-18T23:00:00+00:00,official_result,8,2026-06-13T22:30:00+00:00,data/resultados_reais.csv
28,2026-06-18T23:00:00+00:00,official_result,7,2026-06-14T01:30:00+00:00,data/resultados_reais.csv
28,2026-06-18T23:00:00+00:00,official_result,5,2026-06-14T04:30:00+00:00,data/resultados_reais.csv
28,2026-06-18T23:00:00+00:00,official_result,6,2026-06-14T07:30:00+00:00,data/resultados_reais.csv
28,2026-06-18T23:00:00+00:00,official_result,10,2026-06-14T20:30:00+00:00,data/resultados_reais.csv
28,2026-06-18T23:00:00+00:00,official_result,11,2026-06-14T23:30:00+00:00,data/resultados_reais.csv
28,2026-06-18T23:00:00+00:00,official_result,9,2026-06-15T02:30:00+00:00,data/resultados_reais.csv
28,2026-06-18T23:00:00+00:00,official_result,12,2026-06-15T05:30:00+00:00,data/resultados_reais.csv
28,2026-06-18T23:00:00+00:00,official_result,14,2026-06-15T19:30:00+00:00,data/resultados_reais.csv
28,2026-06-18T23:00:00+00:00,official_result,16,2026-06-15T22:30:00+00:00,data/resultados_reais.csv
28,2026-06-18T23:00:00+00:00,official_result,13,2026-06-16T01:30:00+00:00,data/resultados_reais.csv
28,2026-06-18T23:00:00+00:00,official_result,15,2026-06-16T04:30:00+00:00,data/resultados_reais.csv
28,2026-06-18T23:00:00+00:00,official_result,17,2026-06-16T22:30:00+00:00,data/resultados_reais.csv
28,2026-06-18T23:00:00+00:00,official_result,18,2026-06-17T01:30:00+00:00,data/resultados_reais.csv
28,2026-06-18T23:00:00+00:00,official_result,19,2026-06-17T04:30:00+00:00,data/resultados_reais.csv
28,2026-06-18T23:00:00+00:00,official_result,20,2026-06-17T07:30:00+00:00,data/resultados_reais.csv
28,2026-06-18T23:00:00+00:00,official_result,23,2026-06-17T20:30:00+00:00,data/resultados_reais.csv
28,2026-06-18T23:00:00+00:00,official_result,22,2026-06-17T23:30:00+00:00,data/resultados_reais.csv
28,2026-06-18T23:00:00+00:00,official_result,21,2026-06-18T02:30:00+00:00,data/resultados_reais.csv
28,2026-06-18T23:00:00+00:00,official_result,24,2026-06-18T05:30:00+00:00,data/resultados_reais.csv
28,2026-06-18T23:00:00+00:00,official_result,25,2026-06-18T19:30:00+00:00,data/resultados_reais.csv
28,2026-06-18T23:00:00+00:00,official_result,26,2026-06-18T22:30:00+00:00,data/resultados_reais.csv
32,2026-06-19T17:00:00+00:00,team_profile,Estados Unidos,2026-06-11T03:59:59+00:00,data/pre_worldcup_state/teams.csv
32,2026-06-19T17:00:00+00:00,team_profile,Austrália,2026-06-11T03:59:59+00:00,data/pre_worldcup_state/teams.csv
32,2026-06-19T17:00:00+00:00,fixture,32,2026-06-11T03:59:59+00:00,data/temporal/matches_timeline.csv
32,2026-06-19T17:00:00+00:00,official_result,1,2026-06-11T22:30:00+00:00,data/resultados_reais.csv
32,2026-06-19T17:00:00+00:00,official_result,2,2026-06-12T05:30:00+00:00,data/resultados_reais.csv
32,2026-06-19T17:00:00+00:00,official_result,3,2026-06-12T22:30:00+00:00,data/resultados_reais.csv
32,2026-06-19T17:00:00+00:00,official_result,4,2026-06-13T04:30:00+00:00,data/resultados_reais.csv
32,2026-06-19T17:00:00+00:00,official_result,8,2026-06-13T22:30:00+00:00,data/resultados_reais.csv
32,2026-06-19T17:00:00+00:00,official_result,7,2026-06-14T01:30:00+00:00,data/resultados_reais.csv
32,2026-06-19T17:00:00+00:00,official_result,5,2026-06-14T04:30:00+00:00,data/resultados_reais.csv
32,2026-06-19T17:00:00+00:00,official_result,6,2026-06-14T07:30:00+00:00,data/resultados_reais.csv
32,2026-06-19T17:00:00+00:00,official_result,10,2026-06-14T20:30:00+00:00,data/resultados_reais.csv
32,2026-06-19T17:00:00+00:00,official_result,11,2026-06-14T23:30:00+00:00,data/resultados_reais.csv
32,2026-06-19T17:00:00+00:00,official_result,9,2026-06-15T02:30:00+00:00,data/resultados_reais.csv
32,2026-06-19T17:00:00+00:00,official_result,12,2026-06-15T05:30:00+00:00,data/resultados_reais.csv
32,2026-06-19T17:00:00+00:00,official_result,14,2026-06-15T19:30:00+00:00,data/resultados_reais.csv
32,2026-06-19T17:00:00+00:00,official_result,16,2026-06-15T22:30:00+00:00,data/resultados_reais.csv
32,2026-06-19T17:00:00+00:00,official_result,13,2026-06-16T01:30:00+00:00,data/resultados_reais.csv
32,2026-06-19T17:00:00+00:00,official_result,15,2026-06-16T04:30:00+00:00,data/resultados_reais.csv
32,2026-06-19T17:00:00+00:00,official_result,17,2026-06-16T22:30:00+00:00,data/resultados_reais.csv
32,2026-06-19T17:00:00+00:00,official_result,18,2026-06-17T01:30:00+00:00,data/resultados_reais.csv
32,2026-06-19T17:00:00+00:00,official_result,19,2026-06-17T04:30:00+00:00,data/resultados_reais.csv
32,2026-06-19T17:00:00+00:00,official_result,20,2026-06-17T07:30:00+00:00,data/resultados_reais.csv
32,2026-06-19T17:00:00+00:00,official_result,23,2026-06-17T20:30:00+00:00,data/resultados_reais.csv
32,2026-06-19T17:00:00+00:00,official_result,22,2026-06-17T23:30:00+00:00,data/resultados_reais.csv
32,2026-06-19T17:00:00+00:00,official_result,21,2026-06-18T02:30:00+00:00,data/resultados_reais.csv
32,2026-06-19T17:00:00+00:00,official_result,24,2026-06-18T05:30:00+00:00,data/resultados_reais.csv
32,2026-06-19T17:00:00+00:00,official_result,25,2026-06-18T19:30:00+00:00,data/resultados_reais.csv
32,2026-06-19T17:00:00+00:00,official_result,26,2026-06-18T22:30:00+00:00,data/resultados_reais.csv
32,2026-06-19T17:00:00+00:00,official_result,27,2026-06-19T01:30:00+00:00,data/resultados_reais.csv
32,2026-06-19T17:00:00+00:00,official_result,28,2026-06-19T04:30:00+00:00,data/resultados_reais.csv
30,2026-06-19T20:00:00+00:00,team_profile,Escócia,2026-06-11T03:59:59+00:00,data/pre_worldcup_state/teams.csv
30,2026-06-19T20:00:00+00:00,team_profile,Marrocos,2026-06-11T03:59:59+00:00,data/pre_worldcup_state/teams.csv
30,2026-06-19T20:00:00+00:00,fixture,30,2026-06-11T03:59:59+00:00,data/temporal/matches_timeline.csv
30,2026-06-19T20:00:00+00:00,official_result,1,2026-06-11T22:30:00+00:00,data/resultados_reais.csv
30,2026-06-19T20:00:00+00:00,official_result,2,2026-06-12T05:30:00+00:00,data/resultados_reais.csv
30,2026-06-19T20:00:00+00:00,official_result,3,2026-06-12T22:30:00+00:00,data/resultados_reais.csv
30,2026-06-19T20:00:00+00:00,official_result,4,2026-06-13T04:30:00+00:00,data/resultados_reais.csv
30,2026-06-19T20:00:00+00:00,official_result,8,2026-06-13T22:30:00+00:00,data/resultados_reais.csv
30,2026-06-19T20:00:00+00:00,official_result,7,2026-06-14T01:30:00+00:00,data/resultados_reais.csv
30,2026-06-19T20:00:00+00:00,official_result,5,2026-06-14T04:30:00+00:00,data/resultados_reais.csv
30,2026-06-19T20:00:00+00:00,official_result,6,2026-06-14T07:30:00+00:00,data/resultados_reais.csv
30,2026-06-19T20:00:00+00:00,official_result,10,2026-06-14T20:30:00+00:00,data/resultados_reais.csv
30,2026-06-19T20:00:00+00:00,official_result,11,2026-06-14T23:30:00+00:00,data/resultados_reais.csv
30,2026-06-19T20:00:00+00:00,official_result,9,2026-06-15T02:30:00+00:00,data/resultados_reais.csv
30,2026-06-19T20:00:00+00:00,official_result,12,2026-06-15T05:30:00+00:00,data/resultados_reais.csv
30,2026-06-19T20:00:00+00:00,official_result,14,2026-06-15T19:30:00+00:00,data/resultados_reais.csv
30,2026-06-19T20:00:00+00:00,official_result,16,2026-06-15T22:30:00+00:00,data/resultados_reais.csv
30,2026-06-19T20:00:00+00:00,official_result,13,2026-06-16T01:30:00+00:00,data/resultados_reais.csv
30,2026-06-19T20:00:00+00:00,official_result,15,2026-06-16T04:30:00+00:00,data/resultados_reais.csv
30,2026-06-19T20:00:00+00:00,official_result,17,2026-06-16T22:30:00+00:00,data/resultados_reais.csv
30,2026-06-19T20:00:00+00:00,official_result,18,2026-06-17T01:30:00+00:00,data/resultados_reais.csv
30,2026-06-19T20:00:00+00:00,official_result,19,2026-06-17T04:30:00+00:00,data/resultados_reais.csv
30,2026-06-19T20:00:00+00:00,official_result,20,2026-06-17T07:30:00+00:00,data/resultados_reais.csv
30,2026-06-19T20:00:00+00:00,official_result,23,2026-06-17T20:30:00+00:00,data/resultados_reais.csv
30,2026-06-19T20:00:00+00:00,official_result,22,2026-06-17T23:30:00+00:00,data/resultados_reais.csv
30,2026-06-19T20:00:00+00:00,official_result,21,2026-06-18T02:30:00+00:00,data/resultados_reais.csv
30,2026-06-19T20:00:00+00:00,official_result,24,2026-06-18T05:30:00+00:00,data/resultados_reais.csv
30,2026-06-19T20:00:00+00:00,official_result,25,2026-06-18T19:30:00+00:00,data/resultados_reais.csv
30,2026-06-19T20:00:00+00:00,official_result,26,2026-06-18T22:30:00+00:00,data/resultados_reais.csv
30,2026-06-19T20:00:00+00:00,official_result,27,2026-06-19T01:30:00+00:00,data/resultados_reais.csv
30,2026-06-19T20:00:00+00:00,official_result,28,2026-06-19T04:30:00+00:00,data/resultados_reais.csv
29,2026-06-19T23:00:00+00:00,team_profile,Brasil,2026-06-11T03:59:59+00:00,data/pre_worldcup_state/teams.csv
29,2026-06-19T23:00:00+00:00,team_profile,Haiti,2026-06-11T03:59:59+00:00,data/pre_worldcup_state/teams.csv
29,2026-06-19T23:00:00+00:00,fixture,29,2026-06-11T03:59:59+00:00,data/temporal/matches_timeline.csv
29,2026-06-19T23:00:00+00:00,official_result,1,2026-06-11T22:30:00+00:00,data/resultados_reais.csv
29,2026-06-19T23:00:00+00:00,official_result,2,2026-06-12T05:30:00+00:00,data/resultados_reais.csv
29,2026-06-19T23:00:00+00:00,official_result,3,2026-06-12T22:30:00+00:00,data/resultados_reais.csv
29,2026-06-19T23:00:00+00:00,official_result,4,2026-06-13T04:30:00+00:00,data/resultados_reais.csv
29,2026-06-19T23:00:00+00:00,official_result,8,2026-06-13T22:30:00+00:00,data/resultados_reais.csv
29,2026-06-19T23:00:00+00:00,official_result,7,2026-06-14T01:30:00+00:00,data/resultados_reais.csv
29,2026-06-19T23:00:00+00:00,official_result,5,2026-06-14T04:30:00+00:00,data/resultados_reais.csv
29,2026-06-19T23:00:00+00:00,official_result,6,2026-06-14T07:30:00+00:00,data/resultados_reais.csv
29,2026-06-19T23:00:00+00:00,official_result,10,2026-06-14T20:30:00+00:00,data/resultados_reais.csv
29,2026-06-19T23:00:00+00:00,official_result,11,2026-06-14T23:30:00+00:00,data/resultados_reais.csv
29,2026-06-19T23:00:00+00:00,official_result,9,2026-06-15T02:30:00+00:00,data/resultados_reais.csv
29,2026-06-19T23:00:00+00:00,official_result,12,2026-06-15T05:30:00+00:00,data/resultados_reais.csv
29,2026-06-19T23:00:00+00:00,official_result,14,2026-06-15T19:30:00+00:00,data/resultados_reais.csv
29,2026-06-19T23:00:00+00:00,official_result,16,2026-06-15T22:30:00+00:00,data/resultados_reais.csv
29,2026-06-19T23:00:00+00:00,official_result,13,2026-06-16T01:30:00+00:00,data/resultados_reais.csv
29,2026-06-19T23:00:00+00:00,official_result,15,2026-06-16T04:30:00+00:00,data/resultados_reais.csv
29,2026-06-19T23:00:00+00:00,official_result,17,2026-06-16T22:30:00+00:00,data/resultados_reais.csv
29,2026-06-19T23:00:00+00:00,official_result,18,2026-06-17T01:30:00+00:00,data/resultados_reais.csv
29,2026-06-19T23:00:00+00:00,official_result,19,2026-06-17T04:30:00+00:00,data/resultados_reais.csv
29,2026-06-19T23:00:00+00:00,official_result,20,2026-06-17T07:30:00+00:00,data/resultados_reais.csv
29,2026-06-19T23:00:00+00:00,official_result,23,2026-06-17T20:30:00+00:00,data/resultados_reais.csv
29,2026-06-19T23:00:00+00:00,official_result,22,2026-06-17T23:30:00+00:00,data/resultados_reais.csv
29,2026-06-19T23:00:00+00:00,official_result,21,2026-06-18T02:30:00+00:00,data/resultados_reais.csv
29,2026-06-19T23:00:00+00:00,official_result,24,2026-06-18T05:30:00+00:00,data/resultados_reais.csv
29,2026-06-19T23:00:00+00:00,official_result,25,2026-06-18T19:30:00+00:00,data/resultados_reais.csv
29,2026-06-19T23:00:00+00:00,official_result,26,2026-06-18T22:30:00+00:00,data/resultados_reais.csv
29,2026-06-19T23:00:00+00:00,official_result,27,2026-06-19T01:30:00+00:00,data/resultados_reais.csv
29,2026-06-19T23:00:00+00:00,official_result,28,2026-06-19T04:30:00+00:00,data/resultados_reais.csv
29,2026-06-19T23:00:00+00:00,official_result,32,2026-06-19T22:30:00+00:00,data/resultados_reais.csv
31,2026-06-20T01:00:00+00:00,team_profile,Turquia,2026-06-11T03:59:59+00:00,data/pre_worldcup_state/teams.csv
31,2026-06-20T01:00:00+00:00,team_profile,Paraguai,2026-06-11T03:59:59+00:00,data/pre_worldcup_state/teams.csv
31,2026-06-20T01:00:00+00:00,fixture,31,2026-06-11T03:59:59+00:00,data/temporal/matches_timeline.csv
31,2026-06-20T01:00:00+00:00,official_result,1,2026-06-11T22:30:00+00:00,data/resultados_reais.csv
31,2026-06-20T01:00:00+00:00,official_result,2,2026-06-12T05:30:00+00:00,data/resultados_reais.csv
31,2026-06-20T01:00:00+00:00,official_result,3,2026-06-12T22:30:00+00:00,data/resultados_reais.csv
31,2026-06-20T01:00:00+00:00,official_result,4,2026-06-13T04:30:00+00:00,data/resultados_reais.csv
31,2026-06-20T01:00:00+00:00,official_result,8,2026-06-13T22:30:00+00:00,data/resultados_reais.csv
31,2026-06-20T01:00:00+00:00,official_result,7,2026-06-14T01:30:00+00:00,data/resultados_reais.csv
31,2026-06-20T01:00:00+00:00,official_result,5,2026-06-14T04:30:00+00:00,data/resultados_reais.csv
31,2026-06-20T01:00:00+00:00,official_result,6,2026-06-14T07:30:00+00:00,data/resultados_reais.csv
31,2026-06-20T01:00:00+00:00,official_result,10,2026-06-14T20:30:00+00:00,data/resultados_reais.csv
31,2026-06-20T01:00:00+00:00,official_result,11,2026-06-14T23:30:00+00:00,data/resultados_reais.csv
31,2026-06-20T01:00:00+00:00,official_result,9,2026-06-15T02:30:00+00:00,data/resultados_reais.csv
31,2026-06-20T01:00:00+00:00,official_result,12,2026-06-15T05:30:00+00:00,data/resultados_reais.csv
31,2026-06-20T01:00:00+00:00,official_result,14,2026-06-15T19:30:00+00:00,data/resultados_reais.csv
31,2026-06-20T01:00:00+00:00,official_result,16,2026-06-15T22:30:00+00:00,data/resultados_reais.csv
31,2026-06-20T01:00:00+00:00,official_result,13,2026-06-16T01:30:00+00:00,data/resultados_reais.csv
31,2026-06-20T01:00:00+00:00,official_result,15,2026-06-16T04:30:00+00:00,data/resultados_reais.csv
31,2026-06-20T01:00:00+00:00,official_result,17,2026-06-16T22:30:00+00:00,data/resultados_reais.csv
31,2026-06-20T01:00:00+00:00,official_result,18,2026-06-17T01:30:00+00:00,data/resultados_reais.csv
31,2026-06-20T01:00:00+00:00,official_result,19,2026-06-17T04:30:00+00:00,data/resultados_reais.csv
31,2026-06-20T01:00:00+00:00,official_result,20,2026-06-17T07:30:00+00:00,data/resultados_reais.csv
31,2026-06-20T01:00:00+00:00,official_result,23,2026-06-17T20:30:00+00:00,data/resultados_reais.csv
31,2026-06-20T01:00:00+00:00,official_result,22,2026-06-17T23:30:00+00:00,data/resultados_reais.csv
31,2026-06-20T01:00:00+00:00,official_result,21,2026-06-18T02:30:00+00:00,data/resultados_reais.csv
31,2026-06-20T01:00:00+00:00,official_result,24,2026-06-18T05:30:00+00:00,data/resultados_reais.csv
31,2026-06-20T01:00:00+00:00,official_result,25,2026-06-18T19:30:00+00:00,data/resultados_reais.csv
31,2026-06-20T01:00:00+00:00,official_result,26,2026-06-18T22:30:00+00:00,data/resultados_reais.csv
31,2026-06-20T01:00:00+00:00,official_result,27,2026-06-19T01:30:00+00:00,data/resultados_reais.csv
31,2026-06-20T01:00:00+00:00,official_result,28,2026-06-19T04:30:00+00:00,data/resultados_reais.csv
31,2026-06-20T01:00:00+00:00,official_result,32,2026-06-19T22:30:00+00:00,data/resultados_reais.csv
35,2026-06-20T15:00:00+00:00,team_profile,Países Baixos,2026-06-11T03:59:59+00:00,data/pre_worldcup_state/teams.csv
35,2026-06-20T15:00:00+00:00,team_profile,Suécia,2026-06-11T03:59:59+00:00,data/pre_worldcup_state/teams.csv
35,2026-06-20T15:00:00+00:00,fixture,35,2026-06-11T03:59:59+00:00,data/temporal/matches_timeline.csv
35,2026-06-20T15:00:00+00:00,official_result,1,2026-06-11T22:30:00+00:00,data/resultados_reais.csv
35,2026-06-20T15:00:00+00:00,official_result,2,2026-06-12T05:30:00+00:00,data/resultados_reais.csv
35,2026-06-20T15:00:00+00:00,official_result,3,2026-06-12T22:30:00+00:00,data/resultados_reais.csv
35,2026-06-20T15:00:00+00:00,official_result,4,2026-06-13T04:30:00+00:00,data/resultados_reais.csv
35,2026-06-20T15:00:00+00:00,official_result,8,2026-06-13T22:30:00+00:00,data/resultados_reais.csv
35,2026-06-20T15:00:00+00:00,official_result,7,2026-06-14T01:30:00+00:00,data/resultados_reais.csv
35,2026-06-20T15:00:00+00:00,official_result,5,2026-06-14T04:30:00+00:00,data/resultados_reais.csv
35,2026-06-20T15:00:00+00:00,official_result,6,2026-06-14T07:30:00+00:00,data/resultados_reais.csv
35,2026-06-20T15:00:00+00:00,official_result,10,2026-06-14T20:30:00+00:00,data/resultados_reais.csv
35,2026-06-20T15:00:00+00:00,official_result,11,2026-06-14T23:30:00+00:00,data/resultados_reais.csv
35,2026-06-20T15:00:00+00:00,official_result,9,2026-06-15T02:30:00+00:00,data/resultados_reais.csv
35,2026-06-20T15:00:00+00:00,official_result,12,2026-06-15T05:30:00+00:00,data/resultados_reais.csv
35,2026-06-20T15:00:00+00:00,official_result,14,2026-06-15T19:30:00+00:00,data/resultados_reais.csv
35,2026-06-20T15:00:00+00:00,official_result,16,2026-06-15T22:30:00+00:00,data/resultados_reais.csv
35,2026-06-20T15:00:00+00:00,official_result,13,2026-06-16T01:30:00+00:00,data/resultados_reais.csv
35,2026-06-20T15:00:00+00:00,official_result,15,2026-06-16T04:30:00+00:00,data/resultados_reais.csv
35,2026-06-20T15:00:00+00:00,official_result,17,2026-06-16T22:30:00+00:00,data/resultados_reais.csv
35,2026-06-20T15:00:00+00:00,official_result,18,2026-06-17T01:30:00+00:00,data/resultados_reais.csv
35,2026-06-20T15:00:00+00:00,official_result,19,2026-06-17T04:30:00+00:00,data/resultados_reais.csv
35,2026-06-20T15:00:00+00:00,official_result,20,2026-06-17T07:30:00+00:00,data/resultados_reais.csv
35,2026-06-20T15:00:00+00:00,official_result,23,2026-06-17T20:30:00+00:00,data/resultados_reais.csv
35,2026-06-20T15:00:00+00:00,official_result,22,2026-06-17T23:30:00+00:00,data/resultados_reais.csv
35,2026-06-20T15:00:00+00:00,official_result,21,2026-06-18T02:30:00+00:00,data/resultados_reais.csv
35,2026-06-20T15:00:00+00:00,official_result,24,2026-06-18T05:30:00+00:00,data/resultados_reais.csv
35,2026-06-20T15:00:00+00:00,official_result,25,2026-06-18T19:30:00+00:00,data/resultados_reais.csv
35,2026-06-20T15:00:00+00:00,official_result,26,2026-06-18T22:30:00+00:00,data/resultados_reais.csv
35,2026-06-20T15:00:00+00:00,official_result,27,2026-06-19T01:30:00+00:00,data/resultados_reais.csv
35,2026-06-20T15:00:00+00:00,official_result,28,2026-06-19T04:30:00+00:00,data/resultados_reais.csv
35,2026-06-20T15:00:00+00:00,official_result,32,2026-06-19T22:30:00+00:00,data/resultados_reais.csv
35,2026-06-20T15:00:00+00:00,official_result,30,2026-06-20T01:30:00+00:00,data/resultados_reais.csv
35,2026-06-20T15:00:00+00:00,official_result,29,2026-06-20T04:30:00+00:00,data/resultados_reais.csv
35,2026-06-20T15:00:00+00:00,official_result,31,2026-06-20T06:30:00+00:00,data/resultados_reais.csv
33,2026-06-20T18:00:00+00:00,team_profile,Alemanha,2026-06-11T03:59:59+00:00,data/pre_worldcup_state/teams.csv
33,2026-06-20T18:00:00+00:00,team_profile,Costa do Marfim,2026-06-11T03:59:59+00:00,data/pre_worldcup_state/teams.csv
33,2026-06-20T18:00:00+00:00,fixture,33,2026-06-11T03:59:59+00:00,data/temporal/matches_timeline.csv
33,2026-06-20T18:00:00+00:00,official_result,1,2026-06-11T22:30:00+00:00,data/resultados_reais.csv
33,2026-06-20T18:00:00+00:00,official_result,2,2026-06-12T05:30:00+00:00,data/resultados_reais.csv
33,2026-06-20T18:00:00+00:00,official_result,3,2026-06-12T22:30:00+00:00,data/resultados_reais.csv
33,2026-06-20T18:00:00+00:00,official_result,4,2026-06-13T04:30:00+00:00,data/resultados_reais.csv
33,2026-06-20T18:00:00+00:00,official_result,8,2026-06-13T22:30:00+00:00,data/resultados_reais.csv
33,2026-06-20T18:00:00+00:00,official_result,7,2026-06-14T01:30:00+00:00,data/resultados_reais.csv
33,2026-06-20T18:00:00+00:00,official_result,5,2026-06-14T04:30:00+00:00,data/resultados_reais.csv
33,2026-06-20T18:00:00+00:00,official_result,6,2026-06-14T07:30:00+00:00,data/resultados_reais.csv
33,2026-06-20T18:00:00+00:00,official_result,10,2026-06-14T20:30:00+00:00,data/resultados_reais.csv
33,2026-06-20T18:00:00+00:00,official_result,11,2026-06-14T23:30:00+00:00,data/resultados_reais.csv
33,2026-06-20T18:00:00+00:00,official_result,9,2026-06-15T02:30:00+00:00,data/resultados_reais.csv
33,2026-06-20T18:00:00+00:00,official_result,12,2026-06-15T05:30:00+00:00,data/resultados_reais.csv
33,2026-06-20T18:00:00+00:00,official_result,14,2026-06-15T19:30:00+00:00,data/resultados_reais.csv
33,2026-06-20T18:00:00+00:00,official_result,16,2026-06-15T22:30:00+00:00,data/resultados_reais.csv
33,2026-06-20T18:00:00+00:00,official_result,13,2026-06-16T01:30:00+00:00,data/resultados_reais.csv
33,2026-06-20T18:00:00+00:00,official_result,15,2026-06-16T04:30:00+00:00,data/resultados_reais.csv
33,2026-06-20T18:00:00+00:00,official_result,17,2026-06-16T22:30:00+00:00,data/resultados_reais.csv
33,2026-06-20T18:00:00+00:00,official_result,18,2026-06-17T01:30:00+00:00,data/resultados_reais.csv
33,2026-06-20T18:00:00+00:00,official_result,19,2026-06-17T04:30:00+00:00,data/resultados_reais.csv
33,2026-06-20T18:00:00+00:00,official_result,20,2026-06-17T07:30:00+00:00,data/resultados_reais.csv
33,2026-06-20T18:00:00+00:00,official_result,23,2026-06-17T20:30:00+00:00,data/resultados_reais.csv
33,2026-06-20T18:00:00+00:00,official_result,22,2026-06-17T23:30:00+00:00,data/resultados_reais.csv
33,2026-06-20T18:00:00+00:00,official_result,21,2026-06-18T02:30:00+00:00,data/resultados_reais.csv
33,2026-06-20T18:00:00+00:00,official_result,24,2026-06-18T05:30:00+00:00,data/resultados_reais.csv
33,2026-06-20T18:00:00+00:00,official_result,25,2026-06-18T19:30:00+00:00,data/resultados_reais.csv
33,2026-06-20T18:00:00+00:00,official_result,26,2026-06-18T22:30:00+00:00,data/resultados_reais.csv
33,2026-06-20T18:00:00+00:00,official_result,27,2026-06-19T01:30:00+00:00,data/resultados_reais.csv
33,2026-06-20T18:00:00+00:00,official_result,28,2026-06-19T04:30:00+00:00,data/resultados_reais.csv
33,2026-06-20T18:00:00+00:00,official_result,32,2026-06-19T22:30:00+00:00,data/resultados_reais.csv
33,2026-06-20T18:00:00+00:00,official_result,30,2026-06-20T01:30:00+00:00,data/resultados_reais.csv
33,2026-06-20T18:00:00+00:00,official_result,29,2026-06-20T04:30:00+00:00,data/resultados_reais.csv
33,2026-06-20T18:00:00+00:00,official_result,31,2026-06-20T06:30:00+00:00,data/resultados_reais.csv
34,2026-06-20T22:00:00+00:00,team_profile,Equador,2026-06-11T03:59:59+00:00,data/pre_worldcup_state/teams.csv
34,2026-06-20T22:00:00+00:00,team_profile,Curaçao,2026-06-11T03:59:59+00:00,data/pre_worldcup_state/teams.csv
34,2026-06-20T22:00:00+00:00,fixture,34,2026-06-11T03:59:59+00:00,data/temporal/matches_timeline.csv
34,2026-06-20T22:00:00+00:00,official_result,1,2026-06-11T22:30:00+00:00,data/resultados_reais.csv
34,2026-06-20T22:00:00+00:00,official_result,2,2026-06-12T05:30:00+00:00,data/resultados_reais.csv
34,2026-06-20T22:00:00+00:00,official_result,3,2026-06-12T22:30:00+00:00,data/resultados_reais.csv
34,2026-06-20T22:00:00+00:00,official_result,4,2026-06-13T04:30:00+00:00,data/resultados_reais.csv
34,2026-06-20T22:00:00+00:00,official_result,8,2026-06-13T22:30:00+00:00,data/resultados_reais.csv
34,2026-06-20T22:00:00+00:00,official_result,7,2026-06-14T01:30:00+00:00,data/resultados_reais.csv
34,2026-06-20T22:00:00+00:00,official_result,5,2026-06-14T04:30:00+00:00,data/resultados_reais.csv
34,2026-06-20T22:00:00+00:00,official_result,6,2026-06-14T07:30:00+00:00,data/resultados_reais.csv
34,2026-06-20T22:00:00+00:00,official_result,10,2026-06-14T20:30:00+00:00,data/resultados_reais.csv
34,2026-06-20T22:00:00+00:00,official_result,11,2026-06-14T23:30:00+00:00,data/resultados_reais.csv
34,2026-06-20T22:00:00+00:00,official_result,9,2026-06-15T02:30:00+00:00,data/resultados_reais.csv
34,2026-06-20T22:00:00+00:00,official_result,12,2026-06-15T05:30:00+00:00,data/resultados_reais.csv
34,2026-06-20T22:00:00+00:00,official_result,14,2026-06-15T19:30:00+00:00,data/resultados_reais.csv
34,2026-06-20T22:00:00+00:00,official_result,16,2026-06-15T22:30:00+00:00,data/resultados_reais.csv
34,2026-06-20T22:00:00+00:00,official_result,13,2026-06-16T01:30:00+00:00,data/resultados_reais.csv
34,2026-06-20T22:00:00+00:00,official_result,15,2026-06-16T04:30:00+00:00,data/resultados_reais.csv
34,2026-06-20T22:00:00+00:00,official_result,17,2026-06-16T22:30:00+00:00,data/resultados_reais.csv
34,2026-06-20T22:00:00+00:00,official_result,18,2026-06-17T01:30:00+00:00,data/resultados_reais.csv
34,2026-06-20T22:00:00+00:00,official_result,19,2026-06-17T04:30:00+00:00,data/resultados_reais.csv
34,2026-06-20T22:00:00+00:00,official_result,20,2026-06-17T07:30:00+00:00,data/resultados_reais.csv
34,2026-06-20T22:00:00+00:00,official_result,23,2026-06-17T20:30:00+00:00,data/resultados_reais.csv
34,2026-06-20T22:00:00+00:00,official_result,22,2026-06-17T23:30:00+00:00,data/resultados_reais.csv
34,2026-06-20T22:00:00+00:00,official_result,21,2026-06-18T02:30:00+00:00,data/resultados_reais.csv
34,2026-06-20T22:00:00+00:00,official_result,24,2026-06-18T05:30:00+00:00,data/resultados_reais.csv
34,2026-06-20T22:00:00+00:00,official_result,25,2026-06-18T19:30:00+00:00,data/resultados_reais.csv
34,2026-06-20T22:00:00+00:00,official_result,26,2026-06-18T22:30:00+00:00,data/resultados_reais.csv
34,2026-06-20T22:00:00+00:00,official_result,27,2026-06-19T01:30:00+00:00,data/resultados_reais.csv
34,2026-06-20T22:00:00+00:00,official_result,28,2026-06-19T04:30:00+00:00,data/resultados_reais.csv
34,2026-06-20T22:00:00+00:00,official_result,32,2026-06-19T22:30:00+00:00,data/resultados_reais.csv
34,2026-06-20T22:00:00+00:00,official_result,30,2026-06-20T01:30:00+00:00,data/resultados_reais.csv
34,2026-06-20T22:00:00+00:00,official_result,29,2026-06-20T04:30:00+00:00,data/resultados_reais.csv
34,2026-06-20T22:00:00+00:00,official_result,31,2026-06-20T06:30:00+00:00,data/resultados_reais.csv
34,2026-06-20T22:00:00+00:00,official_result,35,2026-06-20T20:30:00+00:00,data/resultados_reais.csv
36,2026-06-21T02:00:00+00:00,team_profile,Tunísia,2026-06-11T03:59:59+00:00,data/pre_worldcup_state/teams.csv
36,2026-06-21T02:00:00+00:00,team_profile,Japão,2026-06-11T03:59:59+00:00,data/pre_worldcup_state/teams.csv
36,2026-06-21T02:00:00+00:00,fixture,36,2026-06-11T03:59:59+00:00,data/temporal/matches_timeline.csv
36,2026-06-21T02:00:00+00:00,official_result,1,2026-06-11T22:30:00+00:00,data/resultados_reais.csv
36,2026-06-21T02:00:00+00:00,official_result,2,2026-06-12T05:30:00+00:00,data/resultados_reais.csv
36,2026-06-21T02:00:00+00:00,official_result,3,2026-06-12T22:30:00+00:00,data/resultados_reais.csv
36,2026-06-21T02:00:00+00:00,official_result,4,2026-06-13T04:30:00+00:00,data/resultados_reais.csv
36,2026-06-21T02:00:00+00:00,official_result,8,2026-06-13T22:30:00+00:00,data/resultados_reais.csv
36,2026-06-21T02:00:00+00:00,official_result,7,2026-06-14T01:30:00+00:00,data/resultados_reais.csv
36,2026-06-21T02:00:00+00:00,official_result,5,2026-06-14T04:30:00+00:00,data/resultados_reais.csv
36,2026-06-21T02:00:00+00:00,official_result,6,2026-06-14T07:30:00+00:00,data/resultados_reais.csv
36,2026-06-21T02:00:00+00:00,official_result,10,2026-06-14T20:30:00+00:00,data/resultados_reais.csv
36,2026-06-21T02:00:00+00:00,official_result,11,2026-06-14T23:30:00+00:00,data/resultados_reais.csv
36,2026-06-21T02:00:00+00:00,official_result,9,2026-06-15T02:30:00+00:00,data/resultados_reais.csv
36,2026-06-21T02:00:00+00:00,official_result,12,2026-06-15T05:30:00+00:00,data/resultados_reais.csv
36,2026-06-21T02:00:00+00:00,official_result,14,2026-06-15T19:30:00+00:00,data/resultados_reais.csv
36,2026-06-21T02:00:00+00:00,official_result,16,2026-06-15T22:30:00+00:00,data/resultados_reais.csv
36,2026-06-21T02:00:00+00:00,official_result,13,2026-06-16T01:30:00+00:00,data/resultados_reais.csv
36,2026-06-21T02:00:00+00:00,official_result,15,2026-06-16T04:30:00+00:00,data/resultados_reais.csv
36,2026-06-21T02:00:00+00:00,official_result,17,2026-06-16T22:30:00+00:00,data/resultados_reais.csv
36,2026-06-21T02:00:00+00:00,official_result,18,2026-06-17T01:30:00+00:00,data/resultados_reais.csv
36,2026-06-21T02:00:00+00:00,official_result,19,2026-06-17T04:30:00+00:00,data/resultados_reais.csv
36,2026-06-21T02:00:00+00:00,official_result,20,2026-06-17T07:30:00+00:00,data/resultados_reais.csv
36,2026-06-21T02:00:00+00:00,official_result,23,2026-06-17T20:30:00+00:00,data/resultados_reais.csv
36,2026-06-21T02:00:00+00:00,official_result,22,2026-06-17T23:30:00+00:00,data/resultados_reais.csv
36,2026-06-21T02:00:00+00:00,official_result,21,2026-06-18T02:30:00+00:00,data/resultados_reais.csv
36,2026-06-21T02:00:00+00:00,official_result,24,2026-06-18T05:30:00+00:00,data/resultados_reais.csv
36,2026-06-21T02:00:00+00:00,official_result,25,2026-06-18T19:30:00+00:00,data/resultados_reais.csv
36,2026-06-21T02:00:00+00:00,official_result,26,2026-06-18T22:30:00+00:00,data/resultados_reais.csv
36,2026-06-21T02:00:00+00:00,official_result,27,2026-06-19T01:30:00+00:00,data/resultados_reais.csv
36,2026-06-21T02:00:00+00:00,official_result,28,2026-06-19T04:30:00+00:00,data/resultados_reais.csv
36,2026-06-21T02:00:00+00:00,official_result,32,2026-06-19T22:30:00+00:00,data/resultados_reais.csv
36,2026-06-21T02:00:00+00:00,official_result,30,2026-06-20T01:30:00+00:00,data/resultados_reais.csv
36,2026-06-21T02:00:00+00:00,official_result,29,2026-06-20T04:30:00+00:00,data/resultados_reais.csv
36,2026-06-21T02:00:00+00:00,official_result,31,2026-06-20T06:30:00+00:00,data/resultados_reais.csv
36,2026-06-21T02:00:00+00:00,official_result,35,2026-06-20T20:30:00+00:00,data/resultados_reais.csv
36,2026-06-21T02:00:00+00:00,official_result,33,2026-06-20T23:30:00+00:00,data/resultados_reais.csv
38,2026-06-21T14:00:00+00:00,team_profile,Espanha,2026-06-11T03:59:59+00:00,data/pre_worldcup_state/teams.csv
38,2026-06-21T14:00:00+00:00,team_profile,Arábia Saudita,2026-06-11T03:59:59+00:00,data/pre_worldcup_state/teams.csv
38,2026-06-21T14:00:00+00:00,fixture,38,2026-06-11T03:59:59+00:00,data/temporal/matches_timeline.csv
38,2026-06-21T14:00:00+00:00,official_result,1,2026-06-11T22:30:00+00:00,data/resultados_reais.csv
38,2026-06-21T14:00:00+00:00,official_result,2,2026-06-12T05:30:00+00:00,data/resultados_reais.csv
38,2026-06-21T14:00:00+00:00,official_result,3,2026-06-12T22:30:00+00:00,data/resultados_reais.csv
38,2026-06-21T14:00:00+00:00,official_result,4,2026-06-13T04:30:00+00:00,data/resultados_reais.csv
38,2026-06-21T14:00:00+00:00,official_result,8,2026-06-13T22:30:00+00:00,data/resultados_reais.csv
38,2026-06-21T14:00:00+00:00,official_result,7,2026-06-14T01:30:00+00:00,data/resultados_reais.csv
38,2026-06-21T14:00:00+00:00,official_result,5,2026-06-14T04:30:00+00:00,data/resultados_reais.csv
38,2026-06-21T14:00:00+00:00,official_result,6,2026-06-14T07:30:00+00:00,data/resultados_reais.csv
38,2026-06-21T14:00:00+00:00,official_result,10,2026-06-14T20:30:00+00:00,data/resultados_reais.csv
38,2026-06-21T14:00:00+00:00,official_result,11,2026-06-14T23:30:00+00:00,data/resultados_reais.csv
38,2026-06-21T14:00:00+00:00,official_result,9,2026-06-15T02:30:00+00:00,data/resultados_reais.csv
38,2026-06-21T14:00:00+00:00,official_result,12,2026-06-15T05:30:00+00:00,data/resultados_reais.csv
38,2026-06-21T14:00:00+00:00,official_result,14,2026-06-15T19:30:00+00:00,data/resultados_reais.csv
38,2026-06-21T14:00:00+00:00,official_result,16,2026-06-15T22:30:00+00:00,data/resultados_reais.csv
38,2026-06-21T14:00:00+00:00,official_result,13,2026-06-16T01:30:00+00:00,data/resultados_reais.csv
38,2026-06-21T14:00:00+00:00,official_result,15,2026-06-16T04:30:00+00:00,data/resultados_reais.csv
38,2026-06-21T14:00:00+00:00,official_result,17,2026-06-16T22:30:00+00:00,data/resultados_reais.csv
38,2026-06-21T14:00:00+00:00,official_result,18,2026-06-17T01:30:00+00:00,data/resultados_reais.csv
38,2026-06-21T14:00:00+00:00,official_result,19,2026-06-17T04:30:00+00:00,data/resultados_reais.csv
38,2026-06-21T14:00:00+00:00,official_result,20,2026-06-17T07:30:00+00:00,data/resultados_reais.csv
38,2026-06-21T14:00:00+00:00,official_result,23,2026-06-17T20:30:00+00:00,data/resultados_reais.csv
38,2026-06-21T14:00:00+00:00,official_result,22,2026-06-17T23:30:00+00:00,data/resultados_reais.csv
38,2026-06-21T14:00:00+00:00,official_result,21,2026-06-18T02:30:00+00:00,data/resultados_reais.csv
38,2026-06-21T14:00:00+00:00,official_result,24,2026-06-18T05:30:00+00:00,data/resultados_reais.csv
38,2026-06-21T14:00:00+00:00,official_result,25,2026-06-18T19:30:00+00:00,data/resultados_reais.csv
38,2026-06-21T14:00:00+00:00,official_result,26,2026-06-18T22:30:00+00:00,data/resultados_reais.csv
38,2026-06-21T14:00:00+00:00,official_result,27,2026-06-19T01:30:00+00:00,data/resultados_reais.csv
38,2026-06-21T14:00:00+00:00,official_result,28,2026-06-19T04:30:00+00:00,data/resultados_reais.csv
38,2026-06-21T14:00:00+00:00,official_result,32,2026-06-19T22:30:00+00:00,data/resultados_reais.csv
38,2026-06-21T14:00:00+00:00,official_result,30,2026-06-20T01:30:00+00:00,data/resultados_reais.csv
38,2026-06-21T14:00:00+00:00,official_result,29,2026-06-20T04:30:00+00:00,data/resultados_reais.csv
38,2026-06-21T14:00:00+00:00,official_result,31,2026-06-20T06:30:00+00:00,data/resultados_reais.csv
38,2026-06-21T14:00:00+00:00,official_result,35,2026-06-20T20:30:00+00:00,data/resultados_reais.csv
38,2026-06-21T14:00:00+00:00,official_result,33,2026-06-20T23:30:00+00:00,data/resultados_reais.csv
38,2026-06-21T14:00:00+00:00,official_result,34,2026-06-21T03:30:00+00:00,data/resultados_reais.csv
38,2026-06-21T14:00:00+00:00,official_result,36,2026-06-21T07:30:00+00:00,data/resultados_reais.csv
39,2026-06-21T17:00:00+00:00,team_profile,Bélgica,2026-06-11T03:59:59+00:00,data/pre_worldcup_state/teams.csv
39,2026-06-21T17:00:00+00:00,team_profile,Irã,2026-06-11T03:59:59+00:00,data/pre_worldcup_state/teams.csv
39,2026-06-21T17:00:00+00:00,fixture,39,2026-06-11T03:59:59+00:00,data/temporal/matches_timeline.csv
39,2026-06-21T17:00:00+00:00,official_result,1,2026-06-11T22:30:00+00:00,data/resultados_reais.csv
39,2026-06-21T17:00:00+00:00,official_result,2,2026-06-12T05:30:00+00:00,data/resultados_reais.csv
39,2026-06-21T17:00:00+00:00,official_result,3,2026-06-12T22:30:00+00:00,data/resultados_reais.csv
39,2026-06-21T17:00:00+00:00,official_result,4,2026-06-13T04:30:00+00:00,data/resultados_reais.csv
39,2026-06-21T17:00:00+00:00,official_result,8,2026-06-13T22:30:00+00:00,data/resultados_reais.csv
39,2026-06-21T17:00:00+00:00,official_result,7,2026-06-14T01:30:00+00:00,data/resultados_reais.csv
39,2026-06-21T17:00:00+00:00,official_result,5,2026-06-14T04:30:00+00:00,data/resultados_reais.csv
39,2026-06-21T17:00:00+00:00,official_result,6,2026-06-14T07:30:00+00:00,data/resultados_reais.csv
39,2026-06-21T17:00:00+00:00,official_result,10,2026-06-14T20:30:00+00:00,data/resultados_reais.csv
39,2026-06-21T17:00:00+00:00,official_result,11,2026-06-14T23:30:00+00:00,data/resultados_reais.csv
39,2026-06-21T17:00:00+00:00,official_result,9,2026-06-15T02:30:00+00:00,data/resultados_reais.csv
39,2026-06-21T17:00:00+00:00,official_result,12,2026-06-15T05:30:00+00:00,data/resultados_reais.csv
39,2026-06-21T17:00:00+00:00,official_result,14,2026-06-15T19:30:00+00:00,data/resultados_reais.csv
39,2026-06-21T17:00:00+00:00,official_result,16,2026-06-15T22:30:00+00:00,data/resultados_reais.csv
39,2026-06-21T17:00:00+00:00,official_result,13,2026-06-16T01:30:00+00:00,data/resultados_reais.csv
39,2026-06-21T17:00:00+00:00,official_result,15,2026-06-16T04:30:00+00:00,data/resultados_reais.csv
39,2026-06-21T17:00:00+00:00,official_result,17,2026-06-16T22:30:00+00:00,data/resultados_reais.csv
39,2026-06-21T17:00:00+00:00,official_result,18,2026-06-17T01:30:00+00:00,data/resultados_reais.csv
39,2026-06-21T17:00:00+00:00,official_result,19,2026-06-17T04:30:00+00:00,data/resultados_reais.csv
39,2026-06-21T17:00:00+00:00,official_result,20,2026-06-17T07:30:00+00:00,data/resultados_reais.csv
39,2026-06-21T17:00:00+00:00,official_result,23,2026-06-17T20:30:00+00:00,data/resultados_reais.csv
39,2026-06-21T17:00:00+00:00,official_result,22,2026-06-17T23:30:00+00:00,data/resultados_reais.csv
39,2026-06-21T17:00:00+00:00,official_result,21,2026-06-18T02:30:00+00:00,data/resultados_reais.csv
39,2026-06-21T17:00:00+00:00,official_result,24,2026-06-18T05:30:00+00:00,data/resultados_reais.csv
39,2026-06-21T17:00:00+00:00,official_result,25,2026-06-18T19:30:00+00:00,data/resultados_reais.csv
39,2026-06-21T17:00:00+00:00,official_result,26,2026-06-18T22:30:00+00:00,data/resultados_reais.csv
39,2026-06-21T17:00:00+00:00,official_result,27,2026-06-19T01:30:00+00:00,data/resultados_reais.csv
39,2026-06-21T17:00:00+00:00,official_result,28,2026-06-19T04:30:00+00:00,data/resultados_reais.csv
39,2026-06-21T17:00:00+00:00,official_result,32,2026-06-19T22:30:00+00:00,data/resultados_reais.csv
39,2026-06-21T17:00:00+00:00,official_result,30,2026-06-20T01:30:00+00:00,data/resultados_reais.csv
39,2026-06-21T17:00:00+00:00,official_result,29,2026-06-20T04:30:00+00:00,data/resultados_reais.csv
39,2026-06-21T17:00:00+00:00,official_result,31,2026-06-20T06:30:00+00:00,data/resultados_reais.csv
39,2026-06-21T17:00:00+00:00,official_result,35,2026-06-20T20:30:00+00:00,data/resultados_reais.csv
39,2026-06-21T17:00:00+00:00,official_result,33,2026-06-20T23:30:00+00:00,data/resultados_reais.csv
39,2026-06-21T17:00:00+00:00,official_result,34,2026-06-21T03:30:00+00:00,data/resultados_reais.csv
39,2026-06-21T17:00:00+00:00,official_result,36,2026-06-21T07:30:00+00:00,data/resultados_reais.csv
37,2026-06-21T20:00:00+00:00,team_profile,Uruguai,2026-06-11T03:59:59+00:00,data/pre_worldcup_state/teams.csv
37,2026-06-21T20:00:00+00:00,team_profile,Cabo Verde,2026-06-11T03:59:59+00:00,data/pre_worldcup_state/teams.csv
37,2026-06-21T20:00:00+00:00,fixture,37,2026-06-11T03:59:59+00:00,data/temporal/matches_timeline.csv
37,2026-06-21T20:00:00+00:00,official_result,1,2026-06-11T22:30:00+00:00,data/resultados_reais.csv
37,2026-06-21T20:00:00+00:00,official_result,2,2026-06-12T05:30:00+00:00,data/resultados_reais.csv
37,2026-06-21T20:00:00+00:00,official_result,3,2026-06-12T22:30:00+00:00,data/resultados_reais.csv
37,2026-06-21T20:00:00+00:00,official_result,4,2026-06-13T04:30:00+00:00,data/resultados_reais.csv
37,2026-06-21T20:00:00+00:00,official_result,8,2026-06-13T22:30:00+00:00,data/resultados_reais.csv
37,2026-06-21T20:00:00+00:00,official_result,7,2026-06-14T01:30:00+00:00,data/resultados_reais.csv
37,2026-06-21T20:00:00+00:00,official_result,5,2026-06-14T04:30:00+00:00,data/resultados_reais.csv
37,2026-06-21T20:00:00+00:00,official_result,6,2026-06-14T07:30:00+00:00,data/resultados_reais.csv
37,2026-06-21T20:00:00+00:00,official_result,10,2026-06-14T20:30:00+00:00,data/resultados_reais.csv
37,2026-06-21T20:00:00+00:00,official_result,11,2026-06-14T23:30:00+00:00,data/resultados_reais.csv
37,2026-06-21T20:00:00+00:00,official_result,9,2026-06-15T02:30:00+00:00,data/resultados_reais.csv
37,2026-06-21T20:00:00+00:00,official_result,12,2026-06-15T05:30:00+00:00,data/resultados_reais.csv
37,2026-06-21T20:00:00+00:00,official_result,14,2026-06-15T19:30:00+00:00,data/resultados_reais.csv
37,2026-06-21T20:00:00+00:00,official_result,16,2026-06-15T22:30:00+00:00,data/resultados_reais.csv
37,2026-06-21T20:00:00+00:00,official_result,13,2026-06-16T01:30:00+00:00,data/resultados_reais.csv
37,2026-06-21T20:00:00+00:00,official_result,15,2026-06-16T04:30:00+00:00,data/resultados_reais.csv
37,2026-06-21T20:00:00+00:00,official_result,17,2026-06-16T22:30:00+00:00,data/resultados_reais.csv
37,2026-06-21T20:00:00+00:00,official_result,18,2026-06-17T01:30:00+00:00,data/resultados_reais.csv
37,2026-06-21T20:00:00+00:00,official_result,19,2026-06-17T04:30:00+00:00,data/resultados_reais.csv
37,2026-06-21T20:00:00+00:00,official_result,20,2026-06-17T07:30:00+00:00,data/resultados_reais.csv
37,2026-06-21T20:00:00+00:00,official_result,23,2026-06-17T20:30:00+00:00,data/resultados_reais.csv
37,2026-06-21T20:00:00+00:00,official_result,22,2026-06-17T23:30:00+00:00,data/resultados_reais.csv
37,2026-06-21T20:00:00+00:00,official_result,21,2026-06-18T02:30:00+00:00,data/resultados_reais.csv
37,2026-06-21T20:00:00+00:00,official_result,24,2026-06-18T05:30:00+00:00,data/resultados_reais.csv
37,2026-06-21T20:00:00+00:00,official_result,25,2026-06-18T19:30:00+00:00,data/resultados_reais.csv
37,2026-06-21T20:00:00+00:00,official_result,26,2026-06-18T22:30:00+00:00,data/resultados_reais.csv
37,2026-06-21T20:00:00+00:00,official_result,27,2026-06-19T01:30:00+00:00,data/resultados_reais.csv
37,2026-06-21T20:00:00+00:00,official_result,28,2026-06-19T04:30:00+00:00,data/resultados_reais.csv
37,2026-06-21T20:00:00+00:00,official_result,32,2026-06-19T22:30:00+00:00,data/resultados_reais.csv
37,2026-06-21T20:00:00+00:00,official_result,30,2026-06-20T01:30:00+00:00,data/resultados_reais.csv
37,2026-06-21T20:00:00+00:00,official_result,29,2026-06-20T04:30:00+00:00,data/resultados_reais.csv
37,2026-06-21T20:00:00+00:00,official_result,31,2026-06-20T06:30:00+00:00,data/resultados_reais.csv
37,2026-06-21T20:00:00+00:00,official_result,35,2026-06-20T20:30:00+00:00,data/resultados_reais.csv
37,2026-06-21T20:00:00+00:00,official_result,33,2026-06-20T23:30:00+00:00,data/resultados_reais.csv
37,2026-06-21T20:00:00+00:00,official_result,34,2026-06-21T03:30:00+00:00,data/resultados_reais.csv
37,2026-06-21T20:00:00+00:00,official_result,36,2026-06-21T07:30:00+00:00,data/resultados_reais.csv
37,2026-06-21T20:00:00+00:00,official_result,38,2026-06-21T19:30:00+00:00,data/resultados_reais.csv
40,2026-06-21T23:00:00+00:00,team_profile,Nova Zelândia,2026-06-11T03:59:59+00:00,data/pre_worldcup_state/teams.csv
40,2026-06-21T23:00:00+00:00,team_profile,Egito,2026-06-11T03:59:59+00:00,data/pre_worldcup_state/teams.csv
40,2026-06-21T23:00:00+00:00,fixture,40,2026-06-11T03:59:59+00:00,data/temporal/matches_timeline.csv
40,2026-06-21T23:00:00+00:00,official_result,1,2026-06-11T22:30:00+00:00,data/resultados_reais.csv
40,2026-06-21T23:00:00+00:00,official_result,2,2026-06-12T05:30:00+00:00,data/resultados_reais.csv
40,2026-06-21T23:00:00+00:00,official_result,3,2026-06-12T22:30:00+00:00,data/resultados_reais.csv
40,2026-06-21T23:00:00+00:00,official_result,4,2026-06-13T04:30:00+00:00,data/resultados_reais.csv
40,2026-06-21T23:00:00+00:00,official_result,8,2026-06-13T22:30:00+00:00,data/resultados_reais.csv
40,2026-06-21T23:00:00+00:00,official_result,7,2026-06-14T01:30:00+00:00,data/resultados_reais.csv
40,2026-06-21T23:00:00+00:00,official_result,5,2026-06-14T04:30:00+00:00,data/resultados_reais.csv
40,2026-06-21T23:00:00+00:00,official_result,6,2026-06-14T07:30:00+00:00,data/resultados_reais.csv
40,2026-06-21T23:00:00+00:00,official_result,10,2026-06-14T20:30:00+00:00,data/resultados_reais.csv
40,2026-06-21T23:00:00+00:00,official_result,11,2026-06-14T23:30:00+00:00,data/resultados_reais.csv
40,2026-06-21T23:00:00+00:00,official_result,9,2026-06-15T02:30:00+00:00,data/resultados_reais.csv
40,2026-06-21T23:00:00+00:00,official_result,12,2026-06-15T05:30:00+00:00,data/resultados_reais.csv
40,2026-06-21T23:00:00+00:00,official_result,14,2026-06-15T19:30:00+00:00,data/resultados_reais.csv
40,2026-06-21T23:00:00+00:00,official_result,16,2026-06-15T22:30:00+00:00,data/resultados_reais.csv
40,2026-06-21T23:00:00+00:00,official_result,13,2026-06-16T01:30:00+00:00,data/resultados_reais.csv
40,2026-06-21T23:00:00+00:00,official_result,15,2026-06-16T04:30:00+00:00,data/resultados_reais.csv
40,2026-06-21T23:00:00+00:00,official_result,17,2026-06-16T22:30:00+00:00,data/resultados_reais.csv
40,2026-06-21T23:00:00+00:00,official_result,18,2026-06-17T01:30:00+00:00,data/resultados_reais.csv
40,2026-06-21T23:00:00+00:00,official_result,19,2026-06-17T04:30:00+00:00,data/resultados_reais.csv
40,2026-06-21T23:00:00+00:00,official_result,20,2026-06-17T07:30:00+00:00,data/resultados_reais.csv
40,2026-06-21T23:00:00+00:00,official_result,23,2026-06-17T20:30:00+00:00,data/resultados_reais.csv
40,2026-06-21T23:00:00+00:00,official_result,22,2026-06-17T23:30:00+00:00,data/resultados_reais.csv
40,2026-06-21T23:00:00+00:00,official_result,21,2026-06-18T02:30:00+00:00,data/resultados_reais.csv
40,2026-06-21T23:00:00+00:00,official_result,24,2026-06-18T05:30:00+00:00,data/resultados_reais.csv
40,2026-06-21T23:00:00+00:00,official_result,25,2026-06-18T19:30:00+00:00,data/resultados_reais.csv
40,2026-06-21T23:00:00+00:00,official_result,26,2026-06-18T22:30:00+00:00,data/resultados_reais.csv
40,2026-06-21T23:00:00+00:00,official_result,27,2026-06-19T01:30:00+00:00,data/resultados_reais.csv
40,2026-06-21T23:00:00+00:00,official_result,28,2026-06-19T04:30:00+00:00,data/resultados_reais.csv
40,2026-06-21T23:00:00+00:00,official_result,32,2026-06-19T22:30:00+00:00,data/resultados_reais.csv
40,2026-06-21T23:00:00+00:00,official_result,30,2026-06-20T01:30:00+00:00,data/resultados_reais.csv
40,2026-06-21T23:00:00+00:00,official_result,29,2026-06-20T04:30:00+00:00,data/resultados_reais.csv
40,2026-06-21T23:00:00+00:00,official_result,31,2026-06-20T06:30:00+00:00,data/resultados_reais.csv
40,2026-06-21T23:00:00+00:00,official_result,35,2026-06-20T20:30:00+00:00,data/resultados_reais.csv
40,2026-06-21T23:00:00+00:00,official_result,33,2026-06-20T23:30:00+00:00,data/resultados_reais.csv
40,2026-06-21T23:00:00+00:00,official_result,34,2026-06-21T03:30:00+00:00,data/resultados_reais.csv
40,2026-06-21T23:00:00+00:00,official_result,36,2026-06-21T07:30:00+00:00,data/resultados_reais.csv
40,2026-06-21T23:00:00+00:00,official_result,38,2026-06-21T19:30:00+00:00,data/resultados_reais.csv
40,2026-06-21T23:00:00+00:00,official_result,39,2026-06-21T22:30:00+00:00,data/resultados_reais.csv
43,2026-06-22T15:00:00+00:00,team_profile,Argentina,2026-06-11T03:59:59+00:00,data/pre_worldcup_state/teams.csv
43,2026-06-22T15:00:00+00:00,team_profile,Áustria,2026-06-11T03:59:59+00:00,data/pre_worldcup_state/teams.csv
43,2026-06-22T15:00:00+00:00,fixture,43,2026-06-11T03:59:59+00:00,data/temporal/matches_timeline.csv
43,2026-06-22T15:00:00+00:00,official_result,1,2026-06-11T22:30:00+00:00,data/resultados_reais.csv
43,2026-06-22T15:00:00+00:00,official_result,2,2026-06-12T05:30:00+00:00,data/resultados_reais.csv
43,2026-06-22T15:00:00+00:00,official_result,3,2026-06-12T22:30:00+00:00,data/resultados_reais.csv
43,2026-06-22T15:00:00+00:00,official_result,4,2026-06-13T04:30:00+00:00,data/resultados_reais.csv
43,2026-06-22T15:00:00+00:00,official_result,8,2026-06-13T22:30:00+00:00,data/resultados_reais.csv
43,2026-06-22T15:00:00+00:00,official_result,7,2026-06-14T01:30:00+00:00,data/resultados_reais.csv
43,2026-06-22T15:00:00+00:00,official_result,5,2026-06-14T04:30:00+00:00,data/resultados_reais.csv
43,2026-06-22T15:00:00+00:00,official_result,6,2026-06-14T07:30:00+00:00,data/resultados_reais.csv
43,2026-06-22T15:00:00+00:00,official_result,10,2026-06-14T20:30:00+00:00,data/resultados_reais.csv
43,2026-06-22T15:00:00+00:00,official_result,11,2026-06-14T23:30:00+00:00,data/resultados_reais.csv
43,2026-06-22T15:00:00+00:00,official_result,9,2026-06-15T02:30:00+00:00,data/resultados_reais.csv
43,2026-06-22T15:00:00+00:00,official_result,12,2026-06-15T05:30:00+00:00,data/resultados_reais.csv
43,2026-06-22T15:00:00+00:00,official_result,14,2026-06-15T19:30:00+00:00,data/resultados_reais.csv
43,2026-06-22T15:00:00+00:00,official_result,16,2026-06-15T22:30:00+00:00,data/resultados_reais.csv
43,2026-06-22T15:00:00+00:00,official_result,13,2026-06-16T01:30:00+00:00,data/resultados_reais.csv
43,2026-06-22T15:00:00+00:00,official_result,15,2026-06-16T04:30:00+00:00,data/resultados_reais.csv
43,2026-06-22T15:00:00+00:00,official_result,17,2026-06-16T22:30:00+00:00,data/resultados_reais.csv
43,2026-06-22T15:00:00+00:00,official_result,18,2026-06-17T01:30:00+00:00,data/resultados_reais.csv
43,2026-06-22T15:00:00+00:00,official_result,19,2026-06-17T04:30:00+00:00,data/resultados_reais.csv
43,2026-06-22T15:00:00+00:00,official_result,20,2026-06-17T07:30:00+00:00,data/resultados_reais.csv
43,2026-06-22T15:00:00+00:00,official_result,23,2026-06-17T20:30:00+00:00,data/resultados_reais.csv
43,2026-06-22T15:00:00+00:00,official_result,22,2026-06-17T23:30:00+00:00,data/resultados_reais.csv
43,2026-06-22T15:00:00+00:00,official_result,21,2026-06-18T02:30:00+00:00,data/resultados_reais.csv
43,2026-06-22T15:00:00+00:00,official_result,24,2026-06-18T05:30:00+00:00,data/resultados_reais.csv
43,2026-06-22T15:00:00+00:00,official_result,25,2026-06-18T19:30:00+00:00,data/resultados_reais.csv
43,2026-06-22T15:00:00+00:00,official_result,26,2026-06-18T22:30:00+00:00,data/resultados_reais.csv
43,2026-06-22T15:00:00+00:00,official_result,27,2026-06-19T01:30:00+00:00,data/resultados_reais.csv
43,2026-06-22T15:00:00+00:00,official_result,28,2026-06-19T04:30:00+00:00,data/resultados_reais.csv
43,2026-06-22T15:00:00+00:00,official_result,32,2026-06-19T22:30:00+00:00,data/resultados_reais.csv
43,2026-06-22T15:00:00+00:00,official_result,30,2026-06-20T01:30:00+00:00,data/resultados_reais.csv
43,2026-06-22T15:00:00+00:00,official_result,29,2026-06-20T04:30:00+00:00,data/resultados_reais.csv
43,2026-06-22T15:00:00+00:00,official_result,31,2026-06-20T06:30:00+00:00,data/resultados_reais.csv
43,2026-06-22T15:00:00+00:00,official_result,35,2026-06-20T20:30:00+00:00,data/resultados_reais.csv
43,2026-06-22T15:00:00+00:00,official_result,33,2026-06-20T23:30:00+00:00,data/resultados_reais.csv
43,2026-06-22T15:00:00+00:00,official_result,34,2026-06-21T03:30:00+00:00,data/resultados_reais.csv
43,2026-06-22T15:00:00+00:00,official_result,36,2026-06-21T07:30:00+00:00,data/resultados_reais.csv
43,2026-06-22T15:00:00+00:00,official_result,38,2026-06-21T19:30:00+00:00,data/resultados_reais.csv
43,2026-06-22T15:00:00+00:00,official_result,39,2026-06-21T22:30:00+00:00,data/resultados_reais.csv
43,2026-06-22T15:00:00+00:00,official_result,37,2026-06-22T01:30:00+00:00,data/resultados_reais.csv
43,2026-06-22T15:00:00+00:00,official_result,40,2026-06-22T04:30:00+00:00,data/resultados_reais.csv
42,2026-06-22T19:00:00+00:00,team_profile,França,2026-06-11T03:59:59+00:00,data/pre_worldcup_state/teams.csv
42,2026-06-22T19:00:00+00:00,team_profile,Iraque,2026-06-11T03:59:59+00:00,data/pre_worldcup_state/teams.csv
42,2026-06-22T19:00:00+00:00,fixture,42,2026-06-11T03:59:59+00:00,data/temporal/matches_timeline.csv
42,2026-06-22T19:00:00+00:00,official_result,1,2026-06-11T22:30:00+00:00,data/resultados_reais.csv
42,2026-06-22T19:00:00+00:00,official_result,2,2026-06-12T05:30:00+00:00,data/resultados_reais.csv
42,2026-06-22T19:00:00+00:00,official_result,3,2026-06-12T22:30:00+00:00,data/resultados_reais.csv
42,2026-06-22T19:00:00+00:00,official_result,4,2026-06-13T04:30:00+00:00,data/resultados_reais.csv
42,2026-06-22T19:00:00+00:00,official_result,8,2026-06-13T22:30:00+00:00,data/resultados_reais.csv
42,2026-06-22T19:00:00+00:00,official_result,7,2026-06-14T01:30:00+00:00,data/resultados_reais.csv
42,2026-06-22T19:00:00+00:00,official_result,5,2026-06-14T04:30:00+00:00,data/resultados_reais.csv
42,2026-06-22T19:00:00+00:00,official_result,6,2026-06-14T07:30:00+00:00,data/resultados_reais.csv
42,2026-06-22T19:00:00+00:00,official_result,10,2026-06-14T20:30:00+00:00,data/resultados_reais.csv
42,2026-06-22T19:00:00+00:00,official_result,11,2026-06-14T23:30:00+00:00,data/resultados_reais.csv
42,2026-06-22T19:00:00+00:00,official_result,9,2026-06-15T02:30:00+00:00,data/resultados_reais.csv
42,2026-06-22T19:00:00+00:00,official_result,12,2026-06-15T05:30:00+00:00,data/resultados_reais.csv
42,2026-06-22T19:00:00+00:00,official_result,14,2026-06-15T19:30:00+00:00,data/resultados_reais.csv
42,2026-06-22T19:00:00+00:00,official_result,16,2026-06-15T22:30:00+00:00,data/resultados_reais.csv
42,2026-06-22T19:00:00+00:00,official_result,13,2026-06-16T01:30:00+00:00,data/resultados_reais.csv
42,2026-06-22T19:00:00+00:00,official_result,15,2026-06-16T04:30:00+00:00,data/resultados_reais.csv
42,2026-06-22T19:00:00+00:00,official_result,17,2026-06-16T22:30:00+00:00,data/resultados_reais.csv
42,2026-06-22T19:00:00+00:00,official_result,18,2026-06-17T01:30:00+00:00,data/resultados_reais.csv
42,2026-06-22T19:00:00+00:00,official_result,19,2026-06-17T04:30:00+00:00,data/resultados_reais.csv
42,2026-06-22T19:00:00+00:00,official_result,20,2026-06-17T07:30:00+00:00,data/resultados_reais.csv
42,2026-06-22T19:00:00+00:00,official_result,23,2026-06-17T20:30:00+00:00,data/resultados_reais.csv
42,2026-06-22T19:00:00+00:00,official_result,22,2026-06-17T23:30:00+00:00,data/resultados_reais.csv
42,2026-06-22T19:00:00+00:00,official_result,21,2026-06-18T02:30:00+00:00,data/resultados_reais.csv
42,2026-06-22T19:00:00+00:00,official_result,24,2026-06-18T05:30:00+00:00,data/resultados_reais.csv
42,2026-06-22T19:00:00+00:00,official_result,25,2026-06-18T19:30:00+00:00,data/resultados_reais.csv
42,2026-06-22T19:00:00+00:00,official_result,26,2026-06-18T22:30:00+00:00,data/resultados_reais.csv
42,2026-06-22T19:00:00+00:00,official_result,27,2026-06-19T01:30:00+00:00,data/resultados_reais.csv
42,2026-06-22T19:00:00+00:00,official_result,28,2026-06-19T04:30:00+00:00,data/resultados_reais.csv
42,2026-06-22T19:00:00+00:00,official_result,32,2026-06-19T22:30:00+00:00,data/resultados_reais.csv
42,2026-06-22T19:00:00+00:00,official_result,30,2026-06-20T01:30:00+00:00,data/resultados_reais.csv
42,2026-06-22T19:00:00+00:00,official_result,29,2026-06-20T04:30:00+00:00,data/resultados_reais.csv
42,2026-06-22T19:00:00+00:00,official_result,31,2026-06-20T06:30:00+00:00,data/resultados_reais.csv
42,2026-06-22T19:00:00+00:00,official_result,35,2026-06-20T20:30:00+00:00,data/resultados_reais.csv
42,2026-06-22T19:00:00+00:00,official_result,33,2026-06-20T23:30:00+00:00,data/resultados_reais.csv
42,2026-06-22T19:00:00+00:00,official_result,34,2026-06-21T03:30:00+00:00,data/resultados_reais.csv
42,2026-06-22T19:00:00+00:00,official_result,36,2026-06-21T07:30:00+00:00,data/resultados_reais.csv
42,2026-06-22T19:00:00+00:00,official_result,38,2026-06-21T19:30:00+00:00,data/resultados_reais.csv
42,2026-06-22T19:00:00+00:00,official_result,39,2026-06-21T22:30:00+00:00,data/resultados_reais.csv
42,2026-06-22T19:00:00+00:00,official_result,37,2026-06-22T01:30:00+00:00,data/resultados_reais.csv
42,2026-06-22T19:00:00+00:00,official_result,40,2026-06-22T04:30:00+00:00,data/resultados_reais.csv
41,2026-06-22T22:00:00+00:00,team_profile,Noruega,2026-06-11T03:59:59+00:00,data/pre_worldcup_state/teams.csv
41,2026-06-22T22:00:00+00:00,team_profile,Senegal,2026-06-11T03:59:59+00:00,data/pre_worldcup_state/teams.csv
41,2026-06-22T22:00:00+00:00,fixture,41,2026-06-11T03:59:59+00:00,data/temporal/matches_timeline.csv
41,2026-06-22T22:00:00+00:00,official_result,1,2026-06-11T22:30:00+00:00,data/resultados_reais.csv
41,2026-06-22T22:00:00+00:00,official_result,2,2026-06-12T05:30:00+00:00,data/resultados_reais.csv
41,2026-06-22T22:00:00+00:00,official_result,3,2026-06-12T22:30:00+00:00,data/resultados_reais.csv
41,2026-06-22T22:00:00+00:00,official_result,4,2026-06-13T04:30:00+00:00,data/resultados_reais.csv
41,2026-06-22T22:00:00+00:00,official_result,8,2026-06-13T22:30:00+00:00,data/resultados_reais.csv
41,2026-06-22T22:00:00+00:00,official_result,7,2026-06-14T01:30:00+00:00,data/resultados_reais.csv
41,2026-06-22T22:00:00+00:00,official_result,5,2026-06-14T04:30:00+00:00,data/resultados_reais.csv
41,2026-06-22T22:00:00+00:00,official_result,6,2026-06-14T07:30:00+00:00,data/resultados_reais.csv
41,2026-06-22T22:00:00+00:00,official_result,10,2026-06-14T20:30:00+00:00,data/resultados_reais.csv
41,2026-06-22T22:00:00+00:00,official_result,11,2026-06-14T23:30:00+00:00,data/resultados_reais.csv
41,2026-06-22T22:00:00+00:00,official_result,9,2026-06-15T02:30:00+00:00,data/resultados_reais.csv
41,2026-06-22T22:00:00+00:00,official_result,12,2026-06-15T05:30:00+00:00,data/resultados_reais.csv
41,2026-06-22T22:00:00+00:00,official_result,14,2026-06-15T19:30:00+00:00,data/resultados_reais.csv
41,2026-06-22T22:00:00+00:00,official_result,16,2026-06-15T22:30:00+00:00,data/resultados_reais.csv
41,2026-06-22T22:00:00+00:00,official_result,13,2026-06-16T01:30:00+00:00,data/resultados_reais.csv
41,2026-06-22T22:00:00+00:00,official_result,15,2026-06-16T04:30:00+00:00,data/resultados_reais.csv
41,2026-06-22T22:00:00+00:00,official_result,17,2026-06-16T22:30:00+00:00,data/resultados_reais.csv
41,2026-06-22T22:00:00+00:00,official_result,18,2026-06-17T01:30:00+00:00,data/resultados_reais.csv
41,2026-06-22T22:00:00+00:00,official_result,19,2026-06-17T04:30:00+00:00,data/resultados_reais.csv
41,2026-06-22T22:00:00+00:00,official_result,20,2026-06-17T07:30:00+00:00,data/resultados_reais.csv
41,2026-06-22T22:00:00+00:00,official_result,23,2026-06-17T20:30:00+00:00,data/resultados_reais.csv
41,2026-06-22T22:00:00+00:00,official_result,22,2026-06-17T23:30:00+00:00,data/resultados_reais.csv
41,2026-06-22T22:00:00+00:00,official_result,21,2026-06-18T02:30:00+00:00,data/resultados_reais.csv
41,2026-06-22T22:00:00+00:00,official_result,24,2026-06-18T05:30:00+00:00,data/resultados_reais.csv
41,2026-06-22T22:00:00+00:00,official_result,25,2026-06-18T19:30:00+00:00,data/resultados_reais.csv
41,2026-06-22T22:00:00+00:00,official_result,26,2026-06-18T22:30:00+00:00,data/resultados_reais.csv
41,2026-06-22T22:00:00+00:00,official_result,27,2026-06-19T01:30:00+00:00,data/resultados_reais.csv
41,2026-06-22T22:00:00+00:00,official_result,28,2026-06-19T04:30:00+00:00,data/resultados_reais.csv
41,2026-06-22T22:00:00+00:00,official_result,32,2026-06-19T22:30:00+00:00,data/resultados_reais.csv
41,2026-06-22T22:00:00+00:00,official_result,30,2026-06-20T01:30:00+00:00,data/resultados_reais.csv
41,2026-06-22T22:00:00+00:00,official_result,29,2026-06-20T04:30:00+00:00,data/resultados_reais.csv
41,2026-06-22T22:00:00+00:00,official_result,31,2026-06-20T06:30:00+00:00,data/resultados_reais.csv
41,2026-06-22T22:00:00+00:00,official_result,35,2026-06-20T20:30:00+00:00,data/resultados_reais.csv
41,2026-06-22T22:00:00+00:00,official_result,33,2026-06-20T23:30:00+00:00,data/resultados_reais.csv
41,2026-06-22T22:00:00+00:00,official_result,34,2026-06-21T03:30:00+00:00,data/resultados_reais.csv
41,2026-06-22T22:00:00+00:00,official_result,36,2026-06-21T07:30:00+00:00,data/resultados_reais.csv
41,2026-06-22T22:00:00+00:00,official_result,38,2026-06-21T19:30:00+00:00,data/resultados_reais.csv
41,2026-06-22T22:00:00+00:00,official_result,39,2026-06-21T22:30:00+00:00,data/resultados_reais.csv
41,2026-06-22T22:00:00+00:00,official_result,37,2026-06-22T01:30:00+00:00,data/resultados_reais.csv
41,2026-06-22T22:00:00+00:00,official_result,40,2026-06-22T04:30:00+00:00,data/resultados_reais.csv
41,2026-06-22T22:00:00+00:00,official_result,43,2026-06-22T20:30:00+00:00,data/resultados_reais.csv
44,2026-06-23T01:00:00+00:00,team_profile,Jordânia,2026-06-11T03:59:59+00:00,data/pre_worldcup_state/teams.csv
44,2026-06-23T01:00:00+00:00,team_profile,Argélia,2026-06-11T03:59:59+00:00,data/pre_worldcup_state/teams.csv
44,2026-06-23T01:00:00+00:00,fixture,44,2026-06-11T03:59:59+00:00,data/temporal/matches_timeline.csv
44,2026-06-23T01:00:00+00:00,official_result,1,2026-06-11T22:30:00+00:00,data/resultados_reais.csv
44,2026-06-23T01:00:00+00:00,official_result,2,2026-06-12T05:30:00+00:00,data/resultados_reais.csv
44,2026-06-23T01:00:00+00:00,official_result,3,2026-06-12T22:30:00+00:00,data/resultados_reais.csv
44,2026-06-23T01:00:00+00:00,official_result,4,2026-06-13T04:30:00+00:00,data/resultados_reais.csv
44,2026-06-23T01:00:00+00:00,official_result,8,2026-06-13T22:30:00+00:00,data/resultados_reais.csv
44,2026-06-23T01:00:00+00:00,official_result,7,2026-06-14T01:30:00+00:00,data/resultados_reais.csv
44,2026-06-23T01:00:00+00:00,official_result,5,2026-06-14T04:30:00+00:00,data/resultados_reais.csv
44,2026-06-23T01:00:00+00:00,official_result,6,2026-06-14T07:30:00+00:00,data/resultados_reais.csv
44,2026-06-23T01:00:00+00:00,official_result,10,2026-06-14T20:30:00+00:00,data/resultados_reais.csv
44,2026-06-23T01:00:00+00:00,official_result,11,2026-06-14T23:30:00+00:00,data/resultados_reais.csv
44,2026-06-23T01:00:00+00:00,official_result,9,2026-06-15T02:30:00+00:00,data/resultados_reais.csv
44,2026-06-23T01:00:00+00:00,official_result,12,2026-06-15T05:30:00+00:00,data/resultados_reais.csv
44,2026-06-23T01:00:00+00:00,official_result,14,2026-06-15T19:30:00+00:00,data/resultados_reais.csv
44,2026-06-23T01:00:00+00:00,official_result,16,2026-06-15T22:30:00+00:00,data/resultados_reais.csv
44,2026-06-23T01:00:00+00:00,official_result,13,2026-06-16T01:30:00+00:00,data/resultados_reais.csv
44,2026-06-23T01:00:00+00:00,official_result,15,2026-06-16T04:30:00+00:00,data/resultados_reais.csv
44,2026-06-23T01:00:00+00:00,official_result,17,2026-06-16T22:30:00+00:00,data/resultados_reais.csv
44,2026-06-23T01:00:00+00:00,official_result,18,2026-06-17T01:30:00+00:00,data/resultados_reais.csv
44,2026-06-23T01:00:00+00:00,official_result,19,2026-06-17T04:30:00+00:00,data/resultados_reais.csv
44,2026-06-23T01:00:00+00:00,official_result,20,2026-06-17T07:30:00+00:00,data/resultados_reais.csv
44,2026-06-23T01:00:00+00:00,official_result,23,2026-06-17T20:30:00+00:00,data/resultados_reais.csv
44,2026-06-23T01:00:00+00:00,official_result,22,2026-06-17T23:30:00+00:00,data/resultados_reais.csv
44,2026-06-23T01:00:00+00:00,official_result,21,2026-06-18T02:30:00+00:00,data/resultados_reais.csv
44,2026-06-23T01:00:00+00:00,official_result,24,2026-06-18T05:30:00+00:00,data/resultados_reais.csv
44,2026-06-23T01:00:00+00:00,official_result,25,2026-06-18T19:30:00+00:00,data/resultados_reais.csv
44,2026-06-23T01:00:00+00:00,official_result,26,2026-06-18T22:30:00+00:00,data/resultados_reais.csv
44,2026-06-23T01:00:00+00:00,official_result,27,2026-06-19T01:30:00+00:00,data/resultados_reais.csv
44,2026-06-23T01:00:00+00:00,official_result,28,2026-06-19T04:30:00+00:00,data/resultados_reais.csv
44,2026-06-23T01:00:00+00:00,official_result,32,2026-06-19T22:30:00+00:00,data/resultados_reais.csv
44,2026-06-23T01:00:00+00:00,official_result,30,2026-06-20T01:30:00+00:00,data/resultados_reais.csv
44,2026-06-23T01:00:00+00:00,official_result,29,2026-06-20T04:30:00+00:00,data/resultados_reais.csv
44,2026-06-23T01:00:00+00:00,official_result,31,2026-06-20T06:30:00+00:00,data/resultados_reais.csv
44,2026-06-23T01:00:00+00:00,official_result,35,2026-06-20T20:30:00+00:00,data/resultados_reais.csv
44,2026-06-23T01:00:00+00:00,official_result,33,2026-06-20T23:30:00+00:00,data/resultados_reais.csv
44,2026-06-23T01:00:00+00:00,official_result,34,2026-06-21T03:30:00+00:00,data/resultados_reais.csv
44,2026-06-23T01:00:00+00:00,official_result,36,2026-06-21T07:30:00+00:00,data/resultados_reais.csv
44,2026-06-23T01:00:00+00:00,official_result,38,2026-06-21T19:30:00+00:00,data/resultados_reais.csv
44,2026-06-23T01:00:00+00:00,official_result,39,2026-06-21T22:30:00+00:00,data/resultados_reais.csv
44,2026-06-23T01:00:00+00:00,official_result,37,2026-06-22T01:30:00+00:00,data/resultados_reais.csv
44,2026-06-23T01:00:00+00:00,official_result,40,2026-06-22T04:30:00+00:00,data/resultados_reais.csv
44,2026-06-23T01:00:00+00:00,official_result,43,2026-06-22T20:30:00+00:00,data/resultados_reais.csv
44,2026-06-23T01:00:00+00:00,official_result,42,2026-06-23T00:30:00+00:00,data/resultados_reais.csv
47,2026-06-23T15:00:00+00:00,team_profile,Portugal,2026-06-11T03:59:59+00:00,data/pre_worldcup_state/teams.csv
47,2026-06-23T15:00:00+00:00,team_profile,Uzbequistão,2026-06-11T03:59:59+00:00,data/pre_worldcup_state/teams.csv
47,2026-06-23T15:00:00+00:00,fixture,47,2026-06-11T03:59:59+00:00,data/temporal/matches_timeline.csv
47,2026-06-23T15:00:00+00:00,official_result,1,2026-06-11T22:30:00+00:00,data/resultados_reais.csv
47,2026-06-23T15:00:00+00:00,official_result,2,2026-06-12T05:30:00+00:00,data/resultados_reais.csv
47,2026-06-23T15:00:00+00:00,official_result,3,2026-06-12T22:30:00+00:00,data/resultados_reais.csv
47,2026-06-23T15:00:00+00:00,official_result,4,2026-06-13T04:30:00+00:00,data/resultados_reais.csv
47,2026-06-23T15:00:00+00:00,official_result,8,2026-06-13T22:30:00+00:00,data/resultados_reais.csv
47,2026-06-23T15:00:00+00:00,official_result,7,2026-06-14T01:30:00+00:00,data/resultados_reais.csv
47,2026-06-23T15:00:00+00:00,official_result,5,2026-06-14T04:30:00+00:00,data/resultados_reais.csv
47,2026-06-23T15:00:00+00:00,official_result,6,2026-06-14T07:30:00+00:00,data/resultados_reais.csv
47,2026-06-23T15:00:00+00:00,official_result,10,2026-06-14T20:30:00+00:00,data/resultados_reais.csv
47,2026-06-23T15:00:00+00:00,official_result,11,2026-06-14T23:30:00+00:00,data/resultados_reais.csv
47,2026-06-23T15:00:00+00:00,official_result,9,2026-06-15T02:30:00+00:00,data/resultados_reais.csv
47,2026-06-23T15:00:00+00:00,official_result,12,2026-06-15T05:30:00+00:00,data/resultados_reais.csv
47,2026-06-23T15:00:00+00:00,official_result,14,2026-06-15T19:30:00+00:00,data/resultados_reais.csv
47,2026-06-23T15:00:00+00:00,official_result,16,2026-06-15T22:30:00+00:00,data/resultados_reais.csv
47,2026-06-23T15:00:00+00:00,official_result,13,2026-06-16T01:30:00+00:00,data/resultados_reais.csv
47,2026-06-23T15:00:00+00:00,official_result,15,2026-06-16T04:30:00+00:00,data/resultados_reais.csv
47,2026-06-23T15:00:00+00:00,official_result,17,2026-06-16T22:30:00+00:00,data/resultados_reais.csv
47,2026-06-23T15:00:00+00:00,official_result,18,2026-06-17T01:30:00+00:00,data/resultados_reais.csv
47,2026-06-23T15:00:00+00:00,official_result,19,2026-06-17T04:30:00+00:00,data/resultados_reais.csv
47,2026-06-23T15:00:00+00:00,official_result,20,2026-06-17T07:30:00+00:00,data/resultados_reais.csv
47,2026-06-23T15:00:00+00:00,official_result,23,2026-06-17T20:30:00+00:00,data/resultados_reais.csv
47,2026-06-23T15:00:00+00:00,official_result,22,2026-06-17T23:30:00+00:00,data/resultados_reais.csv
47,2026-06-23T15:00:00+00:00,official_result,21,2026-06-18T02:30:00+00:00,data/resultados_reais.csv
47,2026-06-23T15:00:00+00:00,official_result,24,2026-06-18T05:30:00+00:00,data/resultados_reais.csv
47,2026-06-23T15:00:00+00:00,official_result,25,2026-06-18T19:30:00+00:00,data/resultados_reais.csv
47,2026-06-23T15:00:00+00:00,official_result,26,2026-06-18T22:30:00+00:00,data/resultados_reais.csv
47,2026-06-23T15:00:00+00:00,official_result,27,2026-06-19T01:30:00+00:00,data/resultados_reais.csv
47,2026-06-23T15:00:00+00:00,official_result,28,2026-06-19T04:30:00+00:00,data/resultados_reais.csv
47,2026-06-23T15:00:00+00:00,official_result,32,2026-06-19T22:30:00+00:00,data/resultados_reais.csv
47,2026-06-23T15:00:00+00:00,official_result,30,2026-06-20T01:30:00+00:00,data/resultados_reais.csv
47,2026-06-23T15:00:00+00:00,official_result,29,2026-06-20T04:30:00+00:00,data/resultados_reais.csv
47,2026-06-23T15:00:00+00:00,official_result,31,2026-06-20T06:30:00+00:00,data/resultados_reais.csv
47,2026-06-23T15:00:00+00:00,official_result,35,2026-06-20T20:30:00+00:00,data/resultados_reais.csv
47,2026-06-23T15:00:00+00:00,official_result,33,2026-06-20T23:30:00+00:00,data/resultados_reais.csv
47,2026-06-23T15:00:00+00:00,official_result,34,2026-06-21T03:30:00+00:00,data/resultados_reais.csv
47,2026-06-23T15:00:00+00:00,official_result,36,2026-06-21T07:30:00+00:00,data/resultados_reais.csv
47,2026-06-23T15:00:00+00:00,official_result,38,2026-06-21T19:30:00+00:00,data/resultados_reais.csv
47,2026-06-23T15:00:00+00:00,official_result,39,2026-06-21T22:30:00+00:00,data/resultados_reais.csv
47,2026-06-23T15:00:00+00:00,official_result,37,2026-06-22T01:30:00+00:00,data/resultados_reais.csv
47,2026-06-23T15:00:00+00:00,official_result,40,2026-06-22T04:30:00+00:00,data/resultados_reais.csv
47,2026-06-23T15:00:00+00:00,official_result,43,2026-06-22T20:30:00+00:00,data/resultados_reais.csv
47,2026-06-23T15:00:00+00:00,official_result,42,2026-06-23T00:30:00+00:00,data/resultados_reais.csv
47,2026-06-23T15:00:00+00:00,official_result,41,2026-06-23T03:30:00+00:00,data/resultados_reais.csv
47,2026-06-23T15:00:00+00:00,official_result,44,2026-06-23T06:30:00+00:00,data/resultados_reais.csv
45,2026-06-23T18:00:00+00:00,team_profile,Inglaterra,2026-06-11T03:59:59+00:00,data/pre_worldcup_state/teams.csv
45,2026-06-23T18:00:00+00:00,team_profile,Gana,2026-06-11T03:59:59+00:00,data/pre_worldcup_state/teams.csv
45,2026-06-23T18:00:00+00:00,fixture,45,2026-06-11T03:59:59+00:00,data/temporal/matches_timeline.csv
45,2026-06-23T18:00:00+00:00,official_result,1,2026-06-11T22:30:00+00:00,data/resultados_reais.csv
45,2026-06-23T18:00:00+00:00,official_result,2,2026-06-12T05:30:00+00:00,data/resultados_reais.csv
45,2026-06-23T18:00:00+00:00,official_result,3,2026-06-12T22:30:00+00:00,data/resultados_reais.csv
45,2026-06-23T18:00:00+00:00,official_result,4,2026-06-13T04:30:00+00:00,data/resultados_reais.csv
45,2026-06-23T18:00:00+00:00,official_result,8,2026-06-13T22:30:00+00:00,data/resultados_reais.csv
45,2026-06-23T18:00:00+00:00,official_result,7,2026-06-14T01:30:00+00:00,data/resultados_reais.csv
45,2026-06-23T18:00:00+00:00,official_result,5,2026-06-14T04:30:00+00:00,data/resultados_reais.csv
45,2026-06-23T18:00:00+00:00,official_result,6,2026-06-14T07:30:00+00:00,data/resultados_reais.csv
45,2026-06-23T18:00:00+00:00,official_result,10,2026-06-14T20:30:00+00:00,data/resultados_reais.csv
45,2026-06-23T18:00:00+00:00,official_result,11,2026-06-14T23:30:00+00:00,data/resultados_reais.csv
45,2026-06-23T18:00:00+00:00,official_result,9,2026-06-15T02:30:00+00:00,data/resultados_reais.csv
45,2026-06-23T18:00:00+00:00,official_result,12,2026-06-15T05:30:00+00:00,data/resultados_reais.csv
45,2026-06-23T18:00:00+00:00,official_result,14,2026-06-15T19:30:00+00:00,data/resultados_reais.csv
45,2026-06-23T18:00:00+00:00,official_result,16,2026-06-15T22:30:00+00:00,data/resultados_reais.csv
45,2026-06-23T18:00:00+00:00,official_result,13,2026-06-16T01:30:00+00:00,data/resultados_reais.csv
45,2026-06-23T18:00:00+00:00,official_result,15,2026-06-16T04:30:00+00:00,data/resultados_reais.csv
45,2026-06-23T18:00:00+00:00,official_result,17,2026-06-16T22:30:00+00:00,data/resultados_reais.csv
45,2026-06-23T18:00:00+00:00,official_result,18,2026-06-17T01:30:00+00:00,data/resultados_reais.csv
45,2026-06-23T18:00:00+00:00,official_result,19,2026-06-17T04:30:00+00:00,data/resultados_reais.csv
45,2026-06-23T18:00:00+00:00,official_result,20,2026-06-17T07:30:00+00:00,data/resultados_reais.csv
45,2026-06-23T18:00:00+00:00,official_result,23,2026-06-17T20:30:00+00:00,data/resultados_reais.csv
45,2026-06-23T18:00:00+00:00,official_result,22,2026-06-17T23:30:00+00:00,data/resultados_reais.csv
45,2026-06-23T18:00:00+00:00,official_result,21,2026-06-18T02:30:00+00:00,data/resultados_reais.csv
45,2026-06-23T18:00:00+00:00,official_result,24,2026-06-18T05:30:00+00:00,data/resultados_reais.csv
45,2026-06-23T18:00:00+00:00,official_result,25,2026-06-18T19:30:00+00:00,data/resultados_reais.csv
45,2026-06-23T18:00:00+00:00,official_result,26,2026-06-18T22:30:00+00:00,data/resultados_reais.csv
45,2026-06-23T18:00:00+00:00,official_result,27,2026-06-19T01:30:00+00:00,data/resultados_reais.csv
45,2026-06-23T18:00:00+00:00,official_result,28,2026-06-19T04:30:00+00:00,data/resultados_reais.csv
45,2026-06-23T18:00:00+00:00,official_result,32,2026-06-19T22:30:00+00:00,data/resultados_reais.csv
45,2026-06-23T18:00:00+00:00,official_result,30,2026-06-20T01:30:00+00:00,data/resultados_reais.csv
45,2026-06-23T18:00:00+00:00,official_result,29,2026-06-20T04:30:00+00:00,data/resultados_reais.csv
45,2026-06-23T18:00:00+00:00,official_result,31,2026-06-20T06:30:00+00:00,data/resultados_reais.csv
45,2026-06-23T18:00:00+00:00,official_result,35,2026-06-20T20:30:00+00:00,data/resultados_reais.csv
45,2026-06-23T18:00:00+00:00,official_result,33,2026-06-20T23:30:00+00:00,data/resultados_reais.csv
45,2026-06-23T18:00:00+00:00,official_result,34,2026-06-21T03:30:00+00:00,data/resultados_reais.csv
45,2026-06-23T18:00:00+00:00,official_result,36,2026-06-21T07:30:00+00:00,data/resultados_reais.csv
45,2026-06-23T18:00:00+00:00,official_result,38,2026-06-21T19:30:00+00:00,data/resultados_reais.csv
45,2026-06-23T18:00:00+00:00,official_result,39,2026-06-21T22:30:00+00:00,data/resultados_reais.csv
45,2026-06-23T18:00:00+00:00,official_result,37,2026-06-22T01:30:00+00:00,data/resultados_reais.csv
45,2026-06-23T18:00:00+00:00,official_result,40,2026-06-22T04:30:00+00:00,data/resultados_reais.csv
45,2026-06-23T18:00:00+00:00,official_result,43,2026-06-22T20:30:00+00:00,data/resultados_reais.csv
45,2026-06-23T18:00:00+00:00,official_result,42,2026-06-23T00:30:00+00:00,data/resultados_reais.csv
45,2026-06-23T18:00:00+00:00,official_result,41,2026-06-23T03:30:00+00:00,data/resultados_reais.csv
45,2026-06-23T18:00:00+00:00,official_result,44,2026-06-23T06:30:00+00:00,data/resultados_reais.csv
46,2026-06-23T21:00:00+00:00,team_profile,Panamá,2026-06-11T03:59:59+00:00,data/pre_worldcup_state/teams.csv
46,2026-06-23T21:00:00+00:00,team_profile,Croácia,2026-06-11T03:59:59+00:00,data/pre_worldcup_state/teams.csv
46,2026-06-23T21:00:00+00:00,fixture,46,2026-06-11T03:59:59+00:00,data/temporal/matches_timeline.csv
46,2026-06-23T21:00:00+00:00,official_result,1,2026-06-11T22:30:00+00:00,data/resultados_reais.csv
46,2026-06-23T21:00:00+00:00,official_result,2,2026-06-12T05:30:00+00:00,data/resultados_reais.csv
46,2026-06-23T21:00:00+00:00,official_result,3,2026-06-12T22:30:00+00:00,data/resultados_reais.csv
46,2026-06-23T21:00:00+00:00,official_result,4,2026-06-13T04:30:00+00:00,data/resultados_reais.csv
46,2026-06-23T21:00:00+00:00,official_result,8,2026-06-13T22:30:00+00:00,data/resultados_reais.csv
46,2026-06-23T21:00:00+00:00,official_result,7,2026-06-14T01:30:00+00:00,data/resultados_reais.csv
46,2026-06-23T21:00:00+00:00,official_result,5,2026-06-14T04:30:00+00:00,data/resultados_reais.csv
46,2026-06-23T21:00:00+00:00,official_result,6,2026-06-14T07:30:00+00:00,data/resultados_reais.csv
46,2026-06-23T21:00:00+00:00,official_result,10,2026-06-14T20:30:00+00:00,data/resultados_reais.csv
46,2026-06-23T21:00:00+00:00,official_result,11,2026-06-14T23:30:00+00:00,data/resultados_reais.csv
46,2026-06-23T21:00:00+00:00,official_result,9,2026-06-15T02:30:00+00:00,data/resultados_reais.csv
46,2026-06-23T21:00:00+00:00,official_result,12,2026-06-15T05:30:00+00:00,data/resultados_reais.csv
46,2026-06-23T21:00:00+00:00,official_result,14,2026-06-15T19:30:00+00:00,data/resultados_reais.csv
46,2026-06-23T21:00:00+00:00,official_result,16,2026-06-15T22:30:00+00:00,data/resultados_reais.csv
46,2026-06-23T21:00:00+00:00,official_result,13,2026-06-16T01:30:00+00:00,data/resultados_reais.csv
46,2026-06-23T21:00:00+00:00,official_result,15,2026-06-16T04:30:00+00:00,data/resultados_reais.csv
46,2026-06-23T21:00:00+00:00,official_result,17,2026-06-16T22:30:00+00:00,data/resultados_reais.csv
46,2026-06-23T21:00:00+00:00,official_result,18,2026-06-17T01:30:00+00:00,data/resultados_reais.csv
46,2026-06-23T21:00:00+00:00,official_result,19,2026-06-17T04:30:00+00:00,data/resultados_reais.csv
46,2026-06-23T21:00:00+00:00,official_result,20,2026-06-17T07:30:00+00:00,data/resultados_reais.csv
46,2026-06-23T21:00:00+00:00,official_result,23,2026-06-17T20:30:00+00:00,data/resultados_reais.csv
46,2026-06-23T21:00:00+00:00,official_result,22,2026-06-17T23:30:00+00:00,data/resultados_reais.csv
46,2026-06-23T21:00:00+00:00,official_result,21,2026-06-18T02:30:00+00:00,data/resultados_reais.csv
46,2026-06-23T21:00:00+00:00,official_result,24,2026-06-18T05:30:00+00:00,data/resultados_reais.csv
46,2026-06-23T21:00:00+00:00,official_result,25,2026-06-18T19:30:00+00:00,data/resultados_reais.csv
46,2026-06-23T21:00:00+00:00,official_result,26,2026-06-18T22:30:00+00:00,data/resultados_reais.csv
46,2026-06-23T21:00:00+00:00,official_result,27,2026-06-19T01:30:00+00:00,data/resultados_reais.csv
46,2026-06-23T21:00:00+00:00,official_result,28,2026-06-19T04:30:00+00:00,data/resultados_reais.csv
46,2026-06-23T21:00:00+00:00,official_result,32,2026-06-19T22:30:00+00:00,data/resultados_reais.csv
46,2026-06-23T21:00:00+00:00,official_result,30,2026-06-20T01:30:00+00:00,data/resultados_reais.csv
46,2026-06-23T21:00:00+00:00,official_result,29,2026-06-20T04:30:00+00:00,data/resultados_reais.csv
46,2026-06-23T21:00:00+00:00,official_result,31,2026-06-20T06:30:00+00:00,data/resultados_reais.csv
46,2026-06-23T21:00:00+00:00,official_result,35,2026-06-20T20:30:00+00:00,data/resultados_reais.csv
46,2026-06-23T21:00:00+00:00,official_result,33,2026-06-20T23:30:00+00:00,data/resultados_reais.csv
46,2026-06-23T21:00:00+00:00,official_result,34,2026-06-21T03:30:00+00:00,data/resultados_reais.csv
46,2026-06-23T21:00:00+00:00,official_result,36,2026-06-21T07:30:00+00:00,data/resultados_reais.csv
46,2026-06-23T21:00:00+00:00,official_result,38,2026-06-21T19:30:00+00:00,data/resultados_reais.csv
46,2026-06-23T21:00:00+00:00,official_result,39,2026-06-21T22:30:00+00:00,data/resultados_reais.csv
46,2026-06-23T21:00:00+00:00,official_result,37,2026-06-22T01:30:00+00:00,data/resultados_reais.csv
46,2026-06-23T21:00:00+00:00,official_result,40,2026-06-22T04:30:00+00:00,data/resultados_reais.csv
46,2026-06-23T21:00:00+00:00,official_result,43,2026-06-22T20:30:00+00:00,data/resultados_reais.csv
46,2026-06-23T21:00:00+00:00,official_result,42,2026-06-23T00:30:00+00:00,data/resultados_reais.csv
46,2026-06-23T21:00:00+00:00,official_result,41,2026-06-23T03:30:00+00:00,data/resultados_reais.csv
46,2026-06-23T21:00:00+00:00,official_result,44,2026-06-23T06:30:00+00:00,data/resultados_reais.csv
46,2026-06-23T21:00:00+00:00,official_result,47,2026-06-23T20:30:00+00:00,data/resultados_reais.csv
48,2026-06-24T00:00:00+00:00,team_profile,Colômbia,2026-06-11T03:59:59+00:00,data/pre_worldcup_state/teams.csv
48,2026-06-24T00:00:00+00:00,team_profile,RD Congo,2026-06-11T03:59:59+00:00,data/pre_worldcup_state/teams.csv
48,2026-06-24T00:00:00+00:00,fixture,48,2026-06-11T03:59:59+00:00,data/temporal/matches_timeline.csv
48,2026-06-24T00:00:00+00:00,official_result,1,2026-06-11T22:30:00+00:00,data/resultados_reais.csv
48,2026-06-24T00:00:00+00:00,official_result,2,2026-06-12T05:30:00+00:00,data/resultados_reais.csv
48,2026-06-24T00:00:00+00:00,official_result,3,2026-06-12T22:30:00+00:00,data/resultados_reais.csv
48,2026-06-24T00:00:00+00:00,official_result,4,2026-06-13T04:30:00+00:00,data/resultados_reais.csv
48,2026-06-24T00:00:00+00:00,official_result,8,2026-06-13T22:30:00+00:00,data/resultados_reais.csv
48,2026-06-24T00:00:00+00:00,official_result,7,2026-06-14T01:30:00+00:00,data/resultados_reais.csv
48,2026-06-24T00:00:00+00:00,official_result,5,2026-06-14T04:30:00+00:00,data/resultados_reais.csv
48,2026-06-24T00:00:00+00:00,official_result,6,2026-06-14T07:30:00+00:00,data/resultados_reais.csv
48,2026-06-24T00:00:00+00:00,official_result,10,2026-06-14T20:30:00+00:00,data/resultados_reais.csv
48,2026-06-24T00:00:00+00:00,official_result,11,2026-06-14T23:30:00+00:00,data/resultados_reais.csv
48,2026-06-24T00:00:00+00:00,official_result,9,2026-06-15T02:30:00+00:00,data/resultados_reais.csv
48,2026-06-24T00:00:00+00:00,official_result,12,2026-06-15T05:30:00+00:00,data/resultados_reais.csv
48,2026-06-24T00:00:00+00:00,official_result,14,2026-06-15T19:30:00+00:00,data/resultados_reais.csv
48,2026-06-24T00:00:00+00:00,official_result,16,2026-06-15T22:30:00+00:00,data/resultados_reais.csv
48,2026-06-24T00:00:00+00:00,official_result,13,2026-06-16T01:30:00+00:00,data/resultados_reais.csv
48,2026-06-24T00:00:00+00:00,official_result,15,2026-06-16T04:30:00+00:00,data/resultados_reais.csv
48,2026-06-24T00:00:00+00:00,official_result,17,2026-06-16T22:30:00+00:00,data/resultados_reais.csv
48,2026-06-24T00:00:00+00:00,official_result,18,2026-06-17T01:30:00+00:00,data/resultados_reais.csv
48,2026-06-24T00:00:00+00:00,official_result,19,2026-06-17T04:30:00+00:00,data/resultados_reais.csv
48,2026-06-24T00:00:00+00:00,official_result,20,2026-06-17T07:30:00+00:00,data/resultados_reais.csv
48,2026-06-24T00:00:00+00:00,official_result,23,2026-06-17T20:30:00+00:00,data/resultados_reais.csv
48,2026-06-24T00:00:00+00:00,official_result,22,2026-06-17T23:30:00+00:00,data/resultados_reais.csv
48,2026-06-24T00:00:00+00:00,official_result,21,2026-06-18T02:30:00+00:00,data/resultados_reais.csv
48,2026-06-24T00:00:00+00:00,official_result,24,2026-06-18T05:30:00+00:00,data/resultados_reais.csv
48,2026-06-24T00:00:00+00:00,official_result,25,2026-06-18T19:30:00+00:00,data/resultados_reais.csv
48,2026-06-24T00:00:00+00:00,official_result,26,2026-06-18T22:30:00+00:00,data/resultados_reais.csv
48,2026-06-24T00:00:00+00:00,official_result,27,2026-06-19T01:30:00+00:00,data/resultados_reais.csv
48,2026-06-24T00:00:00+00:00,official_result,28,2026-06-19T04:30:00+00:00,data/resultados_reais.csv
48,2026-06-24T00:00:00+00:00,official_result,32,2026-06-19T22:30:00+00:00,data/resultados_reais.csv
48,2026-06-24T00:00:00+00:00,official_result,30,2026-06-20T01:30:00+00:00,data/resultados_reais.csv
48,2026-06-24T00:00:00+00:00,official_result,29,2026-06-20T04:30:00+00:00,data/resultados_reais.csv
48,2026-06-24T00:00:00+00:00,official_result,31,2026-06-20T06:30:00+00:00,data/resultados_reais.csv
48,2026-06-24T00:00:00+00:00,official_result,35,2026-06-20T20:30:00+00:00,data/resultados_reais.csv
48,2026-06-24T00:00:00+00:00,official_result,33,2026-06-20T23:30:00+00:00,data/resultados_reais.csv
48,2026-06-24T00:00:00+00:00,official_result,34,2026-06-21T03:30:00+00:00,data/resultados_reais.csv
48,2026-06-24T00:00:00+00:00,official_result,36,2026-06-21T07:30:00+00:00,data/resultados_reais.csv
48,2026-06-24T00:00:00+00:00,official_result,38,2026-06-21T19:30:00+00:00,data/resultados_reais.csv
48,2026-06-24T00:00:00+00:00,official_result,39,2026-06-21T22:30:00+00:00,data/resultados_reais.csv
48,2026-06-24T00:00:00+00:00,official_result,37,2026-06-22T01:30:00+00:00,data/resultados_reais.csv
48,2026-06-24T00:00:00+00:00,official_result,40,2026-06-22T04:30:00+00:00,data/resultados_reais.csv
48,2026-06-24T00:00:00+00:00,official_result,43,2026-06-22T20:30:00+00:00,data/resultados_reais.csv
48,2026-06-24T00:00:00+00:00,official_result,42,2026-06-23T00:30:00+00:00,data/resultados_reais.csv
48,2026-06-24T00:00:00+00:00,official_result,41,2026-06-23T03:30:00+00:00,data/resultados_reais.csv
48,2026-06-24T00:00:00+00:00,official_result,44,2026-06-23T06:30:00+00:00,data/resultados_reais.csv
48,2026-06-24T00:00:00+00:00,official_result,47,2026-06-23T20:30:00+00:00,data/resultados_reais.csv
48,2026-06-24T00:00:00+00:00,official_result,45,2026-06-23T23:30:00+00:00,data/resultados_reais.csv
51,2026-06-24T17:00:00+00:00,team_profile,Suíça,2026-06-11T03:59:59+00:00,data/pre_worldcup_state/teams.csv
51,2026-06-24T17:00:00+00:00,team_profile,Canadá,2026-06-11T03:59:59+00:00,data/pre_worldcup_state/teams.csv
51,2026-06-24T17:00:00+00:00,fixture,51,2026-06-11T03:59:59+00:00,data/temporal/matches_timeline.csv
51,2026-06-24T17:00:00+00:00,official_result,1,2026-06-11T22:30:00+00:00,data/resultados_reais.csv
51,2026-06-24T17:00:00+00:00,official_result,2,2026-06-12T05:30:00+00:00,data/resultados_reais.csv
51,2026-06-24T17:00:00+00:00,official_result,3,2026-06-12T22:30:00+00:00,data/resultados_reais.csv
51,2026-06-24T17:00:00+00:00,official_result,4,2026-06-13T04:30:00+00:00,data/resultados_reais.csv
51,2026-06-24T17:00:00+00:00,official_result,8,2026-06-13T22:30:00+00:00,data/resultados_reais.csv
51,2026-06-24T17:00:00+00:00,official_result,7,2026-06-14T01:30:00+00:00,data/resultados_reais.csv
51,2026-06-24T17:00:00+00:00,official_result,5,2026-06-14T04:30:00+00:00,data/resultados_reais.csv
51,2026-06-24T17:00:00+00:00,official_result,6,2026-06-14T07:30:00+00:00,data/resultados_reais.csv
51,2026-06-24T17:00:00+00:00,official_result,10,2026-06-14T20:30:00+00:00,data/resultados_reais.csv
51,2026-06-24T17:00:00+00:00,official_result,11,2026-06-14T23:30:00+00:00,data/resultados_reais.csv
51,2026-06-24T17:00:00+00:00,official_result,9,2026-06-15T02:30:00+00:00,data/resultados_reais.csv
51,2026-06-24T17:00:00+00:00,official_result,12,2026-06-15T05:30:00+00:00,data/resultados_reais.csv
51,2026-06-24T17:00:00+00:00,official_result,14,2026-06-15T19:30:00+00:00,data/resultados_reais.csv
51,2026-06-24T17:00:00+00:00,official_result,16,2026-06-15T22:30:00+00:00,data/resultados_reais.csv
51,2026-06-24T17:00:00+00:00,official_result,13,2026-06-16T01:30:00+00:00,data/resultados_reais.csv
51,2026-06-24T17:00:00+00:00,official_result,15,2026-06-16T04:30:00+00:00,data/resultados_reais.csv
51,2026-06-24T17:00:00+00:00,official_result,17,2026-06-16T22:30:00+00:00,data/resultados_reais.csv
51,2026-06-24T17:00:00+00:00,official_result,18,2026-06-17T01:30:00+00:00,data/resultados_reais.csv
51,2026-06-24T17:00:00+00:00,official_result,19,2026-06-17T04:30:00+00:00,data/resultados_reais.csv
51,2026-06-24T17:00:00+00:00,official_result,20,2026-06-17T07:30:00+00:00,data/resultados_reais.csv
51,2026-06-24T17:00:00+00:00,official_result,23,2026-06-17T20:30:00+00:00,data/resultados_reais.csv
51,2026-06-24T17:00:00+00:00,official_result,22,2026-06-17T23:30:00+00:00,data/resultados_reais.csv
51,2026-06-24T17:00:00+00:00,official_result,21,2026-06-18T02:30:00+00:00,data/resultados_reais.csv
51,2026-06-24T17:00:00+00:00,official_result,24,2026-06-18T05:30:00+00:00,data/resultados_reais.csv
51,2026-06-24T17:00:00+00:00,official_result,25,2026-06-18T19:30:00+00:00,data/resultados_reais.csv
51,2026-06-24T17:00:00+00:00,official_result,26,2026-06-18T22:30:00+00:00,data/resultados_reais.csv
51,2026-06-24T17:00:00+00:00,official_result,27,2026-06-19T01:30:00+00:00,data/resultados_reais.csv
51,2026-06-24T17:00:00+00:00,official_result,28,2026-06-19T04:30:00+00:00,data/resultados_reais.csv
51,2026-06-24T17:00:00+00:00,official_result,32,2026-06-19T22:30:00+00:00,data/resultados_reais.csv
51,2026-06-24T17:00:00+00:00,official_result,30,2026-06-20T01:30:00+00:00,data/resultados_reais.csv
51,2026-06-24T17:00:00+00:00,official_result,29,2026-06-20T04:30:00+00:00,data/resultados_reais.csv
51,2026-06-24T17:00:00+00:00,official_result,31,2026-06-20T06:30:00+00:00,data/resultados_reais.csv
51,2026-06-24T17:00:00+00:00,official_result,35,2026-06-20T20:30:00+00:00,data/resultados_reais.csv
51,2026-06-24T17:00:00+00:00,official_result,33,2026-06-20T23:30:00+00:00,data/resultados_reais.csv
51,2026-06-24T17:00:00+00:00,official_result,34,2026-06-21T03:30:00+00:00,data/resultados_reais.csv
51,2026-06-24T17:00:00+00:00,official_result,36,2026-06-21T07:30:00+00:00,data/resultados_reais.csv
51,2026-06-24T17:00:00+00:00,official_result,38,2026-06-21T19:30:00+00:00,data/resultados_reais.csv
51,2026-06-24T17:00:00+00:00,official_result,39,2026-06-21T22:30:00+00:00,data/resultados_reais.csv
51,2026-06-24T17:00:00+00:00,official_result,37,2026-06-22T01:30:00+00:00,data/resultados_reais.csv
51,2026-06-24T17:00:00+00:00,official_result,40,2026-06-22T04:30:00+00:00,data/resultados_reais.csv
51,2026-06-24T17:00:00+00:00,official_result,43,2026-06-22T20:30:00+00:00,data/resultados_reais.csv
51,2026-06-24T17:00:00+00:00,official_result,42,2026-06-23T00:30:00+00:00,data/resultados_reais.csv
51,2026-06-24T17:00:00+00:00,official_result,41,2026-06-23T03:30:00+00:00,data/resultados_reais.csv
51,2026-06-24T17:00:00+00:00,official_result,44,2026-06-23T06:30:00+00:00,data/resultados_reais.csv
51,2026-06-24T17:00:00+00:00,official_result,47,2026-06-23T20:30:00+00:00,data/resultados_reais.csv
51,2026-06-24T17:00:00+00:00,official_result,45,2026-06-23T23:30:00+00:00,data/resultados_reais.csv
51,2026-06-24T17:00:00+00:00,official_result,46,2026-06-24T02:30:00+00:00,data/resultados_reais.csv
51,2026-06-24T17:00:00+00:00,official_result,48,2026-06-24T05:30:00+00:00,data/resultados_reais.csv
52,2026-06-24T17:00:00+00:00,team_profile,Bósnia e Herzegovina,2026-06-11T03:59:59+00:00,data/pre_worldcup_state/teams.csv
52,2026-06-24T17:00:00+00:00,team_profile,Catar,2026-06-11T03:59:59+00:00,data/pre_worldcup_state/teams.csv
52,2026-06-24T17:00:00+00:00,fixture,52,2026-06-11T03:59:59+00:00,data/temporal/matches_timeline.csv
52,2026-06-24T17:00:00+00:00,official_result,1,2026-06-11T22:30:00+00:00,data/resultados_reais.csv
52,2026-06-24T17:00:00+00:00,official_result,2,2026-06-12T05:30:00+00:00,data/resultados_reais.csv
52,2026-06-24T17:00:00+00:00,official_result,3,2026-06-12T22:30:00+00:00,data/resultados_reais.csv
52,2026-06-24T17:00:00+00:00,official_result,4,2026-06-13T04:30:00+00:00,data/resultados_reais.csv
52,2026-06-24T17:00:00+00:00,official_result,8,2026-06-13T22:30:00+00:00,data/resultados_reais.csv
52,2026-06-24T17:00:00+00:00,official_result,7,2026-06-14T01:30:00+00:00,data/resultados_reais.csv
52,2026-06-24T17:00:00+00:00,official_result,5,2026-06-14T04:30:00+00:00,data/resultados_reais.csv
52,2026-06-24T17:00:00+00:00,official_result,6,2026-06-14T07:30:00+00:00,data/resultados_reais.csv
52,2026-06-24T17:00:00+00:00,official_result,10,2026-06-14T20:30:00+00:00,data/resultados_reais.csv
52,2026-06-24T17:00:00+00:00,official_result,11,2026-06-14T23:30:00+00:00,data/resultados_reais.csv
52,2026-06-24T17:00:00+00:00,official_result,9,2026-06-15T02:30:00+00:00,data/resultados_reais.csv
52,2026-06-24T17:00:00+00:00,official_result,12,2026-06-15T05:30:00+00:00,data/resultados_reais.csv
52,2026-06-24T17:00:00+00:00,official_result,14,2026-06-15T19:30:00+00:00,data/resultados_reais.csv
52,2026-06-24T17:00:00+00:00,official_result,16,2026-06-15T22:30:00+00:00,data/resultados_reais.csv
52,2026-06-24T17:00:00+00:00,official_result,13,2026-06-16T01:30:00+00:00,data/resultados_reais.csv
52,2026-06-24T17:00:00+00:00,official_result,15,2026-06-16T04:30:00+00:00,data/resultados_reais.csv
52,2026-06-24T17:00:00+00:00,official_result,17,2026-06-16T22:30:00+00:00,data/resultados_reais.csv
52,2026-06-24T17:00:00+00:00,official_result,18,2026-06-17T01:30:00+00:00,data/resultados_reais.csv
52,2026-06-24T17:00:00+00:00,official_result,19,2026-06-17T04:30:00+00:00,data/resultados_reais.csv
52,2026-06-24T17:00:00+00:00,official_result,20,2026-06-17T07:30:00+00:00,data/resultados_reais.csv
52,2026-06-24T17:00:00+00:00,official_result,23,2026-06-17T20:30:00+00:00,data/resultados_reais.csv
52,2026-06-24T17:00:00+00:00,official_result,22,2026-06-17T23:30:00+00:00,data/resultados_reais.csv
52,2026-06-24T17:00:00+00:00,official_result,21,2026-06-18T02:30:00+00:00,data/resultados_reais.csv
52,2026-06-24T17:00:00+00:00,official_result,24,2026-06-18T05:30:00+00:00,data/resultados_reais.csv
52,2026-06-24T17:00:00+00:00,official_result,25,2026-06-18T19:30:00+00:00,data/resultados_reais.csv
52,2026-06-24T17:00:00+00:00,official_result,26,2026-06-18T22:30:00+00:00,data/resultados_reais.csv
52,2026-06-24T17:00:00+00:00,official_result,27,2026-06-19T01:30:00+00:00,data/resultados_reais.csv
52,2026-06-24T17:00:00+00:00,official_result,28,2026-06-19T04:30:00+00:00,data/resultados_reais.csv
52,2026-06-24T17:00:00+00:00,official_result,32,2026-06-19T22:30:00+00:00,data/resultados_reais.csv
52,2026-06-24T17:00:00+00:00,official_result,30,2026-06-20T01:30:00+00:00,data/resultados_reais.csv
52,2026-06-24T17:00:00+00:00,official_result,29,2026-06-20T04:30:00+00:00,data/resultados_reais.csv
52,2026-06-24T17:00:00+00:00,official_result,31,2026-06-20T06:30:00+00:00,data/resultados_reais.csv
52,2026-06-24T17:00:00+00:00,official_result,35,2026-06-20T20:30:00+00:00,data/resultados_reais.csv
52,2026-06-24T17:00:00+00:00,official_result,33,2026-06-20T23:30:00+00:00,data/resultados_reais.csv
52,2026-06-24T17:00:00+00:00,official_result,34,2026-06-21T03:30:00+00:00,data/resultados_reais.csv
52,2026-06-24T17:00:00+00:00,official_result,36,2026-06-21T07:30:00+00:00,data/resultados_reais.csv
52,2026-06-24T17:00:00+00:00,official_result,38,2026-06-21T19:30:00+00:00,data/resultados_reais.csv
52,2026-06-24T17:00:00+00:00,official_result,39,2026-06-21T22:30:00+00:00,data/resultados_reais.csv
52,2026-06-24T17:00:00+00:00,official_result,37,2026-06-22T01:30:00+00:00,data/resultados_reais.csv
52,2026-06-24T17:00:00+00:00,official_result,40,2026-06-22T04:30:00+00:00,data/resultados_reais.csv
52,2026-06-24T17:00:00+00:00,official_result,43,2026-06-22T20:30:00+00:00,data/resultados_reais.csv
52,2026-06-24T17:00:00+00:00,official_result,42,2026-06-23T00:30:00+00:00,data/resultados_reais.csv
52,2026-06-24T17:00:00+00:00,official_result,41,2026-06-23T03:30:00+00:00,data/resultados_reais.csv
52,2026-06-24T17:00:00+00:00,official_result,44,2026-06-23T06:30:00+00:00,data/resultados_reais.csv
52,2026-06-24T17:00:00+00:00,official_result,47,2026-06-23T20:30:00+00:00,data/resultados_reais.csv
52,2026-06-24T17:00:00+00:00,official_result,45,2026-06-23T23:30:00+00:00,data/resultados_reais.csv
52,2026-06-24T17:00:00+00:00,official_result,46,2026-06-24T02:30:00+00:00,data/resultados_reais.csv
52,2026-06-24T17:00:00+00:00,official_result,48,2026-06-24T05:30:00+00:00,data/resultados_reais.csv
49,2026-06-24T20:00:00+00:00,team_profile,Escócia,2026-06-11T03:59:59+00:00,data/pre_worldcup_state/teams.csv
49,2026-06-24T20:00:00+00:00,team_profile,Brasil,2026-06-11T03:59:59+00:00,data/pre_worldcup_state/teams.csv
49,2026-06-24T20:00:00+00:00,fixture,49,2026-06-11T03:59:59+00:00,data/temporal/matches_timeline.csv
49,2026-06-24T20:00:00+00:00,official_result,1,2026-06-11T22:30:00+00:00,data/resultados_reais.csv
49,2026-06-24T20:00:00+00:00,official_result,2,2026-06-12T05:30:00+00:00,data/resultados_reais.csv
49,2026-06-24T20:00:00+00:00,official_result,3,2026-06-12T22:30:00+00:00,data/resultados_reais.csv
49,2026-06-24T20:00:00+00:00,official_result,4,2026-06-13T04:30:00+00:00,data/resultados_reais.csv
49,2026-06-24T20:00:00+00:00,official_result,8,2026-06-13T22:30:00+00:00,data/resultados_reais.csv
49,2026-06-24T20:00:00+00:00,official_result,7,2026-06-14T01:30:00+00:00,data/resultados_reais.csv
49,2026-06-24T20:00:00+00:00,official_result,5,2026-06-14T04:30:00+00:00,data/resultados_reais.csv
49,2026-06-24T20:00:00+00:00,official_result,6,2026-06-14T07:30:00+00:00,data/resultados_reais.csv
49,2026-06-24T20:00:00+00:00,official_result,10,2026-06-14T20:30:00+00:00,data/resultados_reais.csv
49,2026-06-24T20:00:00+00:00,official_result,11,2026-06-14T23:30:00+00:00,data/resultados_reais.csv
49,2026-06-24T20:00:00+00:00,official_result,9,2026-06-15T02:30:00+00:00,data/resultados_reais.csv
49,2026-06-24T20:00:00+00:00,official_result,12,2026-06-15T05:30:00+00:00,data/resultados_reais.csv
49,2026-06-24T20:00:00+00:00,official_result,14,2026-06-15T19:30:00+00:00,data/resultados_reais.csv
49,2026-06-24T20:00:00+00:00,official_result,16,2026-06-15T22:30:00+00:00,data/resultados_reais.csv
49,2026-06-24T20:00:00+00:00,official_result,13,2026-06-16T01:30:00+00:00,data/resultados_reais.csv
49,2026-06-24T20:00:00+00:00,official_result,15,2026-06-16T04:30:00+00:00,data/resultados_reais.csv
49,2026-06-24T20:00:00+00:00,official_result,17,2026-06-16T22:30:00+00:00,data/resultados_reais.csv
49,2026-06-24T20:00:00+00:00,official_result,18,2026-06-17T01:30:00+00:00,data/resultados_reais.csv
49,2026-06-24T20:00:00+00:00,official_result,19,2026-06-17T04:30:00+00:00,data/resultados_reais.csv
49,2026-06-24T20:00:00+00:00,official_result,20,2026-06-17T07:30:00+00:00,data/resultados_reais.csv
49,2026-06-24T20:00:00+00:00,official_result,23,2026-06-17T20:30:00+00:00,data/resultados_reais.csv
49,2026-06-24T20:00:00+00:00,official_result,22,2026-06-17T23:30:00+00:00,data/resultados_reais.csv
49,2026-06-24T20:00:00+00:00,official_result,21,2026-06-18T02:30:00+00:00,data/resultados_reais.csv
49,2026-06-24T20:00:00+00:00,official_result,24,2026-06-18T05:30:00+00:00,data/resultados_reais.csv
49,2026-06-24T20:00:00+00:00,official_result,25,2026-06-18T19:30:00+00:00,data/resultados_reais.csv
49,2026-06-24T20:00:00+00:00,official_result,26,2026-06-18T22:30:00+00:00,data/resultados_reais.csv
49,2026-06-24T20:00:00+00:00,official_result,27,2026-06-19T01:30:00+00:00,data/resultados_reais.csv
49,2026-06-24T20:00:00+00:00,official_result,28,2026-06-19T04:30:00+00:00,data/resultados_reais.csv
49,2026-06-24T20:00:00+00:00,official_result,32,2026-06-19T22:30:00+00:00,data/resultados_reais.csv
49,2026-06-24T20:00:00+00:00,official_result,30,2026-06-20T01:30:00+00:00,data/resultados_reais.csv
49,2026-06-24T20:00:00+00:00,official_result,29,2026-06-20T04:30:00+00:00,data/resultados_reais.csv
49,2026-06-24T20:00:00+00:00,official_result,31,2026-06-20T06:30:00+00:00,data/resultados_reais.csv
49,2026-06-24T20:00:00+00:00,official_result,35,2026-06-20T20:30:00+00:00,data/resultados_reais.csv
49,2026-06-24T20:00:00+00:00,official_result,33,2026-06-20T23:30:00+00:00,data/resultados_reais.csv
49,2026-06-24T20:00:00+00:00,official_result,34,2026-06-21T03:30:00+00:00,data/resultados_reais.csv
49,2026-06-24T20:00:00+00:00,official_result,36,2026-06-21T07:30:00+00:00,data/resultados_reais.csv
49,2026-06-24T20:00:00+00:00,official_result,38,2026-06-21T19:30:00+00:00,data/resultados_reais.csv
49,2026-06-24T20:00:00+00:00,official_result,39,2026-06-21T22:30:00+00:00,data/resultados_reais.csv
49,2026-06-24T20:00:00+00:00,official_result,37,2026-06-22T01:30:00+00:00,data/resultados_reais.csv
49,2026-06-24T20:00:00+00:00,official_result,40,2026-06-22T04:30:00+00:00,data/resultados_reais.csv
49,2026-06-24T20:00:00+00:00,official_result,43,2026-06-22T20:30:00+00:00,data/resultados_reais.csv
49,2026-06-24T20:00:00+00:00,official_result,42,2026-06-23T00:30:00+00:00,data/resultados_reais.csv
49,2026-06-24T20:00:00+00:00,official_result,41,2026-06-23T03:30:00+00:00,data/resultados_reais.csv
49,2026-06-24T20:00:00+00:00,official_result,44,2026-06-23T06:30:00+00:00,data/resultados_reais.csv
49,2026-06-24T20:00:00+00:00,official_result,47,2026-06-23T20:30:00+00:00,data/resultados_reais.csv
49,2026-06-24T20:00:00+00:00,official_result,45,2026-06-23T23:30:00+00:00,data/resultados_reais.csv
49,2026-06-24T20:00:00+00:00,official_result,46,2026-06-24T02:30:00+00:00,data/resultados_reais.csv
49,2026-06-24T20:00:00+00:00,official_result,48,2026-06-24T05:30:00+00:00,data/resultados_reais.csv
50,2026-06-24T20:00:00+00:00,team_profile,Marrocos,2026-06-11T03:59:59+00:00,data/pre_worldcup_state/teams.csv
50,2026-06-24T20:00:00+00:00,team_profile,Haiti,2026-06-11T03:59:59+00:00,data/pre_worldcup_state/teams.csv
50,2026-06-24T20:00:00+00:00,fixture,50,2026-06-11T03:59:59+00:00,data/temporal/matches_timeline.csv
50,2026-06-24T20:00:00+00:00,official_result,1,2026-06-11T22:30:00+00:00,data/resultados_reais.csv
50,2026-06-24T20:00:00+00:00,official_result,2,2026-06-12T05:30:00+00:00,data/resultados_reais.csv
50,2026-06-24T20:00:00+00:00,official_result,3,2026-06-12T22:30:00+00:00,data/resultados_reais.csv
50,2026-06-24T20:00:00+00:00,official_result,4,2026-06-13T04:30:00+00:00,data/resultados_reais.csv
50,2026-06-24T20:00:00+00:00,official_result,8,2026-06-13T22:30:00+00:00,data/resultados_reais.csv
50,2026-06-24T20:00:00+00:00,official_result,7,2026-06-14T01:30:00+00:00,data/resultados_reais.csv
50,2026-06-24T20:00:00+00:00,official_result,5,2026-06-14T04:30:00+00:00,data/resultados_reais.csv
50,2026-06-24T20:00:00+00:00,official_result,6,2026-06-14T07:30:00+00:00,data/resultados_reais.csv
50,2026-06-24T20:00:00+00:00,official_result,10,2026-06-14T20:30:00+00:00,data/resultados_reais.csv
50,2026-06-24T20:00:00+00:00,official_result,11,2026-06-14T23:30:00+00:00,data/resultados_reais.csv
50,2026-06-24T20:00:00+00:00,official_result,9,2026-06-15T02:30:00+00:00,data/resultados_reais.csv
50,2026-06-24T20:00:00+00:00,official_result,12,2026-06-15T05:30:00+00:00,data/resultados_reais.csv
50,2026-06-24T20:00:00+00:00,official_result,14,2026-06-15T19:30:00+00:00,data/resultados_reais.csv
50,2026-06-24T20:00:00+00:00,official_result,16,2026-06-15T22:30:00+00:00,data/resultados_reais.csv
50,2026-06-24T20:00:00+00:00,official_result,13,2026-06-16T01:30:00+00:00,data/resultados_reais.csv
50,2026-06-24T20:00:00+00:00,official_result,15,2026-06-16T04:30:00+00:00,data/resultados_reais.csv
50,2026-06-24T20:00:00+00:00,official_result,17,2026-06-16T22:30:00+00:00,data/resultados_reais.csv
50,2026-06-24T20:00:00+00:00,official_result,18,2026-06-17T01:30:00+00:00,data/resultados_reais.csv
50,2026-06-24T20:00:00+00:00,official_result,19,2026-06-17T04:30:00+00:00,data/resultados_reais.csv
50,2026-06-24T20:00:00+00:00,official_result,20,2026-06-17T07:30:00+00:00,data/resultados_reais.csv
50,2026-06-24T20:00:00+00:00,official_result,23,2026-06-17T20:30:00+00:00,data/resultados_reais.csv
50,2026-06-24T20:00:00+00:00,official_result,22,2026-06-17T23:30:00+00:00,data/resultados_reais.csv
50,2026-06-24T20:00:00+00:00,official_result,21,2026-06-18T02:30:00+00:00,data/resultados_reais.csv
50,2026-06-24T20:00:00+00:00,official_result,24,2026-06-18T05:30:00+00:00,data/resultados_reais.csv
50,2026-06-24T20:00:00+00:00,official_result,25,2026-06-18T19:30:00+00:00,data/resultados_reais.csv
50,2026-06-24T20:00:00+00:00,official_result,26,2026-06-18T22:30:00+00:00,data/resultados_reais.csv
50,2026-06-24T20:00:00+00:00,official_result,27,2026-06-19T01:30:00+00:00,data/resultados_reais.csv
50,2026-06-24T20:00:00+00:00,official_result,28,2026-06-19T04:30:00+00:00,data/resultados_reais.csv
50,2026-06-24T20:00:00+00:00,official_result,32,2026-06-19T22:30:00+00:00,data/resultados_reais.csv
50,2026-06-24T20:00:00+00:00,official_result,30,2026-06-20T01:30:00+00:00,data/resultados_reais.csv
50,2026-06-24T20:00:00+00:00,official_result,29,2026-06-20T04:30:00+00:00,data/resultados_reais.csv
50,2026-06-24T20:00:00+00:00,official_result,31,2026-06-20T06:30:00+00:00,data/resultados_reais.csv
50,2026-06-24T20:00:00+00:00,official_result,35,2026-06-20T20:30:00+00:00,data/resultados_reais.csv
50,2026-06-24T20:00:00+00:00,official_result,33,2026-06-20T23:30:00+00:00,data/resultados_reais.csv
50,2026-06-24T20:00:00+00:00,official_result,34,2026-06-21T03:30:00+00:00,data/resultados_reais.csv
50,2026-06-24T20:00:00+00:00,official_result,36,2026-06-21T07:30:00+00:00,data/resultados_reais.csv
50,2026-06-24T20:00:00+00:00,official_result,38,2026-06-21T19:30:00+00:00,data/resultados_reais.csv
50,2026-06-24T20:00:00+00:00,official_result,39,2026-06-21T22:30:00+00:00,data/resultados_reais.csv
50,2026-06-24T20:00:00+00:00,official_result,37,2026-06-22T01:30:00+00:00,data/resultados_reais.csv
50,2026-06-24T20:00:00+00:00,official_result,40,2026-06-22T04:30:00+00:00,data/resultados_reais.csv
50,2026-06-24T20:00:00+00:00,official_result,43,2026-06-22T20:30:00+00:00,data/resultados_reais.csv
50,2026-06-24T20:00:00+00:00,official_result,42,2026-06-23T00:30:00+00:00,data/resultados_reais.csv
50,2026-06-24T20:00:00+00:00,official_result,41,2026-06-23T03:30:00+00:00,data/resultados_reais.csv
50,2026-06-24T20:00:00+00:00,official_result,44,2026-06-23T06:30:00+00:00,data/resultados_reais.csv
50,2026-06-24T20:00:00+00:00,official_result,47,2026-06-23T20:30:00+00:00,data/resultados_reais.csv
50,2026-06-24T20:00:00+00:00,official_result,45,2026-06-23T23:30:00+00:00,data/resultados_reais.csv
50,2026-06-24T20:00:00+00:00,official_result,46,2026-06-24T02:30:00+00:00,data/resultados_reais.csv
50,2026-06-24T20:00:00+00:00,official_result,48,2026-06-24T05:30:00+00:00,data/resultados_reais.csv
53,2026-06-24T23:00:00+00:00,team_profile,Tchéquia,2026-06-11T03:59:59+00:00,data/pre_worldcup_state/teams.csv
53,2026-06-24T23:00:00+00:00,team_profile,México,2026-06-11T03:59:59+00:00,data/pre_worldcup_state/teams.csv
53,2026-06-24T23:00:00+00:00,fixture,53,2026-06-11T03:59:59+00:00,data/temporal/matches_timeline.csv
53,2026-06-24T23:00:00+00:00,official_result,1,2026-06-11T22:30:00+00:00,data/resultados_reais.csv
53,2026-06-24T23:00:00+00:00,official_result,2,2026-06-12T05:30:00+00:00,data/resultados_reais.csv
53,2026-06-24T23:00:00+00:00,official_result,3,2026-06-12T22:30:00+00:00,data/resultados_reais.csv
53,2026-06-24T23:00:00+00:00,official_result,4,2026-06-13T04:30:00+00:00,data/resultados_reais.csv
53,2026-06-24T23:00:00+00:00,official_result,8,2026-06-13T22:30:00+00:00,data/resultados_reais.csv
53,2026-06-24T23:00:00+00:00,official_result,7,2026-06-14T01:30:00+00:00,data/resultados_reais.csv
53,2026-06-24T23:00:00+00:00,official_result,5,2026-06-14T04:30:00+00:00,data/resultados_reais.csv
53,2026-06-24T23:00:00+00:00,official_result,6,2026-06-14T07:30:00+00:00,data/resultados_reais.csv
53,2026-06-24T23:00:00+00:00,official_result,10,2026-06-14T20:30:00+00:00,data/resultados_reais.csv
53,2026-06-24T23:00:00+00:00,official_result,11,2026-06-14T23:30:00+00:00,data/resultados_reais.csv
53,2026-06-24T23:00:00+00:00,official_result,9,2026-06-15T02:30:00+00:00,data/resultados_reais.csv
53,2026-06-24T23:00:00+00:00,official_result,12,2026-06-15T05:30:00+00:00,data/resultados_reais.csv
53,2026-06-24T23:00:00+00:00,official_result,14,2026-06-15T19:30:00+00:00,data/resultados_reais.csv
53,2026-06-24T23:00:00+00:00,official_result,16,2026-06-15T22:30:00+00:00,data/resultados_reais.csv
53,2026-06-24T23:00:00+00:00,official_result,13,2026-06-16T01:30:00+00:00,data/resultados_reais.csv
53,2026-06-24T23:00:00+00:00,official_result,15,2026-06-16T04:30:00+00:00,data/resultados_reais.csv
53,2026-06-24T23:00:00+00:00,official_result,17,2026-06-16T22:30:00+00:00,data/resultados_reais.csv
53,2026-06-24T23:00:00+00:00,official_result,18,2026-06-17T01:30:00+00:00,data/resultados_reais.csv
53,2026-06-24T23:00:00+00:00,official_result,19,2026-06-17T04:30:00+00:00,data/resultados_reais.csv
53,2026-06-24T23:00:00+00:00,official_result,20,2026-06-17T07:30:00+00:00,data/resultados_reais.csv
53,2026-06-24T23:00:00+00:00,official_result,23,2026-06-17T20:30:00+00:00,data/resultados_reais.csv
53,2026-06-24T23:00:00+00:00,official_result,22,2026-06-17T23:30:00+00:00,data/resultados_reais.csv
53,2026-06-24T23:00:00+00:00,official_result,21,2026-06-18T02:30:00+00:00,data/resultados_reais.csv
53,2026-06-24T23:00:00+00:00,official_result,24,2026-06-18T05:30:00+00:00,data/resultados_reais.csv
53,2026-06-24T23:00:00+00:00,official_result,25,2026-06-18T19:30:00+00:00,data/resultados_reais.csv
53,2026-06-24T23:00:00+00:00,official_result,26,2026-06-18T22:30:00+00:00,data/resultados_reais.csv
53,2026-06-24T23:00:00+00:00,official_result,27,2026-06-19T01:30:00+00:00,data/resultados_reais.csv
53,2026-06-24T23:00:00+00:00,official_result,28,2026-06-19T04:30:00+00:00,data/resultados_reais.csv
53,2026-06-24T23:00:00+00:00,official_result,32,2026-06-19T22:30:00+00:00,data/resultados_reais.csv
53,2026-06-24T23:00:00+00:00,official_result,30,2026-06-20T01:30:00+00:00,data/resultados_reais.csv
53,2026-06-24T23:00:00+00:00,official_result,29,2026-06-20T04:30:00+00:00,data/resultados_reais.csv
53,2026-06-24T23:00:00+00:00,official_result,31,2026-06-20T06:30:00+00:00,data/resultados_reais.csv
53,2026-06-24T23:00:00+00:00,official_result,35,2026-06-20T20:30:00+00:00,data/resultados_reais.csv
53,2026-06-24T23:00:00+00:00,official_result,33,2026-06-20T23:30:00+00:00,data/resultados_reais.csv
53,2026-06-24T23:00:00+00:00,official_result,34,2026-06-21T03:30:00+00:00,data/resultados_reais.csv
53,2026-06-24T23:00:00+00:00,official_result,36,2026-06-21T07:30:00+00:00,data/resultados_reais.csv
53,2026-06-24T23:00:00+00:00,official_result,38,2026-06-21T19:30:00+00:00,data/resultados_reais.csv
53,2026-06-24T23:00:00+00:00,official_result,39,2026-06-21T22:30:00+00:00,data/resultados_reais.csv
53,2026-06-24T23:00:00+00:00,official_result,37,2026-06-22T01:30:00+00:00,data/resultados_reais.csv
53,2026-06-24T23:00:00+00:00,official_result,40,2026-06-22T04:30:00+00:00,data/resultados_reais.csv
53,2026-06-24T23:00:00+00:00,official_result,43,2026-06-22T20:30:00+00:00,data/resultados_reais.csv
53,2026-06-24T23:00:00+00:00,official_result,42,2026-06-23T00:30:00+00:00,data/resultados_reais.csv
53,2026-06-24T23:00:00+00:00,official_result,41,2026-06-23T03:30:00+00:00,data/resultados_reais.csv
53,2026-06-24T23:00:00+00:00,official_result,44,2026-06-23T06:30:00+00:00,data/resultados_reais.csv
53,2026-06-24T23:00:00+00:00,official_result,47,2026-06-23T20:30:00+00:00,data/resultados_reais.csv
53,2026-06-24T23:00:00+00:00,official_result,45,2026-06-23T23:30:00+00:00,data/resultados_reais.csv
53,2026-06-24T23:00:00+00:00,official_result,46,2026-06-24T02:30:00+00:00,data/resultados_reais.csv
53,2026-06-24T23:00:00+00:00,official_result,48,2026-06-24T05:30:00+00:00,data/resultados_reais.csv
53,2026-06-24T23:00:00+00:00,official_result,51,2026-06-24T22:30:00+00:00,data/resultados_reais.csv
53,2026-06-24T23:00:00+00:00,official_result,52,2026-06-24T22:30:00+00:00,data/resultados_reais.csv
54,2026-06-24T23:00:00+00:00,team_profile,África do Sul,2026-06-11T03:59:59+00:00,data/pre_worldcup_state/teams.csv
54,2026-06-24T23:00:00+00:00,team_profile,Coreia do Sul,2026-06-11T03:59:59+00:00,data/pre_worldcup_state/teams.csv
54,2026-06-24T23:00:00+00:00,fixture,54,2026-06-11T03:59:59+00:00,data/temporal/matches_timeline.csv
54,2026-06-24T23:00:00+00:00,official_result,1,2026-06-11T22:30:00+00:00,data/resultados_reais.csv
54,2026-06-24T23:00:00+00:00,official_result,2,2026-06-12T05:30:00+00:00,data/resultados_reais.csv
54,2026-06-24T23:00:00+00:00,official_result,3,2026-06-12T22:30:00+00:00,data/resultados_reais.csv
54,2026-06-24T23:00:00+00:00,official_result,4,2026-06-13T04:30:00+00:00,data/resultados_reais.csv
54,2026-06-24T23:00:00+00:00,official_result,8,2026-06-13T22:30:00+00:00,data/resultados_reais.csv
54,2026-06-24T23:00:00+00:00,official_result,7,2026-06-14T01:30:00+00:00,data/resultados_reais.csv
54,2026-06-24T23:00:00+00:00,official_result,5,2026-06-14T04:30:00+00:00,data/resultados_reais.csv
54,2026-06-24T23:00:00+00:00,official_result,6,2026-06-14T07:30:00+00:00,data/resultados_reais.csv
54,2026-06-24T23:00:00+00:00,official_result,10,2026-06-14T20:30:00+00:00,data/resultados_reais.csv
54,2026-06-24T23:00:00+00:00,official_result,11,2026-06-14T23:30:00+00:00,data/resultados_reais.csv
54,2026-06-24T23:00:00+00:00,official_result,9,2026-06-15T02:30:00+00:00,data/resultados_reais.csv
54,2026-06-24T23:00:00+00:00,official_result,12,2026-06-15T05:30:00+00:00,data/resultados_reais.csv
54,2026-06-24T23:00:00+00:00,official_result,14,2026-06-15T19:30:00+00:00,data/resultados_reais.csv
54,2026-06-24T23:00:00+00:00,official_result,16,2026-06-15T22:30:00+00:00,data/resultados_reais.csv
54,2026-06-24T23:00:00+00:00,official_result,13,2026-06-16T01:30:00+00:00,data/resultados_reais.csv
54,2026-06-24T23:00:00+00:00,official_result,15,2026-06-16T04:30:00+00:00,data/resultados_reais.csv
54,2026-06-24T23:00:00+00:00,official_result,17,2026-06-16T22:30:00+00:00,data/resultados_reais.csv
54,2026-06-24T23:00:00+00:00,official_result,18,2026-06-17T01:30:00+00:00,data/resultados_reais.csv
54,2026-06-24T23:00:00+00:00,official_result,19,2026-06-17T04:30:00+00:00,data/resultados_reais.csv
54,2026-06-24T23:00:00+00:00,official_result,20,2026-06-17T07:30:00+00:00,data/resultados_reais.csv
54,2026-06-24T23:00:00+00:00,official_result,23,2026-06-17T20:30:00+00:00,data/resultados_reais.csv
54,2026-06-24T23:00:00+00:00,official_result,22,2026-06-17T23:30:00+00:00,data/resultados_reais.csv
54,2026-06-24T23:00:00+00:00,official_result,21,2026-06-18T02:30:00+00:00,data/resultados_reais.csv
54,2026-06-24T23:00:00+00:00,official_result,24,2026-06-18T05:30:00+00:00,data/resultados_reais.csv
54,2026-06-24T23:00:00+00:00,official_result,25,2026-06-18T19:30:00+00:00,data/resultados_reais.csv
54,2026-06-24T23:00:00+00:00,official_result,26,2026-06-18T22:30:00+00:00,data/resultados_reais.csv
54,2026-06-24T23:00:00+00:00,official_result,27,2026-06-19T01:30:00+00:00,data/resultados_reais.csv
54,2026-06-24T23:00:00+00:00,official_result,28,2026-06-19T04:30:00+00:00,data/resultados_reais.csv
54,2026-06-24T23:00:00+00:00,official_result,32,2026-06-19T22:30:00+00:00,data/resultados_reais.csv
54,2026-06-24T23:00:00+00:00,official_result,30,2026-06-20T01:30:00+00:00,data/resultados_reais.csv
54,2026-06-24T23:00:00+00:00,official_result,29,2026-06-20T04:30:00+00:00,data/resultados_reais.csv
54,2026-06-24T23:00:00+00:00,official_result,31,2026-06-20T06:30:00+00:00,data/resultados_reais.csv
54,2026-06-24T23:00:00+00:00,official_result,35,2026-06-20T20:30:00+00:00,data/resultados_reais.csv
54,2026-06-24T23:00:00+00:00,official_result,33,2026-06-20T23:30:00+00:00,data/resultados_reais.csv
54,2026-06-24T23:00:00+00:00,official_result,34,2026-06-21T03:30:00+00:00,data/resultados_reais.csv
54,2026-06-24T23:00:00+00:00,official_result,36,2026-06-21T07:30:00+00:00,data/resultados_reais.csv
54,2026-06-24T23:00:00+00:00,official_result,38,2026-06-21T19:30:00+00:00,data/resultados_reais.csv
54,2026-06-24T23:00:00+00:00,official_result,39,2026-06-21T22:30:00+00:00,data/resultados_reais.csv
54,2026-06-24T23:00:00+00:00,official_result,37,2026-06-22T01:30:00+00:00,data/resultados_reais.csv
54,2026-06-24T23:00:00+00:00,official_result,40,2026-06-22T04:30:00+00:00,data/resultados_reais.csv
54,2026-06-24T23:00:00+00:00,official_result,43,2026-06-22T20:30:00+00:00,data/resultados_reais.csv
54,2026-06-24T23:00:00+00:00,official_result,42,2026-06-23T00:30:00+00:00,data/resultados_reais.csv
54,2026-06-24T23:00:00+00:00,official_result,41,2026-06-23T03:30:00+00:00,data/resultados_reais.csv
54,2026-06-24T23:00:00+00:00,official_result,44,2026-06-23T06:30:00+00:00,data/resultados_reais.csv
54,2026-06-24T23:00:00+00:00,official_result,47,2026-06-23T20:30:00+00:00,data/resultados_reais.csv
54,2026-06-24T23:00:00+00:00,official_result,45,2026-06-23T23:30:00+00:00,data/resultados_reais.csv
54,2026-06-24T23:00:00+00:00,official_result,46,2026-06-24T02:30:00+00:00,data/resultados_reais.csv
54,2026-06-24T23:00:00+00:00,official_result,48,2026-06-24T05:30:00+00:00,data/resultados_reais.csv
54,2026-06-24T23:00:00+00:00,official_result,51,2026-06-24T22:30:00+00:00,data/resultados_reais.csv
54,2026-06-24T23:00:00+00:00,official_result,52,2026-06-24T22:30:00+00:00,data/resultados_reais.csv
55,2026-06-25T18:00:00+00:00,team_profile,Curaçao,2026-06-11T03:59:59+00:00,data/pre_worldcup_state/teams.csv
55,2026-06-25T18:00:00+00:00,team_profile,Costa do Marfim,2026-06-11T03:59:59+00:00,data/pre_worldcup_state/teams.csv
55,2026-06-25T18:00:00+00:00,fixture,55,2026-06-11T03:59:59+00:00,data/temporal/matches_timeline.csv
55,2026-06-25T18:00:00+00:00,official_result,1,2026-06-11T22:30:00+00:00,data/resultados_reais.csv
55,2026-06-25T18:00:00+00:00,official_result,2,2026-06-12T05:30:00+00:00,data/resultados_reais.csv
55,2026-06-25T18:00:00+00:00,official_result,3,2026-06-12T22:30:00+00:00,data/resultados_reais.csv
55,2026-06-25T18:00:00+00:00,official_result,4,2026-06-13T04:30:00+00:00,data/resultados_reais.csv
55,2026-06-25T18:00:00+00:00,official_result,8,2026-06-13T22:30:00+00:00,data/resultados_reais.csv
55,2026-06-25T18:00:00+00:00,official_result,7,2026-06-14T01:30:00+00:00,data/resultados_reais.csv
55,2026-06-25T18:00:00+00:00,official_result,5,2026-06-14T04:30:00+00:00,data/resultados_reais.csv
55,2026-06-25T18:00:00+00:00,official_result,6,2026-06-14T07:30:00+00:00,data/resultados_reais.csv
55,2026-06-25T18:00:00+00:00,official_result,10,2026-06-14T20:30:00+00:00,data/resultados_reais.csv
55,2026-06-25T18:00:00+00:00,official_result,11,2026-06-14T23:30:00+00:00,data/resultados_reais.csv
55,2026-06-25T18:00:00+00:00,official_result,9,2026-06-15T02:30:00+00:00,data/resultados_reais.csv
55,2026-06-25T18:00:00+00:00,official_result,12,2026-06-15T05:30:00+00:00,data/resultados_reais.csv
55,2026-06-25T18:00:00+00:00,official_result,14,2026-06-15T19:30:00+00:00,data/resultados_reais.csv
55,2026-06-25T18:00:00+00:00,official_result,16,2026-06-15T22:30:00+00:00,data/resultados_reais.csv
55,2026-06-25T18:00:00+00:00,official_result,13,2026-06-16T01:30:00+00:00,data/resultados_reais.csv
55,2026-06-25T18:00:00+00:00,official_result,15,2026-06-16T04:30:00+00:00,data/resultados_reais.csv
55,2026-06-25T18:00:00+00:00,official_result,17,2026-06-16T22:30:00+00:00,data/resultados_reais.csv
55,2026-06-25T18:00:00+00:00,official_result,18,2026-06-17T01:30:00+00:00,data/resultados_reais.csv
55,2026-06-25T18:00:00+00:00,official_result,19,2026-06-17T04:30:00+00:00,data/resultados_reais.csv
55,2026-06-25T18:00:00+00:00,official_result,20,2026-06-17T07:30:00+00:00,data/resultados_reais.csv
55,2026-06-25T18:00:00+00:00,official_result,23,2026-06-17T20:30:00+00:00,data/resultados_reais.csv
55,2026-06-25T18:00:00+00:00,official_result,22,2026-06-17T23:30:00+00:00,data/resultados_reais.csv
55,2026-06-25T18:00:00+00:00,official_result,21,2026-06-18T02:30:00+00:00,data/resultados_reais.csv
55,2026-06-25T18:00:00+00:00,official_result,24,2026-06-18T05:30:00+00:00,data/resultados_reais.csv
55,2026-06-25T18:00:00+00:00,official_result,25,2026-06-18T19:30:00+00:00,data/resultados_reais.csv
55,2026-06-25T18:00:00+00:00,official_result,26,2026-06-18T22:30:00+00:00,data/resultados_reais.csv
55,2026-06-25T18:00:00+00:00,official_result,27,2026-06-19T01:30:00+00:00,data/resultados_reais.csv
55,2026-06-25T18:00:00+00:00,official_result,28,2026-06-19T04:30:00+00:00,data/resultados_reais.csv
55,2026-06-25T18:00:00+00:00,official_result,32,2026-06-19T22:30:00+00:00,data/resultados_reais.csv
55,2026-06-25T18:00:00+00:00,official_result,30,2026-06-20T01:30:00+00:00,data/resultados_reais.csv
55,2026-06-25T18:00:00+00:00,official_result,29,2026-06-20T04:30:00+00:00,data/resultados_reais.csv
55,2026-06-25T18:00:00+00:00,official_result,31,2026-06-20T06:30:00+00:00,data/resultados_reais.csv
55,2026-06-25T18:00:00+00:00,official_result,35,2026-06-20T20:30:00+00:00,data/resultados_reais.csv
55,2026-06-25T18:00:00+00:00,official_result,33,2026-06-20T23:30:00+00:00,data/resultados_reais.csv
55,2026-06-25T18:00:00+00:00,official_result,34,2026-06-21T03:30:00+00:00,data/resultados_reais.csv
55,2026-06-25T18:00:00+00:00,official_result,36,2026-06-21T07:30:00+00:00,data/resultados_reais.csv
55,2026-06-25T18:00:00+00:00,official_result,38,2026-06-21T19:30:00+00:00,data/resultados_reais.csv
55,2026-06-25T18:00:00+00:00,official_result,39,2026-06-21T22:30:00+00:00,data/resultados_reais.csv
55,2026-06-25T18:00:00+00:00,official_result,37,2026-06-22T01:30:00+00:00,data/resultados_reais.csv
55,2026-06-25T18:00:00+00:00,official_result,40,2026-06-22T04:30:00+00:00,data/resultados_reais.csv
55,2026-06-25T18:00:00+00:00,official_result,43,2026-06-22T20:30:00+00:00,data/resultados_reais.csv
55,2026-06-25T18:00:00+00:00,official_result,42,2026-06-23T00:30:00+00:00,data/resultados_reais.csv
55,2026-06-25T18:00:00+00:00,official_result,41,2026-06-23T03:30:00+00:00,data/resultados_reais.csv
55,2026-06-25T18:00:00+00:00,official_result,44,2026-06-23T06:30:00+00:00,data/resultados_reais.csv
55,2026-06-25T18:00:00+00:00,official_result,47,2026-06-23T20:30:00+00:00,data/resultados_reais.csv
55,2026-06-25T18:00:00+00:00,official_result,45,2026-06-23T23:30:00+00:00,data/resultados_reais.csv
55,2026-06-25T18:00:00+00:00,official_result,46,2026-06-24T02:30:00+00:00,data/resultados_reais.csv
55,2026-06-25T18:00:00+00:00,official_result,48,2026-06-24T05:30:00+00:00,data/resultados_reais.csv
55,2026-06-25T18:00:00+00:00,official_result,51,2026-06-24T22:30:00+00:00,data/resultados_reais.csv
55,2026-06-25T18:00:00+00:00,official_result,52,2026-06-24T22:30:00+00:00,data/resultados_reais.csv
55,2026-06-25T18:00:00+00:00,official_result,49,2026-06-25T01:30:00+00:00,data/resultados_reais.csv
55,2026-06-25T18:00:00+00:00,official_result,50,2026-06-25T01:30:00+00:00,data/resultados_reais.csv
55,2026-06-25T18:00:00+00:00,official_result,53,2026-06-25T04:30:00+00:00,data/resultados_reais.csv
55,2026-06-25T18:00:00+00:00,official_result,54,2026-06-25T04:30:00+00:00,data/resultados_reais.csv
56,2026-06-25T18:00:00+00:00,team_profile,Equador,2026-06-11T03:59:59+00:00,data/pre_worldcup_state/teams.csv
56,2026-06-25T18:00:00+00:00,team_profile,Alemanha,2026-06-11T03:59:59+00:00,data/pre_worldcup_state/teams.csv
56,2026-06-25T18:00:00+00:00,fixture,56,2026-06-11T03:59:59+00:00,data/temporal/matches_timeline.csv
56,2026-06-25T18:00:00+00:00,official_result,1,2026-06-11T22:30:00+00:00,data/resultados_reais.csv
56,2026-06-25T18:00:00+00:00,official_result,2,2026-06-12T05:30:00+00:00,data/resultados_reais.csv
56,2026-06-25T18:00:00+00:00,official_result,3,2026-06-12T22:30:00+00:00,data/resultados_reais.csv
56,2026-06-25T18:00:00+00:00,official_result,4,2026-06-13T04:30:00+00:00,data/resultados_reais.csv
56,2026-06-25T18:00:00+00:00,official_result,8,2026-06-13T22:30:00+00:00,data/resultados_reais.csv
56,2026-06-25T18:00:00+00:00,official_result,7,2026-06-14T01:30:00+00:00,data/resultados_reais.csv
56,2026-06-25T18:00:00+00:00,official_result,5,2026-06-14T04:30:00+00:00,data/resultados_reais.csv
56,2026-06-25T18:00:00+00:00,official_result,6,2026-06-14T07:30:00+00:00,data/resultados_reais.csv
56,2026-06-25T18:00:00+00:00,official_result,10,2026-06-14T20:30:00+00:00,data/resultados_reais.csv
56,2026-06-25T18:00:00+00:00,official_result,11,2026-06-14T23:30:00+00:00,data/resultados_reais.csv
56,2026-06-25T18:00:00+00:00,official_result,9,2026-06-15T02:30:00+00:00,data/resultados_reais.csv
56,2026-06-25T18:00:00+00:00,official_result,12,2026-06-15T05:30:00+00:00,data/resultados_reais.csv
56,2026-06-25T18:00:00+00:00,official_result,14,2026-06-15T19:30:00+00:00,data/resultados_reais.csv
56,2026-06-25T18:00:00+00:00,official_result,16,2026-06-15T22:30:00+00:00,data/resultados_reais.csv
56,2026-06-25T18:00:00+00:00,official_result,13,2026-06-16T01:30:00+00:00,data/resultados_reais.csv
56,2026-06-25T18:00:00+00:00,official_result,15,2026-06-16T04:30:00+00:00,data/resultados_reais.csv
56,2026-06-25T18:00:00+00:00,official_result,17,2026-06-16T22:30:00+00:00,data/resultados_reais.csv
56,2026-06-25T18:00:00+00:00,official_result,18,2026-06-17T01:30:00+00:00,data/resultados_reais.csv
56,2026-06-25T18:00:00+00:00,official_result,19,2026-06-17T04:30:00+00:00,data/resultados_reais.csv
56,2026-06-25T18:00:00+00:00,official_result,20,2026-06-17T07:30:00+00:00,data/resultados_reais.csv
56,2026-06-25T18:00:00+00:00,official_result,23,2026-06-17T20:30:00+00:00,data/resultados_reais.csv
56,2026-06-25T18:00:00+00:00,official_result,22,2026-06-17T23:30:00+00:00,data/resultados_reais.csv
56,2026-06-25T18:00:00+00:00,official_result,21,2026-06-18T02:30:00+00:00,data/resultados_reais.csv
56,2026-06-25T18:00:00+00:00,official_result,24,2026-06-18T05:30:00+00:00,data/resultados_reais.csv
56,2026-06-25T18:00:00+00:00,official_result,25,2026-06-18T19:30:00+00:00,data/resultados_reais.csv
56,2026-06-25T18:00:00+00:00,official_result,26,2026-06-18T22:30:00+00:00,data/resultados_reais.csv
56,2026-06-25T18:00:00+00:00,official_result,27,2026-06-19T01:30:00+00:00,data/resultados_reais.csv
56,2026-06-25T18:00:00+00:00,official_result,28,2026-06-19T04:30:00+00:00,data/resultados_reais.csv
56,2026-06-25T18:00:00+00:00,official_result,32,2026-06-19T22:30:00+00:00,data/resultados_reais.csv
56,2026-06-25T18:00:00+00:00,official_result,30,2026-06-20T01:30:00+00:00,data/resultados_reais.csv
56,2026-06-25T18:00:00+00:00,official_result,29,2026-06-20T04:30:00+00:00,data/resultados_reais.csv
56,2026-06-25T18:00:00+00:00,official_result,31,2026-06-20T06:30:00+00:00,data/resultados_reais.csv
56,2026-06-25T18:00:00+00:00,official_result,35,2026-06-20T20:30:00+00:00,data/resultados_reais.csv
56,2026-06-25T18:00:00+00:00,official_result,33,2026-06-20T23:30:00+00:00,data/resultados_reais.csv
56,2026-06-25T18:00:00+00:00,official_result,34,2026-06-21T03:30:00+00:00,data/resultados_reais.csv
56,2026-06-25T18:00:00+00:00,official_result,36,2026-06-21T07:30:00+00:00,data/resultados_reais.csv
56,2026-06-25T18:00:00+00:00,official_result,38,2026-06-21T19:30:00+00:00,data/resultados_reais.csv
56,2026-06-25T18:00:00+00:00,official_result,39,2026-06-21T22:30:00+00:00,data/resultados_reais.csv
56,2026-06-25T18:00:00+00:00,official_result,37,2026-06-22T01:30:00+00:00,data/resultados_reais.csv
56,2026-06-25T18:00:00+00:00,official_result,40,2026-06-22T04:30:00+00:00,data/resultados_reais.csv
56,2026-06-25T18:00:00+00:00,official_result,43,2026-06-22T20:30:00+00:00,data/resultados_reais.csv
56,2026-06-25T18:00:00+00:00,official_result,42,2026-06-23T00:30:00+00:00,data/resultados_reais.csv
56,2026-06-25T18:00:00+00:00,official_result,41,2026-06-23T03:30:00+00:00,data/resultados_reais.csv
56,2026-06-25T18:00:00+00:00,official_result,44,2026-06-23T06:30:00+00:00,data/resultados_reais.csv
56,2026-06-25T18:00:00+00:00,official_result,47,2026-06-23T20:30:00+00:00,data/resultados_reais.csv
56,2026-06-25T18:00:00+00:00,official_result,45,2026-06-23T23:30:00+00:00,data/resultados_reais.csv
56,2026-06-25T18:00:00+00:00,official_result,46,2026-06-24T02:30:00+00:00,data/resultados_reais.csv
56,2026-06-25T18:00:00+00:00,official_result,48,2026-06-24T05:30:00+00:00,data/resultados_reais.csv
56,2026-06-25T18:00:00+00:00,official_result,51,2026-06-24T22:30:00+00:00,data/resultados_reais.csv
56,2026-06-25T18:00:00+00:00,official_result,52,2026-06-24T22:30:00+00:00,data/resultados_reais.csv
56,2026-06-25T18:00:00+00:00,official_result,49,2026-06-25T01:30:00+00:00,data/resultados_reais.csv
56,2026-06-25T18:00:00+00:00,official_result,50,2026-06-25T01:30:00+00:00,data/resultados_reais.csv
56,2026-06-25T18:00:00+00:00,official_result,53,2026-06-25T04:30:00+00:00,data/resultados_reais.csv
56,2026-06-25T18:00:00+00:00,official_result,54,2026-06-25T04:30:00+00:00,data/resultados_reais.csv
57,2026-06-25T21:00:00+00:00,team_profile,Japão,2026-06-11T03:59:59+00:00,data/pre_worldcup_state/teams.csv
57,2026-06-25T21:00:00+00:00,team_profile,Suécia,2026-06-11T03:59:59+00:00,data/pre_worldcup_state/teams.csv
57,2026-06-25T21:00:00+00:00,fixture,57,2026-06-11T03:59:59+00:00,data/temporal/matches_timeline.csv
57,2026-06-25T21:00:00+00:00,official_result,1,2026-06-11T22:30:00+00:00,data/resultados_reais.csv
57,2026-06-25T21:00:00+00:00,official_result,2,2026-06-12T05:30:00+00:00,data/resultados_reais.csv
57,2026-06-25T21:00:00+00:00,official_result,3,2026-06-12T22:30:00+00:00,data/resultados_reais.csv
57,2026-06-25T21:00:00+00:00,official_result,4,2026-06-13T04:30:00+00:00,data/resultados_reais.csv
57,2026-06-25T21:00:00+00:00,official_result,8,2026-06-13T22:30:00+00:00,data/resultados_reais.csv
57,2026-06-25T21:00:00+00:00,official_result,7,2026-06-14T01:30:00+00:00,data/resultados_reais.csv
57,2026-06-25T21:00:00+00:00,official_result,5,2026-06-14T04:30:00+00:00,data/resultados_reais.csv
57,2026-06-25T21:00:00+00:00,official_result,6,2026-06-14T07:30:00+00:00,data/resultados_reais.csv
57,2026-06-25T21:00:00+00:00,official_result,10,2026-06-14T20:30:00+00:00,data/resultados_reais.csv
57,2026-06-25T21:00:00+00:00,official_result,11,2026-06-14T23:30:00+00:00,data/resultados_reais.csv
57,2026-06-25T21:00:00+00:00,official_result,9,2026-06-15T02:30:00+00:00,data/resultados_reais.csv
57,2026-06-25T21:00:00+00:00,official_result,12,2026-06-15T05:30:00+00:00,data/resultados_reais.csv
57,2026-06-25T21:00:00+00:00,official_result,14,2026-06-15T19:30:00+00:00,data/resultados_reais.csv
57,2026-06-25T21:00:00+00:00,official_result,16,2026-06-15T22:30:00+00:00,data/resultados_reais.csv
57,2026-06-25T21:00:00+00:00,official_result,13,2026-06-16T01:30:00+00:00,data/resultados_reais.csv
57,2026-06-25T21:00:00+00:00,official_result,15,2026-06-16T04:30:00+00:00,data/resultados_reais.csv
57,2026-06-25T21:00:00+00:00,official_result,17,2026-06-16T22:30:00+00:00,data/resultados_reais.csv
57,2026-06-25T21:00:00+00:00,official_result,18,2026-06-17T01:30:00+00:00,data/resultados_reais.csv
57,2026-06-25T21:00:00+00:00,official_result,19,2026-06-17T04:30:00+00:00,data/resultados_reais.csv
57,2026-06-25T21:00:00+00:00,official_result,20,2026-06-17T07:30:00+00:00,data/resultados_reais.csv
57,2026-06-25T21:00:00+00:00,official_result,23,2026-06-17T20:30:00+00:00,data/resultados_reais.csv
57,2026-06-25T21:00:00+00:00,official_result,22,2026-06-17T23:30:00+00:00,data/resultados_reais.csv
57,2026-06-25T21:00:00+00:00,official_result,21,2026-06-18T02:30:00+00:00,data/resultados_reais.csv
57,2026-06-25T21:00:00+00:00,official_result,24,2026-06-18T05:30:00+00:00,data/resultados_reais.csv
57,2026-06-25T21:00:00+00:00,official_result,25,2026-06-18T19:30:00+00:00,data/resultados_reais.csv
57,2026-06-25T21:00:00+00:00,official_result,26,2026-06-18T22:30:00+00:00,data/resultados_reais.csv
57,2026-06-25T21:00:00+00:00,official_result,27,2026-06-19T01:30:00+00:00,data/resultados_reais.csv
57,2026-06-25T21:00:00+00:00,official_result,28,2026-06-19T04:30:00+00:00,data/resultados_reais.csv
57,2026-06-25T21:00:00+00:00,official_result,32,2026-06-19T22:30:00+00:00,data/resultados_reais.csv
57,2026-06-25T21:00:00+00:00,official_result,30,2026-06-20T01:30:00+00:00,data/resultados_reais.csv
57,2026-06-25T21:00:00+00:00,official_result,29,2026-06-20T04:30:00+00:00,data/resultados_reais.csv
57,2026-06-25T21:00:00+00:00,official_result,31,2026-06-20T06:30:00+00:00,data/resultados_reais.csv
57,2026-06-25T21:00:00+00:00,official_result,35,2026-06-20T20:30:00+00:00,data/resultados_reais.csv
57,2026-06-25T21:00:00+00:00,official_result,33,2026-06-20T23:30:00+00:00,data/resultados_reais.csv
57,2026-06-25T21:00:00+00:00,official_result,34,2026-06-21T03:30:00+00:00,data/resultados_reais.csv
57,2026-06-25T21:00:00+00:00,official_result,36,2026-06-21T07:30:00+00:00,data/resultados_reais.csv
57,2026-06-25T21:00:00+00:00,official_result,38,2026-06-21T19:30:00+00:00,data/resultados_reais.csv
57,2026-06-25T21:00:00+00:00,official_result,39,2026-06-21T22:30:00+00:00,data/resultados_reais.csv
57,2026-06-25T21:00:00+00:00,official_result,37,2026-06-22T01:30:00+00:00,data/resultados_reais.csv
57,2026-06-25T21:00:00+00:00,official_result,40,2026-06-22T04:30:00+00:00,data/resultados_reais.csv
57,2026-06-25T21:00:00+00:00,official_result,43,2026-06-22T20:30:00+00:00,data/resultados_reais.csv
57,2026-06-25T21:00:00+00:00,official_result,42,2026-06-23T00:30:00+00:00,data/resultados_reais.csv
57,2026-06-25T21:00:00+00:00,official_result,41,2026-06-23T03:30:00+00:00,data/resultados_reais.csv
57,2026-06-25T21:00:00+00:00,official_result,44,2026-06-23T06:30:00+00:00,data/resultados_reais.csv
57,2026-06-25T21:00:00+00:00,official_result,47,2026-06-23T20:30:00+00:00,data/resultados_reais.csv
57,2026-06-25T21:00:00+00:00,official_result,45,2026-06-23T23:30:00+00:00,data/resultados_reais.csv
57,2026-06-25T21:00:00+00:00,official_result,46,2026-06-24T02:30:00+00:00,data/resultados_reais.csv
57,2026-06-25T21:00:00+00:00,official_result,48,2026-06-24T05:30:00+00:00,data/resultados_reais.csv
57,2026-06-25T21:00:00+00:00,official_result,51,2026-06-24T22:30:00+00:00,data/resultados_reais.csv
57,2026-06-25T21:00:00+00:00,official_result,52,2026-06-24T22:30:00+00:00,data/resultados_reais.csv
57,2026-06-25T21:00:00+00:00,official_result,49,2026-06-25T01:30:00+00:00,data/resultados_reais.csv
57,2026-06-25T21:00:00+00:00,official_result,50,2026-06-25T01:30:00+00:00,data/resultados_reais.csv
57,2026-06-25T21:00:00+00:00,official_result,53,2026-06-25T04:30:00+00:00,data/resultados_reais.csv
57,2026-06-25T21:00:00+00:00,official_result,54,2026-06-25T04:30:00+00:00,data/resultados_reais.csv
58,2026-06-25T21:00:00+00:00,team_profile,Tunísia,2026-06-11T03:59:59+00:00,data/pre_worldcup_state/teams.csv
58,2026-06-25T21:00:00+00:00,team_profile,Países Baixos,2026-06-11T03:59:59+00:00,data/pre_worldcup_state/teams.csv
58,2026-06-25T21:00:00+00:00,fixture,58,2026-06-11T03:59:59+00:00,data/temporal/matches_timeline.csv
58,2026-06-25T21:00:00+00:00,official_result,1,2026-06-11T22:30:00+00:00,data/resultados_reais.csv
58,2026-06-25T21:00:00+00:00,official_result,2,2026-06-12T05:30:00+00:00,data/resultados_reais.csv
58,2026-06-25T21:00:00+00:00,official_result,3,2026-06-12T22:30:00+00:00,data/resultados_reais.csv
58,2026-06-25T21:00:00+00:00,official_result,4,2026-06-13T04:30:00+00:00,data/resultados_reais.csv
58,2026-06-25T21:00:00+00:00,official_result,8,2026-06-13T22:30:00+00:00,data/resultados_reais.csv
58,2026-06-25T21:00:00+00:00,official_result,7,2026-06-14T01:30:00+00:00,data/resultados_reais.csv
58,2026-06-25T21:00:00+00:00,official_result,5,2026-06-14T04:30:00+00:00,data/resultados_reais.csv
58,2026-06-25T21:00:00+00:00,official_result,6,2026-06-14T07:30:00+00:00,data/resultados_reais.csv
58,2026-06-25T21:00:00+00:00,official_result,10,2026-06-14T20:30:00+00:00,data/resultados_reais.csv
58,2026-06-25T21:00:00+00:00,official_result,11,2026-06-14T23:30:00+00:00,data/resultados_reais.csv
58,2026-06-25T21:00:00+00:00,official_result,9,2026-06-15T02:30:00+00:00,data/resultados_reais.csv
58,2026-06-25T21:00:00+00:00,official_result,12,2026-06-15T05:30:00+00:00,data/resultados_reais.csv
58,2026-06-25T21:00:00+00:00,official_result,14,2026-06-15T19:30:00+00:00,data/resultados_reais.csv
58,2026-06-25T21:00:00+00:00,official_result,16,2026-06-15T22:30:00+00:00,data/resultados_reais.csv
58,2026-06-25T21:00:00+00:00,official_result,13,2026-06-16T01:30:00+00:00,data/resultados_reais.csv
58,2026-06-25T21:00:00+00:00,official_result,15,2026-06-16T04:30:00+00:00,data/resultados_reais.csv
58,2026-06-25T21:00:00+00:00,official_result,17,2026-06-16T22:30:00+00:00,data/resultados_reais.csv
58,2026-06-25T21:00:00+00:00,official_result,18,2026-06-17T01:30:00+00:00,data/resultados_reais.csv
58,2026-06-25T21:00:00+00:00,official_result,19,2026-06-17T04:30:00+00:00,data/resultados_reais.csv
58,2026-06-25T21:00:00+00:00,official_result,20,2026-06-17T07:30:00+00:00,data/resultados_reais.csv
58,2026-06-25T21:00:00+00:00,official_result,23,2026-06-17T20:30:00+00:00,data/resultados_reais.csv
58,2026-06-25T21:00:00+00:00,official_result,22,2026-06-17T23:30:00+00:00,data/resultados_reais.csv
58,2026-06-25T21:00:00+00:00,official_result,21,2026-06-18T02:30:00+00:00,data/resultados_reais.csv
58,2026-06-25T21:00:00+00:00,official_result,24,2026-06-18T05:30:00+00:00,data/resultados_reais.csv
58,2026-06-25T21:00:00+00:00,official_result,25,2026-06-18T19:30:00+00:00,data/resultados_reais.csv
58,2026-06-25T21:00:00+00:00,official_result,26,2026-06-18T22:30:00+00:00,data/resultados_reais.csv
58,2026-06-25T21:00:00+00:00,official_result,27,2026-06-19T01:30:00+00:00,data/resultados_reais.csv
58,2026-06-25T21:00:00+00:00,official_result,28,2026-06-19T04:30:00+00:00,data/resultados_reais.csv
58,2026-06-25T21:00:00+00:00,official_result,32,2026-06-19T22:30:00+00:00,data/resultados_reais.csv
58,2026-06-25T21:00:00+00:00,official_result,30,2026-06-20T01:30:00+00:00,data/resultados_reais.csv
58,2026-06-25T21:00:00+00:00,official_result,29,2026-06-20T04:30:00+00:00,data/resultados_reais.csv
58,2026-06-25T21:00:00+00:00,official_result,31,2026-06-20T06:30:00+00:00,data/resultados_reais.csv
58,2026-06-25T21:00:00+00:00,official_result,35,2026-06-20T20:30:00+00:00,data/resultados_reais.csv
58,2026-06-25T21:00:00+00:00,official_result,33,2026-06-20T23:30:00+00:00,data/resultados_reais.csv
58,2026-06-25T21:00:00+00:00,official_result,34,2026-06-21T03:30:00+00:00,data/resultados_reais.csv
58,2026-06-25T21:00:00+00:00,official_result,36,2026-06-21T07:30:00+00:00,data/resultados_reais.csv
58,2026-06-25T21:00:00+00:00,official_result,38,2026-06-21T19:30:00+00:00,data/resultados_reais.csv
58,2026-06-25T21:00:00+00:00,official_result,39,2026-06-21T22:30:00+00:00,data/resultados_reais.csv
58,2026-06-25T21:00:00+00:00,official_result,37,2026-06-22T01:30:00+00:00,data/resultados_reais.csv
58,2026-06-25T21:00:00+00:00,official_result,40,2026-06-22T04:30:00+00:00,data/resultados_reais.csv
58,2026-06-25T21:00:00+00:00,official_result,43,2026-06-22T20:30:00+00:00,data/resultados_reais.csv
58,2026-06-25T21:00:00+00:00,official_result,42,2026-06-23T00:30:00+00:00,data/resultados_reais.csv
58,2026-06-25T21:00:00+00:00,official_result,41,2026-06-23T03:30:00+00:00,data/resultados_reais.csv
58,2026-06-25T21:00:00+00:00,official_result,44,2026-06-23T06:30:00+00:00,data/resultados_reais.csv
58,2026-06-25T21:00:00+00:00,official_result,47,2026-06-23T20:30:00+00:00,data/resultados_reais.csv
58,2026-06-25T21:00:00+00:00,official_result,45,2026-06-23T23:30:00+00:00,data/resultados_reais.csv
58,2026-06-25T21:00:00+00:00,official_result,46,2026-06-24T02:30:00+00:00,data/resultados_reais.csv
58,2026-06-25T21:00:00+00:00,official_result,48,2026-06-24T05:30:00+00:00,data/resultados_reais.csv
58,2026-06-25T21:00:00+00:00,official_result,51,2026-06-24T22:30:00+00:00,data/resultados_reais.csv
58,2026-06-25T21:00:00+00:00,official_result,52,2026-06-24T22:30:00+00:00,data/resultados_reais.csv
58,2026-06-25T21:00:00+00:00,official_result,49,2026-06-25T01:30:00+00:00,data/resultados_reais.csv
58,2026-06-25T21:00:00+00:00,official_result,50,2026-06-25T01:30:00+00:00,data/resultados_reais.csv
58,2026-06-25T21:00:00+00:00,official_result,53,2026-06-25T04:30:00+00:00,data/resultados_reais.csv
58,2026-06-25T21:00:00+00:00,official_result,54,2026-06-25T04:30:00+00:00,data/resultados_reais.csv
59,2026-06-26T00:00:00+00:00,team_profile,Turquia,2026-06-11T03:59:59+00:00,data/pre_worldcup_state/teams.csv
59,2026-06-26T00:00:00+00:00,team_profile,Estados Unidos,2026-06-11T03:59:59+00:00,data/pre_worldcup_state/teams.csv
59,2026-06-26T00:00:00+00:00,fixture,59,2026-06-11T03:59:59+00:00,data/temporal/matches_timeline.csv
59,2026-06-26T00:00:00+00:00,official_result,1,2026-06-11T22:30:00+00:00,data/resultados_reais.csv
59,2026-06-26T00:00:00+00:00,official_result,2,2026-06-12T05:30:00+00:00,data/resultados_reais.csv
59,2026-06-26T00:00:00+00:00,official_result,3,2026-06-12T22:30:00+00:00,data/resultados_reais.csv
59,2026-06-26T00:00:00+00:00,official_result,4,2026-06-13T04:30:00+00:00,data/resultados_reais.csv
59,2026-06-26T00:00:00+00:00,official_result,8,2026-06-13T22:30:00+00:00,data/resultados_reais.csv
59,2026-06-26T00:00:00+00:00,official_result,7,2026-06-14T01:30:00+00:00,data/resultados_reais.csv
59,2026-06-26T00:00:00+00:00,official_result,5,2026-06-14T04:30:00+00:00,data/resultados_reais.csv
59,2026-06-26T00:00:00+00:00,official_result,6,2026-06-14T07:30:00+00:00,data/resultados_reais.csv
59,2026-06-26T00:00:00+00:00,official_result,10,2026-06-14T20:30:00+00:00,data/resultados_reais.csv
59,2026-06-26T00:00:00+00:00,official_result,11,2026-06-14T23:30:00+00:00,data/resultados_reais.csv
59,2026-06-26T00:00:00+00:00,official_result,9,2026-06-15T02:30:00+00:00,data/resultados_reais.csv
59,2026-06-26T00:00:00+00:00,official_result,12,2026-06-15T05:30:00+00:00,data/resultados_reais.csv
59,2026-06-26T00:00:00+00:00,official_result,14,2026-06-15T19:30:00+00:00,data/resultados_reais.csv
59,2026-06-26T00:00:00+00:00,official_result,16,2026-06-15T22:30:00+00:00,data/resultados_reais.csv
59,2026-06-26T00:00:00+00:00,official_result,13,2026-06-16T01:30:00+00:00,data/resultados_reais.csv
59,2026-06-26T00:00:00+00:00,official_result,15,2026-06-16T04:30:00+00:00,data/resultados_reais.csv
59,2026-06-26T00:00:00+00:00,official_result,17,2026-06-16T22:30:00+00:00,data/resultados_reais.csv
59,2026-06-26T00:00:00+00:00,official_result,18,2026-06-17T01:30:00+00:00,data/resultados_reais.csv
59,2026-06-26T00:00:00+00:00,official_result,19,2026-06-17T04:30:00+00:00,data/resultados_reais.csv
59,2026-06-26T00:00:00+00:00,official_result,20,2026-06-17T07:30:00+00:00,data/resultados_reais.csv
59,2026-06-26T00:00:00+00:00,official_result,23,2026-06-17T20:30:00+00:00,data/resultados_reais.csv
59,2026-06-26T00:00:00+00:00,official_result,22,2026-06-17T23:30:00+00:00,data/resultados_reais.csv
59,2026-06-26T00:00:00+00:00,official_result,21,2026-06-18T02:30:00+00:00,data/resultados_reais.csv
59,2026-06-26T00:00:00+00:00,official_result,24,2026-06-18T05:30:00+00:00,data/resultados_reais.csv
59,2026-06-26T00:00:00+00:00,official_result,25,2026-06-18T19:30:00+00:00,data/resultados_reais.csv
59,2026-06-26T00:00:00+00:00,official_result,26,2026-06-18T22:30:00+00:00,data/resultados_reais.csv
59,2026-06-26T00:00:00+00:00,official_result,27,2026-06-19T01:30:00+00:00,data/resultados_reais.csv
59,2026-06-26T00:00:00+00:00,official_result,28,2026-06-19T04:30:00+00:00,data/resultados_reais.csv
59,2026-06-26T00:00:00+00:00,official_result,32,2026-06-19T22:30:00+00:00,data/resultados_reais.csv
59,2026-06-26T00:00:00+00:00,official_result,30,2026-06-20T01:30:00+00:00,data/resultados_reais.csv
59,2026-06-26T00:00:00+00:00,official_result,29,2026-06-20T04:30:00+00:00,data/resultados_reais.csv
59,2026-06-26T00:00:00+00:00,official_result,31,2026-06-20T06:30:00+00:00,data/resultados_reais.csv
59,2026-06-26T00:00:00+00:00,official_result,35,2026-06-20T20:30:00+00:00,data/resultados_reais.csv
59,2026-06-26T00:00:00+00:00,official_result,33,2026-06-20T23:30:00+00:00,data/resultados_reais.csv
59,2026-06-26T00:00:00+00:00,official_result,34,2026-06-21T03:30:00+00:00,data/resultados_reais.csv
59,2026-06-26T00:00:00+00:00,official_result,36,2026-06-21T07:30:00+00:00,data/resultados_reais.csv
59,2026-06-26T00:00:00+00:00,official_result,38,2026-06-21T19:30:00+00:00,data/resultados_reais.csv
59,2026-06-26T00:00:00+00:00,official_result,39,2026-06-21T22:30:00+00:00,data/resultados_reais.csv
59,2026-06-26T00:00:00+00:00,official_result,37,2026-06-22T01:30:00+00:00,data/resultados_reais.csv
59,2026-06-26T00:00:00+00:00,official_result,40,2026-06-22T04:30:00+00:00,data/resultados_reais.csv
59,2026-06-26T00:00:00+00:00,official_result,43,2026-06-22T20:30:00+00:00,data/resultados_reais.csv
59,2026-06-26T00:00:00+00:00,official_result,42,2026-06-23T00:30:00+00:00,data/resultados_reais.csv
59,2026-06-26T00:00:00+00:00,official_result,41,2026-06-23T03:30:00+00:00,data/resultados_reais.csv
59,2026-06-26T00:00:00+00:00,official_result,44,2026-06-23T06:30:00+00:00,data/resultados_reais.csv
59,2026-06-26T00:00:00+00:00,official_result,47,2026-06-23T20:30:00+00:00,data/resultados_reais.csv
59,2026-06-26T00:00:00+00:00,official_result,45,2026-06-23T23:30:00+00:00,data/resultados_reais.csv
59,2026-06-26T00:00:00+00:00,official_result,46,2026-06-24T02:30:00+00:00,data/resultados_reais.csv
59,2026-06-26T00:00:00+00:00,official_result,48,2026-06-24T05:30:00+00:00,data/resultados_reais.csv
59,2026-06-26T00:00:00+00:00,official_result,51,2026-06-24T22:30:00+00:00,data/resultados_reais.csv
59,2026-06-26T00:00:00+00:00,official_result,52,2026-06-24T22:30:00+00:00,data/resultados_reais.csv
59,2026-06-26T00:00:00+00:00,official_result,49,2026-06-25T01:30:00+00:00,data/resultados_reais.csv
59,2026-06-26T00:00:00+00:00,official_result,50,2026-06-25T01:30:00+00:00,data/resultados_reais.csv
59,2026-06-26T00:00:00+00:00,official_result,53,2026-06-25T04:30:00+00:00,data/resultados_reais.csv
59,2026-06-26T00:00:00+00:00,official_result,54,2026-06-25T04:30:00+00:00,data/resultados_reais.csv
59,2026-06-26T00:00:00+00:00,official_result,55,2026-06-25T23:30:00+00:00,data/resultados_reais.csv
59,2026-06-26T00:00:00+00:00,official_result,56,2026-06-25T23:30:00+00:00,data/resultados_reais.csv
60,2026-06-26T00:00:00+00:00,team_profile,Paraguai,2026-06-11T03:59:59+00:00,data/pre_worldcup_state/teams.csv
60,2026-06-26T00:00:00+00:00,team_profile,Austrália,2026-06-11T03:59:59+00:00,data/pre_worldcup_state/teams.csv
60,2026-06-26T00:00:00+00:00,fixture,60,2026-06-11T03:59:59+00:00,data/temporal/matches_timeline.csv
60,2026-06-26T00:00:00+00:00,official_result,1,2026-06-11T22:30:00+00:00,data/resultados_reais.csv
60,2026-06-26T00:00:00+00:00,official_result,2,2026-06-12T05:30:00+00:00,data/resultados_reais.csv
60,2026-06-26T00:00:00+00:00,official_result,3,2026-06-12T22:30:00+00:00,data/resultados_reais.csv
60,2026-06-26T00:00:00+00:00,official_result,4,2026-06-13T04:30:00+00:00,data/resultados_reais.csv
60,2026-06-26T00:00:00+00:00,official_result,8,2026-06-13T22:30:00+00:00,data/resultados_reais.csv
60,2026-06-26T00:00:00+00:00,official_result,7,2026-06-14T01:30:00+00:00,data/resultados_reais.csv
60,2026-06-26T00:00:00+00:00,official_result,5,2026-06-14T04:30:00+00:00,data/resultados_reais.csv
60,2026-06-26T00:00:00+00:00,official_result,6,2026-06-14T07:30:00+00:00,data/resultados_reais.csv
60,2026-06-26T00:00:00+00:00,official_result,10,2026-06-14T20:30:00+00:00,data/resultados_reais.csv
60,2026-06-26T00:00:00+00:00,official_result,11,2026-06-14T23:30:00+00:00,data/resultados_reais.csv
60,2026-06-26T00:00:00+00:00,official_result,9,2026-06-15T02:30:00+00:00,data/resultados_reais.csv
60,2026-06-26T00:00:00+00:00,official_result,12,2026-06-15T05:30:00+00:00,data/resultados_reais.csv
60,2026-06-26T00:00:00+00:00,official_result,14,2026-06-15T19:30:00+00:00,data/resultados_reais.csv
60,2026-06-26T00:00:00+00:00,official_result,16,2026-06-15T22:30:00+00:00,data/resultados_reais.csv
60,2026-06-26T00:00:00+00:00,official_result,13,2026-06-16T01:30:00+00:00,data/resultados_reais.csv
60,2026-06-26T00:00:00+00:00,official_result,15,2026-06-16T04:30:00+00:00,data/resultados_reais.csv
60,2026-06-26T00:00:00+00:00,official_result,17,2026-06-16T22:30:00+00:00,data/resultados_reais.csv
60,2026-06-26T00:00:00+00:00,official_result,18,2026-06-17T01:30:00+00:00,data/resultados_reais.csv
60,2026-06-26T00:00:00+00:00,official_result,19,2026-06-17T04:30:00+00:00,data/resultados_reais.csv
60,2026-06-26T00:00:00+00:00,official_result,20,2026-06-17T07:30:00+00:00,data/resultados_reais.csv
60,2026-06-26T00:00:00+00:00,official_result,23,2026-06-17T20:30:00+00:00,data/resultados_reais.csv
60,2026-06-26T00:00:00+00:00,official_result,22,2026-06-17T23:30:00+00:00,data/resultados_reais.csv
60,2026-06-26T00:00:00+00:00,official_result,21,2026-06-18T02:30:00+00:00,data/resultados_reais.csv
60,2026-06-26T00:00:00+00:00,official_result,24,2026-06-18T05:30:00+00:00,data/resultados_reais.csv
60,2026-06-26T00:00:00+00:00,official_result,25,2026-06-18T19:30:00+00:00,data/resultados_reais.csv
60,2026-06-26T00:00:00+00:00,official_result,26,2026-06-18T22:30:00+00:00,data/resultados_reais.csv
60,2026-06-26T00:00:00+00:00,official_result,27,2026-06-19T01:30:00+00:00,data/resultados_reais.csv
60,2026-06-26T00:00:00+00:00,official_result,28,2026-06-19T04:30:00+00:00,data/resultados_reais.csv
60,2026-06-26T00:00:00+00:00,official_result,32,2026-06-19T22:30:00+00:00,data/resultados_reais.csv
60,2026-06-26T00:00:00+00:00,official_result,30,2026-06-20T01:30:00+00:00,data/resultados_reais.csv
60,2026-06-26T00:00:00+00:00,official_result,29,2026-06-20T04:30:00+00:00,data/resultados_reais.csv
60,2026-06-26T00:00:00+00:00,official_result,31,2026-06-20T06:30:00+00:00,data/resultados_reais.csv
60,2026-06-26T00:00:00+00:00,official_result,35,2026-06-20T20:30:00+00:00,data/resultados_reais.csv
60,2026-06-26T00:00:00+00:00,official_result,33,2026-06-20T23:30:00+00:00,data/resultados_reais.csv
60,2026-06-26T00:00:00+00:00,official_result,34,2026-06-21T03:30:00+00:00,data/resultados_reais.csv
60,2026-06-26T00:00:00+00:00,official_result,36,2026-06-21T07:30:00+00:00,data/resultados_reais.csv
60,2026-06-26T00:00:00+00:00,official_result,38,2026-06-21T19:30:00+00:00,data/resultados_reais.csv
60,2026-06-26T00:00:00+00:00,official_result,39,2026-06-21T22:30:00+00:00,data/resultados_reais.csv
60,2026-06-26T00:00:00+00:00,official_result,37,2026-06-22T01:30:00+00:00,data/resultados_reais.csv
60,2026-06-26T00:00:00+00:00,official_result,40,2026-06-22T04:30:00+00:00,data/resultados_reais.csv
60,2026-06-26T00:00:00+00:00,official_result,43,2026-06-22T20:30:00+00:00,data/resultados_reais.csv
60,2026-06-26T00:00:00+00:00,official_result,42,2026-06-23T00:30:00+00:00,data/resultados_reais.csv
60,2026-06-26T00:00:00+00:00,official_result,41,2026-06-23T03:30:00+00:00,data/resultados_reais.csv
60,2026-06-26T00:00:00+00:00,official_result,44,2026-06-23T06:30:00+00:00,data/resultados_reais.csv
60,2026-06-26T00:00:00+00:00,official_result,47,2026-06-23T20:30:00+00:00,data/resultados_reais.csv
60,2026-06-26T00:00:00+00:00,official_result,45,2026-06-23T23:30:00+00:00,data/resultados_reais.csv
60,2026-06-26T00:00:00+00:00,official_result,46,2026-06-24T02:30:00+00:00,data/resultados_reais.csv
60,2026-06-26T00:00:00+00:00,official_result,48,2026-06-24T05:30:00+00:00,data/resultados_reais.csv
60,2026-06-26T00:00:00+00:00,official_result,51,2026-06-24T22:30:00+00:00,data/resultados_reais.csv
60,2026-06-26T00:00:00+00:00,official_result,52,2026-06-24T22:30:00+00:00,data/resultados_reais.csv
60,2026-06-26T00:00:00+00:00,official_result,49,2026-06-25T01:30:00+00:00,data/resultados_reais.csv
60,2026-06-26T00:00:00+00:00,official_result,50,2026-06-25T01:30:00+00:00,data/resultados_reais.csv
60,2026-06-26T00:00:00+00:00,official_result,53,2026-06-25T04:30:00+00:00,data/resultados_reais.csv
60,2026-06-26T00:00:00+00:00,official_result,54,2026-06-25T04:30:00+00:00,data/resultados_reais.csv
60,2026-06-26T00:00:00+00:00,official_result,55,2026-06-25T23:30:00+00:00,data/resultados_reais.csv
60,2026-06-26T00:00:00+00:00,official_result,56,2026-06-25T23:30:00+00:00,data/resultados_reais.csv
61,2026-06-26T17:00:00+00:00,team_profile,Noruega,2026-06-11T03:59:59+00:00,data/pre_worldcup_state/teams.csv
61,2026-06-26T17:00:00+00:00,team_profile,França,2026-06-11T03:59:59+00:00,data/pre_worldcup_state/teams.csv
61,2026-06-26T17:00:00+00:00,fixture,61,2026-06-11T03:59:59+00:00,data/temporal/matches_timeline.csv
61,2026-06-26T17:00:00+00:00,official_result,1,2026-06-11T22:30:00+00:00,data/resultados_reais.csv
61,2026-06-26T17:00:00+00:00,official_result,2,2026-06-12T05:30:00+00:00,data/resultados_reais.csv
61,2026-06-26T17:00:00+00:00,official_result,3,2026-06-12T22:30:00+00:00,data/resultados_reais.csv
61,2026-06-26T17:00:00+00:00,official_result,4,2026-06-13T04:30:00+00:00,data/resultados_reais.csv
61,2026-06-26T17:00:00+00:00,official_result,8,2026-06-13T22:30:00+00:00,data/resultados_reais.csv
61,2026-06-26T17:00:00+00:00,official_result,7,2026-06-14T01:30:00+00:00,data/resultados_reais.csv
61,2026-06-26T17:00:00+00:00,official_result,5,2026-06-14T04:30:00+00:00,data/resultados_reais.csv
61,2026-06-26T17:00:00+00:00,official_result,6,2026-06-14T07:30:00+00:00,data/resultados_reais.csv
61,2026-06-26T17:00:00+00:00,official_result,10,2026-06-14T20:30:00+00:00,data/resultados_reais.csv
61,2026-06-26T17:00:00+00:00,official_result,11,2026-06-14T23:30:00+00:00,data/resultados_reais.csv
61,2026-06-26T17:00:00+00:00,official_result,9,2026-06-15T02:30:00+00:00,data/resultados_reais.csv
61,2026-06-26T17:00:00+00:00,official_result,12,2026-06-15T05:30:00+00:00,data/resultados_reais.csv
61,2026-06-26T17:00:00+00:00,official_result,14,2026-06-15T19:30:00+00:00,data/resultados_reais.csv
61,2026-06-26T17:00:00+00:00,official_result,16,2026-06-15T22:30:00+00:00,data/resultados_reais.csv
61,2026-06-26T17:00:00+00:00,official_result,13,2026-06-16T01:30:00+00:00,data/resultados_reais.csv
61,2026-06-26T17:00:00+00:00,official_result,15,2026-06-16T04:30:00+00:00,data/resultados_reais.csv
61,2026-06-26T17:00:00+00:00,official_result,17,2026-06-16T22:30:00+00:00,data/resultados_reais.csv
61,2026-06-26T17:00:00+00:00,official_result,18,2026-06-17T01:30:00+00:00,data/resultados_reais.csv
61,2026-06-26T17:00:00+00:00,official_result,19,2026-06-17T04:30:00+00:00,data/resultados_reais.csv
61,2026-06-26T17:00:00+00:00,official_result,20,2026-06-17T07:30:00+00:00,data/resultados_reais.csv
61,2026-06-26T17:00:00+00:00,official_result,23,2026-06-17T20:30:00+00:00,data/resultados_reais.csv
61,2026-06-26T17:00:00+00:00,official_result,22,2026-06-17T23:30:00+00:00,data/resultados_reais.csv
61,2026-06-26T17:00:00+00:00,official_result,21,2026-06-18T02:30:00+00:00,data/resultados_reais.csv
61,2026-06-26T17:00:00+00:00,official_result,24,2026-06-18T05:30:00+00:00,data/resultados_reais.csv
61,2026-06-26T17:00:00+00:00,official_result,25,2026-06-18T19:30:00+00:00,data/resultados_reais.csv
61,2026-06-26T17:00:00+00:00,official_result,26,2026-06-18T22:30:00+00:00,data/resultados_reais.csv
61,2026-06-26T17:00:00+00:00,official_result,27,2026-06-19T01:30:00+00:00,data/resultados_reais.csv
61,2026-06-26T17:00:00+00:00,official_result,28,2026-06-19T04:30:00+00:00,data/resultados_reais.csv
61,2026-06-26T17:00:00+00:00,official_result,32,2026-06-19T22:30:00+00:00,data/resultados_reais.csv
61,2026-06-26T17:00:00+00:00,official_result,30,2026-06-20T01:30:00+00:00,data/resultados_reais.csv
61,2026-06-26T17:00:00+00:00,official_result,29,2026-06-20T04:30:00+00:00,data/resultados_reais.csv
61,2026-06-26T17:00:00+00:00,official_result,31,2026-06-20T06:30:00+00:00,data/resultados_reais.csv
61,2026-06-26T17:00:00+00:00,official_result,35,2026-06-20T20:30:00+00:00,data/resultados_reais.csv
61,2026-06-26T17:00:00+00:00,official_result,33,2026-06-20T23:30:00+00:00,data/resultados_reais.csv
61,2026-06-26T17:00:00+00:00,official_result,34,2026-06-21T03:30:00+00:00,data/resultados_reais.csv
61,2026-06-26T17:00:00+00:00,official_result,36,2026-06-21T07:30:00+00:00,data/resultados_reais.csv
61,2026-06-26T17:00:00+00:00,official_result,38,2026-06-21T19:30:00+00:00,data/resultados_reais.csv
61,2026-06-26T17:00:00+00:00,official_result,39,2026-06-21T22:30:00+00:00,data/resultados_reais.csv
61,2026-06-26T17:00:00+00:00,official_result,37,2026-06-22T01:30:00+00:00,data/resultados_reais.csv
61,2026-06-26T17:00:00+00:00,official_result,40,2026-06-22T04:30:00+00:00,data/resultados_reais.csv
61,2026-06-26T17:00:00+00:00,official_result,43,2026-06-22T20:30:00+00:00,data/resultados_reais.csv
61,2026-06-26T17:00:00+00:00,official_result,42,2026-06-23T00:30:00+00:00,data/resultados_reais.csv
61,2026-06-26T17:00:00+00:00,official_result,41,2026-06-23T03:30:00+00:00,data/resultados_reais.csv
61,2026-06-26T17:00:00+00:00,official_result,44,2026-06-23T06:30:00+00:00,data/resultados_reais.csv
61,2026-06-26T17:00:00+00:00,official_result,47,2026-06-23T20:30:00+00:00,data/resultados_reais.csv
61,2026-06-26T17:00:00+00:00,official_result,45,2026-06-23T23:30:00+00:00,data/resultados_reais.csv
61,2026-06-26T17:00:00+00:00,official_result,46,2026-06-24T02:30:00+00:00,data/resultados_reais.csv
61,2026-06-26T17:00:00+00:00,official_result,48,2026-06-24T05:30:00+00:00,data/resultados_reais.csv
61,2026-06-26T17:00:00+00:00,official_result,51,2026-06-24T22:30:00+00:00,data/resultados_reais.csv
61,2026-06-26T17:00:00+00:00,official_result,52,2026-06-24T22:30:00+00:00,data/resultados_reais.csv
61,2026-06-26T17:00:00+00:00,official_result,49,2026-06-25T01:30:00+00:00,data/resultados_reais.csv
61,2026-06-26T17:00:00+00:00,official_result,50,2026-06-25T01:30:00+00:00,data/resultados_reais.csv
61,2026-06-26T17:00:00+00:00,official_result,53,2026-06-25T04:30:00+00:00,data/resultados_reais.csv
61,2026-06-26T17:00:00+00:00,official_result,54,2026-06-25T04:30:00+00:00,data/resultados_reais.csv
61,2026-06-26T17:00:00+00:00,official_result,55,2026-06-25T23:30:00+00:00,data/resultados_reais.csv
61,2026-06-26T17:00:00+00:00,official_result,56,2026-06-25T23:30:00+00:00,data/resultados_reais.csv
61,2026-06-26T17:00:00+00:00,official_result,57,2026-06-26T02:30:00+00:00,data/resultados_reais.csv
61,2026-06-26T17:00:00+00:00,official_result,58,2026-06-26T02:30:00+00:00,data/resultados_reais.csv
61,2026-06-26T17:00:00+00:00,official_result,59,2026-06-26T05:30:00+00:00,data/resultados_reais.csv
61,2026-06-26T17:00:00+00:00,official_result,60,2026-06-26T05:30:00+00:00,data/resultados_reais.csv
62,2026-06-26T17:00:00+00:00,team_profile,Senegal,2026-06-11T03:59:59+00:00,data/pre_worldcup_state/teams.csv
62,2026-06-26T17:00:00+00:00,team_profile,Iraque,2026-06-11T03:59:59+00:00,data/pre_worldcup_state/teams.csv
62,2026-06-26T17:00:00+00:00,fixture,62,2026-06-11T03:59:59+00:00,data/temporal/matches_timeline.csv
62,2026-06-26T17:00:00+00:00,official_result,1,2026-06-11T22:30:00+00:00,data/resultados_reais.csv
62,2026-06-26T17:00:00+00:00,official_result,2,2026-06-12T05:30:00+00:00,data/resultados_reais.csv
62,2026-06-26T17:00:00+00:00,official_result,3,2026-06-12T22:30:00+00:00,data/resultados_reais.csv
62,2026-06-26T17:00:00+00:00,official_result,4,2026-06-13T04:30:00+00:00,data/resultados_reais.csv
62,2026-06-26T17:00:00+00:00,official_result,8,2026-06-13T22:30:00+00:00,data/resultados_reais.csv
62,2026-06-26T17:00:00+00:00,official_result,7,2026-06-14T01:30:00+00:00,data/resultados_reais.csv
62,2026-06-26T17:00:00+00:00,official_result,5,2026-06-14T04:30:00+00:00,data/resultados_reais.csv
62,2026-06-26T17:00:00+00:00,official_result,6,2026-06-14T07:30:00+00:00,data/resultados_reais.csv
62,2026-06-26T17:00:00+00:00,official_result,10,2026-06-14T20:30:00+00:00,data/resultados_reais.csv
62,2026-06-26T17:00:00+00:00,official_result,11,2026-06-14T23:30:00+00:00,data/resultados_reais.csv
62,2026-06-26T17:00:00+00:00,official_result,9,2026-06-15T02:30:00+00:00,data/resultados_reais.csv
62,2026-06-26T17:00:00+00:00,official_result,12,2026-06-15T05:30:00+00:00,data/resultados_reais.csv
62,2026-06-26T17:00:00+00:00,official_result,14,2026-06-15T19:30:00+00:00,data/resultados_reais.csv
62,2026-06-26T17:00:00+00:00,official_result,16,2026-06-15T22:30:00+00:00,data/resultados_reais.csv
62,2026-06-26T17:00:00+00:00,official_result,13,2026-06-16T01:30:00+00:00,data/resultados_reais.csv
62,2026-06-26T17:00:00+00:00,official_result,15,2026-06-16T04:30:00+00:00,data/resultados_reais.csv
62,2026-06-26T17:00:00+00:00,official_result,17,2026-06-16T22:30:00+00:00,data/resultados_reais.csv
62,2026-06-26T17:00:00+00:00,official_result,18,2026-06-17T01:30:00+00:00,data/resultados_reais.csv
62,2026-06-26T17:00:00+00:00,official_result,19,2026-06-17T04:30:00+00:00,data/resultados_reais.csv
62,2026-06-26T17:00:00+00:00,official_result,20,2026-06-17T07:30:00+00:00,data/resultados_reais.csv
62,2026-06-26T17:00:00+00:00,official_result,23,2026-06-17T20:30:00+00:00,data/resultados_reais.csv
62,2026-06-26T17:00:00+00:00,official_result,22,2026-06-17T23:30:00+00:00,data/resultados_reais.csv
62,2026-06-26T17:00:00+00:00,official_result,21,2026-06-18T02:30:00+00:00,data/resultados_reais.csv
62,2026-06-26T17:00:00+00:00,official_result,24,2026-06-18T05:30:00+00:00,data/resultados_reais.csv
62,2026-06-26T17:00:00+00:00,official_result,25,2026-06-18T19:30:00+00:00,data/resultados_reais.csv
62,2026-06-26T17:00:00+00:00,official_result,26,2026-06-18T22:30:00+00:00,data/resultados_reais.csv
62,2026-06-26T17:00:00+00:00,official_result,27,2026-06-19T01:30:00+00:00,data/resultados_reais.csv
62,2026-06-26T17:00:00+00:00,official_result,28,2026-06-19T04:30:00+00:00,data/resultados_reais.csv
62,2026-06-26T17:00:00+00:00,official_result,32,2026-06-19T22:30:00+00:00,data/resultados_reais.csv
62,2026-06-26T17:00:00+00:00,official_result,30,2026-06-20T01:30:00+00:00,data/resultados_reais.csv
62,2026-06-26T17:00:00+00:00,official_result,29,2026-06-20T04:30:00+00:00,data/resultados_reais.csv
62,2026-06-26T17:00:00+00:00,official_result,31,2026-06-20T06:30:00+00:00,data/resultados_reais.csv
62,2026-06-26T17:00:00+00:00,official_result,35,2026-06-20T20:30:00+00:00,data/resultados_reais.csv
62,2026-06-26T17:00:00+00:00,official_result,33,2026-06-20T23:30:00+00:00,data/resultados_reais.csv
62,2026-06-26T17:00:00+00:00,official_result,34,2026-06-21T03:30:00+00:00,data/resultados_reais.csv
62,2026-06-26T17:00:00+00:00,official_result,36,2026-06-21T07:30:00+00:00,data/resultados_reais.csv
62,2026-06-26T17:00:00+00:00,official_result,38,2026-06-21T19:30:00+00:00,data/resultados_reais.csv
62,2026-06-26T17:00:00+00:00,official_result,39,2026-06-21T22:30:00+00:00,data/resultados_reais.csv
62,2026-06-26T17:00:00+00:00,official_result,37,2026-06-22T01:30:00+00:00,data/resultados_reais.csv
62,2026-06-26T17:00:00+00:00,official_result,40,2026-06-22T04:30:00+00:00,data/resultados_reais.csv
62,2026-06-26T17:00:00+00:00,official_result,43,2026-06-22T20:30:00+00:00,data/resultados_reais.csv
62,2026-06-26T17:00:00+00:00,official_result,42,2026-06-23T00:30:00+00:00,data/resultados_reais.csv
62,2026-06-26T17:00:00+00:00,official_result,41,2026-06-23T03:30:00+00:00,data/resultados_reais.csv
62,2026-06-26T17:00:00+00:00,official_result,44,2026-06-23T06:30:00+00:00,data/resultados_reais.csv
62,2026-06-26T17:00:00+00:00,official_result,47,2026-06-23T20:30:00+00:00,data/resultados_reais.csv
62,2026-06-26T17:00:00+00:00,official_result,45,2026-06-23T23:30:00+00:00,data/resultados_reais.csv
62,2026-06-26T17:00:00+00:00,official_result,46,2026-06-24T02:30:00+00:00,data/resultados_reais.csv
62,2026-06-26T17:00:00+00:00,official_result,48,2026-06-24T05:30:00+00:00,data/resultados_reais.csv
62,2026-06-26T17:00:00+00:00,official_result,51,2026-06-24T22:30:00+00:00,data/resultados_reais.csv
62,2026-06-26T17:00:00+00:00,official_result,52,2026-06-24T22:30:00+00:00,data/resultados_reais.csv
62,2026-06-26T17:00:00+00:00,official_result,49,2026-06-25T01:30:00+00:00,data/resultados_reais.csv
62,2026-06-26T17:00:00+00:00,official_result,50,2026-06-25T01:30:00+00:00,data/resultados_reais.csv
62,2026-06-26T17:00:00+00:00,official_result,53,2026-06-25T04:30:00+00:00,data/resultados_reais.csv
62,2026-06-26T17:00:00+00:00,official_result,54,2026-06-25T04:30:00+00:00,data/resultados_reais.csv
62,2026-06-26T17:00:00+00:00,official_result,55,2026-06-25T23:30:00+00:00,data/resultados_reais.csv
62,2026-06-26T17:00:00+00:00,official_result,56,2026-06-25T23:30:00+00:00,data/resultados_reais.csv
62,2026-06-26T17:00:00+00:00,official_result,57,2026-06-26T02:30:00+00:00,data/resultados_reais.csv
62,2026-06-26T17:00:00+00:00,official_result,58,2026-06-26T02:30:00+00:00,data/resultados_reais.csv
62,2026-06-26T17:00:00+00:00,official_result,59,2026-06-26T05:30:00+00:00,data/resultados_reais.csv
62,2026-06-26T17:00:00+00:00,official_result,60,2026-06-26T05:30:00+00:00,data/resultados_reais.csv
65,2026-06-26T22:00:00+00:00,team_profile,Cabo Verde,2026-06-11T03:59:59+00:00,data/pre_worldcup_state/teams.csv
65,2026-06-26T22:00:00+00:00,team_profile,Arábia Saudita,2026-06-11T03:59:59+00:00,data/pre_worldcup_state/teams.csv
65,2026-06-26T22:00:00+00:00,fixture,65,2026-06-11T03:59:59+00:00,data/temporal/matches_timeline.csv
65,2026-06-26T22:00:00+00:00,official_result,1,2026-06-11T22:30:00+00:00,data/resultados_reais.csv
65,2026-06-26T22:00:00+00:00,official_result,2,2026-06-12T05:30:00+00:00,data/resultados_reais.csv
65,2026-06-26T22:00:00+00:00,official_result,3,2026-06-12T22:30:00+00:00,data/resultados_reais.csv
65,2026-06-26T22:00:00+00:00,official_result,4,2026-06-13T04:30:00+00:00,data/resultados_reais.csv
65,2026-06-26T22:00:00+00:00,official_result,8,2026-06-13T22:30:00+00:00,data/resultados_reais.csv
65,2026-06-26T22:00:00+00:00,official_result,7,2026-06-14T01:30:00+00:00,data/resultados_reais.csv
65,2026-06-26T22:00:00+00:00,official_result,5,2026-06-14T04:30:00+00:00,data/resultados_reais.csv
65,2026-06-26T22:00:00+00:00,official_result,6,2026-06-14T07:30:00+00:00,data/resultados_reais.csv
65,2026-06-26T22:00:00+00:00,official_result,10,2026-06-14T20:30:00+00:00,data/resultados_reais.csv
65,2026-06-26T22:00:00+00:00,official_result,11,2026-06-14T23:30:00+00:00,data/resultados_reais.csv
65,2026-06-26T22:00:00+00:00,official_result,9,2026-06-15T02:30:00+00:00,data/resultados_reais.csv
65,2026-06-26T22:00:00+00:00,official_result,12,2026-06-15T05:30:00+00:00,data/resultados_reais.csv
65,2026-06-26T22:00:00+00:00,official_result,14,2026-06-15T19:30:00+00:00,data/resultados_reais.csv
65,2026-06-26T22:00:00+00:00,official_result,16,2026-06-15T22:30:00+00:00,data/resultados_reais.csv
65,2026-06-26T22:00:00+00:00,official_result,13,2026-06-16T01:30:00+00:00,data/resultados_reais.csv
65,2026-06-26T22:00:00+00:00,official_result,15,2026-06-16T04:30:00+00:00,data/resultados_reais.csv
65,2026-06-26T22:00:00+00:00,official_result,17,2026-06-16T22:30:00+00:00,data/resultados_reais.csv
65,2026-06-26T22:00:00+00:00,official_result,18,2026-06-17T01:30:00+00:00,data/resultados_reais.csv
65,2026-06-26T22:00:00+00:00,official_result,19,2026-06-17T04:30:00+00:00,data/resultados_reais.csv
65,2026-06-26T22:00:00+00:00,official_result,20,2026-06-17T07:30:00+00:00,data/resultados_reais.csv
65,2026-06-26T22:00:00+00:00,official_result,23,2026-06-17T20:30:00+00:00,data/resultados_reais.csv
65,2026-06-26T22:00:00+00:00,official_result,22,2026-06-17T23:30:00+00:00,data/resultados_reais.csv
65,2026-06-26T22:00:00+00:00,official_result,21,2026-06-18T02:30:00+00:00,data/resultados_reais.csv
65,2026-06-26T22:00:00+00:00,official_result,24,2026-06-18T05:30:00+00:00,data/resultados_reais.csv
65,2026-06-26T22:00:00+00:00,official_result,25,2026-06-18T19:30:00+00:00,data/resultados_reais.csv
65,2026-06-26T22:00:00+00:00,official_result,26,2026-06-18T22:30:00+00:00,data/resultados_reais.csv
65,2026-06-26T22:00:00+00:00,official_result,27,2026-06-19T01:30:00+00:00,data/resultados_reais.csv
65,2026-06-26T22:00:00+00:00,official_result,28,2026-06-19T04:30:00+00:00,data/resultados_reais.csv
65,2026-06-26T22:00:00+00:00,official_result,32,2026-06-19T22:30:00+00:00,data/resultados_reais.csv
65,2026-06-26T22:00:00+00:00,official_result,30,2026-06-20T01:30:00+00:00,data/resultados_reais.csv
65,2026-06-26T22:00:00+00:00,official_result,29,2026-06-20T04:30:00+00:00,data/resultados_reais.csv
65,2026-06-26T22:00:00+00:00,official_result,31,2026-06-20T06:30:00+00:00,data/resultados_reais.csv
65,2026-06-26T22:00:00+00:00,official_result,35,2026-06-20T20:30:00+00:00,data/resultados_reais.csv
65,2026-06-26T22:00:00+00:00,official_result,33,2026-06-20T23:30:00+00:00,data/resultados_reais.csv
65,2026-06-26T22:00:00+00:00,official_result,34,2026-06-21T03:30:00+00:00,data/resultados_reais.csv
65,2026-06-26T22:00:00+00:00,official_result,36,2026-06-21T07:30:00+00:00,data/resultados_reais.csv
65,2026-06-26T22:00:00+00:00,official_result,38,2026-06-21T19:30:00+00:00,data/resultados_reais.csv
65,2026-06-26T22:00:00+00:00,official_result,39,2026-06-21T22:30:00+00:00,data/resultados_reais.csv
65,2026-06-26T22:00:00+00:00,official_result,37,2026-06-22T01:30:00+00:00,data/resultados_reais.csv
65,2026-06-26T22:00:00+00:00,official_result,40,2026-06-22T04:30:00+00:00,data/resultados_reais.csv
65,2026-06-26T22:00:00+00:00,official_result,43,2026-06-22T20:30:00+00:00,data/resultados_reais.csv
65,2026-06-26T22:00:00+00:00,official_result,42,2026-06-23T00:30:00+00:00,data/resultados_reais.csv
65,2026-06-26T22:00:00+00:00,official_result,41,2026-06-23T03:30:00+00:00,data/resultados_reais.csv
65,2026-06-26T22:00:00+00:00,official_result,44,2026-06-23T06:30:00+00:00,data/resultados_reais.csv
65,2026-06-26T22:00:00+00:00,official_result,47,2026-06-23T20:30:00+00:00,data/resultados_reais.csv
65,2026-06-26T22:00:00+00:00,official_result,45,2026-06-23T23:30:00+00:00,data/resultados_reais.csv
65,2026-06-26T22:00:00+00:00,official_result,46,2026-06-24T02:30:00+00:00,data/resultados_reais.csv
65,2026-06-26T22:00:00+00:00,official_result,48,2026-06-24T05:30:00+00:00,data/resultados_reais.csv
65,2026-06-26T22:00:00+00:00,official_result,51,2026-06-24T22:30:00+00:00,data/resultados_reais.csv
65,2026-06-26T22:00:00+00:00,official_result,52,2026-06-24T22:30:00+00:00,data/resultados_reais.csv
65,2026-06-26T22:00:00+00:00,official_result,49,2026-06-25T01:30:00+00:00,data/resultados_reais.csv
65,2026-06-26T22:00:00+00:00,official_result,50,2026-06-25T01:30:00+00:00,data/resultados_reais.csv
65,2026-06-26T22:00:00+00:00,official_result,53,2026-06-25T04:30:00+00:00,data/resultados_reais.csv
65,2026-06-26T22:00:00+00:00,official_result,54,2026-06-25T04:30:00+00:00,data/resultados_reais.csv
65,2026-06-26T22:00:00+00:00,official_result,55,2026-06-25T23:30:00+00:00,data/resultados_reais.csv
65,2026-06-26T22:00:00+00:00,official_result,56,2026-06-25T23:30:00+00:00,data/resultados_reais.csv
65,2026-06-26T22:00:00+00:00,official_result,57,2026-06-26T02:30:00+00:00,data/resultados_reais.csv
65,2026-06-26T22:00:00+00:00,official_result,58,2026-06-26T02:30:00+00:00,data/resultados_reais.csv
65,2026-06-26T22:00:00+00:00,official_result,59,2026-06-26T05:30:00+00:00,data/resultados_reais.csv
65,2026-06-26T22:00:00+00:00,official_result,60,2026-06-26T05:30:00+00:00,data/resultados_reais.csv
66,2026-06-26T22:00:00+00:00,team_profile,Uruguai,2026-06-11T03:59:59+00:00,data/pre_worldcup_state/teams.csv
66,2026-06-26T22:00:00+00:00,team_profile,Espanha,2026-06-11T03:59:59+00:00,data/pre_worldcup_state/teams.csv
66,2026-06-26T22:00:00+00:00,fixture,66,2026-06-11T03:59:59+00:00,data/temporal/matches_timeline.csv
66,2026-06-26T22:00:00+00:00,official_result,1,2026-06-11T22:30:00+00:00,data/resultados_reais.csv
66,2026-06-26T22:00:00+00:00,official_result,2,2026-06-12T05:30:00+00:00,data/resultados_reais.csv
66,2026-06-26T22:00:00+00:00,official_result,3,2026-06-12T22:30:00+00:00,data/resultados_reais.csv
66,2026-06-26T22:00:00+00:00,official_result,4,2026-06-13T04:30:00+00:00,data/resultados_reais.csv
66,2026-06-26T22:00:00+00:00,official_result,8,2026-06-13T22:30:00+00:00,data/resultados_reais.csv
66,2026-06-26T22:00:00+00:00,official_result,7,2026-06-14T01:30:00+00:00,data/resultados_reais.csv
66,2026-06-26T22:00:00+00:00,official_result,5,2026-06-14T04:30:00+00:00,data/resultados_reais.csv
66,2026-06-26T22:00:00+00:00,official_result,6,2026-06-14T07:30:00+00:00,data/resultados_reais.csv
66,2026-06-26T22:00:00+00:00,official_result,10,2026-06-14T20:30:00+00:00,data/resultados_reais.csv
66,2026-06-26T22:00:00+00:00,official_result,11,2026-06-14T23:30:00+00:00,data/resultados_reais.csv
66,2026-06-26T22:00:00+00:00,official_result,9,2026-06-15T02:30:00+00:00,data/resultados_reais.csv
66,2026-06-26T22:00:00+00:00,official_result,12,2026-06-15T05:30:00+00:00,data/resultados_reais.csv
66,2026-06-26T22:00:00+00:00,official_result,14,2026-06-15T19:30:00+00:00,data/resultados_reais.csv
66,2026-06-26T22:00:00+00:00,official_result,16,2026-06-15T22:30:00+00:00,data/resultados_reais.csv
66,2026-06-26T22:00:00+00:00,official_result,13,2026-06-16T01:30:00+00:00,data/resultados_reais.csv
66,2026-06-26T22:00:00+00:00,official_result,15,2026-06-16T04:30:00+00:00,data/resultados_reais.csv
66,2026-06-26T22:00:00+00:00,official_result,17,2026-06-16T22:30:00+00:00,data/resultados_reais.csv
66,2026-06-26T22:00:00+00:00,official_result,18,2026-06-17T01:30:00+00:00,data/resultados_reais.csv
66,2026-06-26T22:00:00+00:00,official_result,19,2026-06-17T04:30:00+00:00,data/resultados_reais.csv
66,2026-06-26T22:00:00+00:00,official_result,20,2026-06-17T07:30:00+00:00,data/resultados_reais.csv
66,2026-06-26T22:00:00+00:00,official_result,23,2026-06-17T20:30:00+00:00,data/resultados_reais.csv
66,2026-06-26T22:00:00+00:00,official_result,22,2026-06-17T23:30:00+00:00,data/resultados_reais.csv
66,2026-06-26T22:00:00+00:00,official_result,21,2026-06-18T02:30:00+00:00,data/resultados_reais.csv
66,2026-06-26T22:00:00+00:00,official_result,24,2026-06-18T05:30:00+00:00,data/resultados_reais.csv
66,2026-06-26T22:00:00+00:00,official_result,25,2026-06-18T19:30:00+00:00,data/resultados_reais.csv
66,2026-06-26T22:00:00+00:00,official_result,26,2026-06-18T22:30:00+00:00,data/resultados_reais.csv
66,2026-06-26T22:00:00+00:00,official_result,27,2026-06-19T01:30:00+00:00,data/resultados_reais.csv
66,2026-06-26T22:00:00+00:00,official_result,28,2026-06-19T04:30:00+00:00,data/resultados_reais.csv
66,2026-06-26T22:00:00+00:00,official_result,32,2026-06-19T22:30:00+00:00,data/resultados_reais.csv
66,2026-06-26T22:00:00+00:00,official_result,30,2026-06-20T01:30:00+00:00,data/resultados_reais.csv
66,2026-06-26T22:00:00+00:00,official_result,29,2026-06-20T04:30:00+00:00,data/resultados_reais.csv
66,2026-06-26T22:00:00+00:00,official_result,31,2026-06-20T06:30:00+00:00,data/resultados_reais.csv
66,2026-06-26T22:00:00+00:00,official_result,35,2026-06-20T20:30:00+00:00,data/resultados_reais.csv
66,2026-06-26T22:00:00+00:00,official_result,33,2026-06-20T23:30:00+00:00,data/resultados_reais.csv
66,2026-06-26T22:00:00+00:00,official_result,34,2026-06-21T03:30:00+00:00,data/resultados_reais.csv
66,2026-06-26T22:00:00+00:00,official_result,36,2026-06-21T07:30:00+00:00,data/resultados_reais.csv
66,2026-06-26T22:00:00+00:00,official_result,38,2026-06-21T19:30:00+00:00,data/resultados_reais.csv
66,2026-06-26T22:00:00+00:00,official_result,39,2026-06-21T22:30:00+00:00,data/resultados_reais.csv
66,2026-06-26T22:00:00+00:00,official_result,37,2026-06-22T01:30:00+00:00,data/resultados_reais.csv
66,2026-06-26T22:00:00+00:00,official_result,40,2026-06-22T04:30:00+00:00,data/resultados_reais.csv
66,2026-06-26T22:00:00+00:00,official_result,43,2026-06-22T20:30:00+00:00,data/resultados_reais.csv
66,2026-06-26T22:00:00+00:00,official_result,42,2026-06-23T00:30:00+00:00,data/resultados_reais.csv
66,2026-06-26T22:00:00+00:00,official_result,41,2026-06-23T03:30:00+00:00,data/resultados_reais.csv
66,2026-06-26T22:00:00+00:00,official_result,44,2026-06-23T06:30:00+00:00,data/resultados_reais.csv
66,2026-06-26T22:00:00+00:00,official_result,47,2026-06-23T20:30:00+00:00,data/resultados_reais.csv
66,2026-06-26T22:00:00+00:00,official_result,45,2026-06-23T23:30:00+00:00,data/resultados_reais.csv
66,2026-06-26T22:00:00+00:00,official_result,46,2026-06-24T02:30:00+00:00,data/resultados_reais.csv
66,2026-06-26T22:00:00+00:00,official_result,48,2026-06-24T05:30:00+00:00,data/resultados_reais.csv
66,2026-06-26T22:00:00+00:00,official_result,51,2026-06-24T22:30:00+00:00,data/resultados_reais.csv
66,2026-06-26T22:00:00+00:00,official_result,52,2026-06-24T22:30:00+00:00,data/resultados_reais.csv
66,2026-06-26T22:00:00+00:00,official_result,49,2026-06-25T01:30:00+00:00,data/resultados_reais.csv
66,2026-06-26T22:00:00+00:00,official_result,50,2026-06-25T01:30:00+00:00,data/resultados_reais.csv
66,2026-06-26T22:00:00+00:00,official_result,53,2026-06-25T04:30:00+00:00,data/resultados_reais.csv
66,2026-06-26T22:00:00+00:00,official_result,54,2026-06-25T04:30:00+00:00,data/resultados_reais.csv
66,2026-06-26T22:00:00+00:00,official_result,55,2026-06-25T23:30:00+00:00,data/resultados_reais.csv
66,2026-06-26T22:00:00+00:00,official_result,56,2026-06-25T23:30:00+00:00,data/resultados_reais.csv
66,2026-06-26T22:00:00+00:00,official_result,57,2026-06-26T02:30:00+00:00,data/resultados_reais.csv
66,2026-06-26T22:00:00+00:00,official_result,58,2026-06-26T02:30:00+00:00,data/resultados_reais.csv
66,2026-06-26T22:00:00+00:00,official_result,59,2026-06-26T05:30:00+00:00,data/resultados_reais.csv
66,2026-06-26T22:00:00+00:00,official_result,60,2026-06-26T05:30:00+00:00,data/resultados_reais.csv
63,2026-06-27T01:00:00+00:00,team_profile,Egito,2026-06-11T03:59:59+00:00,data/pre_worldcup_state/teams.csv
63,2026-06-27T01:00:00+00:00,team_profile,Irã,2026-06-11T03:59:59+00:00,data/pre_worldcup_state/teams.csv
63,2026-06-27T01:00:00+00:00,fixture,63,2026-06-11T03:59:59+00:00,data/temporal/matches_timeline.csv
63,2026-06-27T01:00:00+00:00,official_result,1,2026-06-11T22:30:00+00:00,data/resultados_reais.csv
63,2026-06-27T01:00:00+00:00,official_result,2,2026-06-12T05:30:00+00:00,data/resultados_reais.csv
63,2026-06-27T01:00:00+00:00,official_result,3,2026-06-12T22:30:00+00:00,data/resultados_reais.csv
63,2026-06-27T01:00:00+00:00,official_result,4,2026-06-13T04:30:00+00:00,data/resultados_reais.csv
63,2026-06-27T01:00:00+00:00,official_result,8,2026-06-13T22:30:00+00:00,data/resultados_reais.csv
63,2026-06-27T01:00:00+00:00,official_result,7,2026-06-14T01:30:00+00:00,data/resultados_reais.csv
63,2026-06-27T01:00:00+00:00,official_result,5,2026-06-14T04:30:00+00:00,data/resultados_reais.csv
63,2026-06-27T01:00:00+00:00,official_result,6,2026-06-14T07:30:00+00:00,data/resultados_reais.csv
63,2026-06-27T01:00:00+00:00,official_result,10,2026-06-14T20:30:00+00:00,data/resultados_reais.csv
63,2026-06-27T01:00:00+00:00,official_result,11,2026-06-14T23:30:00+00:00,data/resultados_reais.csv
63,2026-06-27T01:00:00+00:00,official_result,9,2026-06-15T02:30:00+00:00,data/resultados_reais.csv
63,2026-06-27T01:00:00+00:00,official_result,12,2026-06-15T05:30:00+00:00,data/resultados_reais.csv
63,2026-06-27T01:00:00+00:00,official_result,14,2026-06-15T19:30:00+00:00,data/resultados_reais.csv
63,2026-06-27T01:00:00+00:00,official_result,16,2026-06-15T22:30:00+00:00,data/resultados_reais.csv
63,2026-06-27T01:00:00+00:00,official_result,13,2026-06-16T01:30:00+00:00,data/resultados_reais.csv
63,2026-06-27T01:00:00+00:00,official_result,15,2026-06-16T04:30:00+00:00,data/resultados_reais.csv
63,2026-06-27T01:00:00+00:00,official_result,17,2026-06-16T22:30:00+00:00,data/resultados_reais.csv
63,2026-06-27T01:00:00+00:00,official_result,18,2026-06-17T01:30:00+00:00,data/resultados_reais.csv
63,2026-06-27T01:00:00+00:00,official_result,19,2026-06-17T04:30:00+00:00,data/resultados_reais.csv
63,2026-06-27T01:00:00+00:00,official_result,20,2026-06-17T07:30:00+00:00,data/resultados_reais.csv
63,2026-06-27T01:00:00+00:00,official_result,23,2026-06-17T20:30:00+00:00,data/resultados_reais.csv
63,2026-06-27T01:00:00+00:00,official_result,22,2026-06-17T23:30:00+00:00,data/resultados_reais.csv
63,2026-06-27T01:00:00+00:00,official_result,21,2026-06-18T02:30:00+00:00,data/resultados_reais.csv
63,2026-06-27T01:00:00+00:00,official_result,24,2026-06-18T05:30:00+00:00,data/resultados_reais.csv
63,2026-06-27T01:00:00+00:00,official_result,25,2026-06-18T19:30:00+00:00,data/resultados_reais.csv
63,2026-06-27T01:00:00+00:00,official_result,26,2026-06-18T22:30:00+00:00,data/resultados_reais.csv
63,2026-06-27T01:00:00+00:00,official_result,27,2026-06-19T01:30:00+00:00,data/resultados_reais.csv
63,2026-06-27T01:00:00+00:00,official_result,28,2026-06-19T04:30:00+00:00,data/resultados_reais.csv
63,2026-06-27T01:00:00+00:00,official_result,32,2026-06-19T22:30:00+00:00,data/resultados_reais.csv
63,2026-06-27T01:00:00+00:00,official_result,30,2026-06-20T01:30:00+00:00,data/resultados_reais.csv
63,2026-06-27T01:00:00+00:00,official_result,29,2026-06-20T04:30:00+00:00,data/resultados_reais.csv
63,2026-06-27T01:00:00+00:00,official_result,31,2026-06-20T06:30:00+00:00,data/resultados_reais.csv
63,2026-06-27T01:00:00+00:00,official_result,35,2026-06-20T20:30:00+00:00,data/resultados_reais.csv
63,2026-06-27T01:00:00+00:00,official_result,33,2026-06-20T23:30:00+00:00,data/resultados_reais.csv
63,2026-06-27T01:00:00+00:00,official_result,34,2026-06-21T03:30:00+00:00,data/resultados_reais.csv
63,2026-06-27T01:00:00+00:00,official_result,36,2026-06-21T07:30:00+00:00,data/resultados_reais.csv
63,2026-06-27T01:00:00+00:00,official_result,38,2026-06-21T19:30:00+00:00,data/resultados_reais.csv
63,2026-06-27T01:00:00+00:00,official_result,39,2026-06-21T22:30:00+00:00,data/resultados_reais.csv
63,2026-06-27T01:00:00+00:00,official_result,37,2026-06-22T01:30:00+00:00,data/resultados_reais.csv
63,2026-06-27T01:00:00+00:00,official_result,40,2026-06-22T04:30:00+00:00,data/resultados_reais.csv
63,2026-06-27T01:00:00+00:00,official_result,43,2026-06-22T20:30:00+00:00,data/resultados_reais.csv
63,2026-06-27T01:00:00+00:00,official_result,42,2026-06-23T00:30:00+00:00,data/resultados_reais.csv
63,2026-06-27T01:00:00+00:00,official_result,41,2026-06-23T03:30:00+00:00,data/resultados_reais.csv
63,2026-06-27T01:00:00+00:00,official_result,44,2026-06-23T06:30:00+00:00,data/resultados_reais.csv
63,2026-06-27T01:00:00+00:00,official_result,47,2026-06-23T20:30:00+00:00,data/resultados_reais.csv
63,2026-06-27T01:00:00+00:00,official_result,45,2026-06-23T23:30:00+00:00,data/resultados_reais.csv
63,2026-06-27T01:00:00+00:00,official_result,46,2026-06-24T02:30:00+00:00,data/resultados_reais.csv
63,2026-06-27T01:00:00+00:00,official_result,48,2026-06-24T05:30:00+00:00,data/resultados_reais.csv
63,2026-06-27T01:00:00+00:00,official_result,51,2026-06-24T22:30:00+00:00,data/resultados_reais.csv
63,2026-06-27T01:00:00+00:00,official_result,52,2026-06-24T22:30:00+00:00,data/resultados_reais.csv
63,2026-06-27T01:00:00+00:00,official_result,49,2026-06-25T01:30:00+00:00,data/resultados_reais.csv
63,2026-06-27T01:00:00+00:00,official_result,50,2026-06-25T01:30:00+00:00,data/resultados_reais.csv
63,2026-06-27T01:00:00+00:00,official_result,53,2026-06-25T04:30:00+00:00,data/resultados_reais.csv
63,2026-06-27T01:00:00+00:00,official_result,54,2026-06-25T04:30:00+00:00,data/resultados_reais.csv
63,2026-06-27T01:00:00+00:00,official_result,55,2026-06-25T23:30:00+00:00,data/resultados_reais.csv
63,2026-06-27T01:00:00+00:00,official_result,56,2026-06-25T23:30:00+00:00,data/resultados_reais.csv
63,2026-06-27T01:00:00+00:00,official_result,57,2026-06-26T02:30:00+00:00,data/resultados_reais.csv
63,2026-06-27T01:00:00+00:00,official_result,58,2026-06-26T02:30:00+00:00,data/resultados_reais.csv
63,2026-06-27T01:00:00+00:00,official_result,59,2026-06-26T05:30:00+00:00,data/resultados_reais.csv
63,2026-06-27T01:00:00+00:00,official_result,60,2026-06-26T05:30:00+00:00,data/resultados_reais.csv
63,2026-06-27T01:00:00+00:00,official_result,61,2026-06-26T22:30:00+00:00,data/resultados_reais.csv
63,2026-06-27T01:00:00+00:00,official_result,62,2026-06-26T22:30:00+00:00,data/resultados_reais.csv
64,2026-06-27T01:00:00+00:00,team_profile,Nova Zelândia,2026-06-11T03:59:59+00:00,data/pre_worldcup_state/teams.csv
64,2026-06-27T01:00:00+00:00,team_profile,Bélgica,2026-06-11T03:59:59+00:00,data/pre_worldcup_state/teams.csv
64,2026-06-27T01:00:00+00:00,fixture,64,2026-06-11T03:59:59+00:00,data/temporal/matches_timeline.csv
64,2026-06-27T01:00:00+00:00,official_result,1,2026-06-11T22:30:00+00:00,data/resultados_reais.csv
64,2026-06-27T01:00:00+00:00,official_result,2,2026-06-12T05:30:00+00:00,data/resultados_reais.csv
64,2026-06-27T01:00:00+00:00,official_result,3,2026-06-12T22:30:00+00:00,data/resultados_reais.csv
64,2026-06-27T01:00:00+00:00,official_result,4,2026-06-13T04:30:00+00:00,data/resultados_reais.csv
64,2026-06-27T01:00:00+00:00,official_result,8,2026-06-13T22:30:00+00:00,data/resultados_reais.csv
64,2026-06-27T01:00:00+00:00,official_result,7,2026-06-14T01:30:00+00:00,data/resultados_reais.csv
64,2026-06-27T01:00:00+00:00,official_result,5,2026-06-14T04:30:00+00:00,data/resultados_reais.csv
64,2026-06-27T01:00:00+00:00,official_result,6,2026-06-14T07:30:00+00:00,data/resultados_reais.csv
64,2026-06-27T01:00:00+00:00,official_result,10,2026-06-14T20:30:00+00:00,data/resultados_reais.csv
64,2026-06-27T01:00:00+00:00,official_result,11,2026-06-14T23:30:00+00:00,data/resultados_reais.csv
64,2026-06-27T01:00:00+00:00,official_result,9,2026-06-15T02:30:00+00:00,data/resultados_reais.csv
64,2026-06-27T01:00:00+00:00,official_result,12,2026-06-15T05:30:00+00:00,data/resultados_reais.csv
64,2026-06-27T01:00:00+00:00,official_result,14,2026-06-15T19:30:00+00:00,data/resultados_reais.csv
64,2026-06-27T01:00:00+00:00,official_result,16,2026-06-15T22:30:00+00:00,data/resultados_reais.csv
64,2026-06-27T01:00:00+00:00,official_result,13,2026-06-16T01:30:00+00:00,data/resultados_reais.csv
64,2026-06-27T01:00:00+00:00,official_result,15,2026-06-16T04:30:00+00:00,data/resultados_reais.csv
64,2026-06-27T01:00:00+00:00,official_result,17,2026-06-16T22:30:00+00:00,data/resultados_reais.csv
64,2026-06-27T01:00:00+00:00,official_result,18,2026-06-17T01:30:00+00:00,data/resultados_reais.csv
64,2026-06-27T01:00:00+00:00,official_result,19,2026-06-17T04:30:00+00:00,data/resultados_reais.csv
64,2026-06-27T01:00:00+00:00,official_result,20,2026-06-17T07:30:00+00:00,data/resultados_reais.csv
64,2026-06-27T01:00:00+00:00,official_result,23,2026-06-17T20:30:00+00:00,data/resultados_reais.csv
64,2026-06-27T01:00:00+00:00,official_result,22,2026-06-17T23:30:00+00:00,data/resultados_reais.csv
64,2026-06-27T01:00:00+00:00,official_result,21,2026-06-18T02:30:00+00:00,data/resultados_reais.csv
64,2026-06-27T01:00:00+00:00,official_result,24,2026-06-18T05:30:00+00:00,data/resultados_reais.csv
64,2026-06-27T01:00:00+00:00,official_result,25,2026-06-18T19:30:00+00:00,data/resultados_reais.csv
64,2026-06-27T01:00:00+00:00,official_result,26,2026-06-18T22:30:00+00:00,data/resultados_reais.csv
64,2026-06-27T01:00:00+00:00,official_result,27,2026-06-19T01:30:00+00:00,data/resultados_reais.csv
64,2026-06-27T01:00:00+00:00,official_result,28,2026-06-19T04:30:00+00:00,data/resultados_reais.csv
64,2026-06-27T01:00:00+00:00,official_result,32,2026-06-19T22:30:00+00:00,data/resultados_reais.csv
64,2026-06-27T01:00:00+00:00,official_result,30,2026-06-20T01:30:00+00:00,data/resultados_reais.csv
64,2026-06-27T01:00:00+00:00,official_result,29,2026-06-20T04:30:00+00:00,data/resultados_reais.csv
64,2026-06-27T01:00:00+00:00,official_result,31,2026-06-20T06:30:00+00:00,data/resultados_reais.csv
64,2026-06-27T01:00:00+00:00,official_result,35,2026-06-20T20:30:00+00:00,data/resultados_reais.csv
64,2026-06-27T01:00:00+00:00,official_result,33,2026-06-20T23:30:00+00:00,data/resultados_reais.csv
64,2026-06-27T01:00:00+00:00,official_result,34,2026-06-21T03:30:00+00:00,data/resultados_reais.csv
64,2026-06-27T01:00:00+00:00,official_result,36,2026-06-21T07:30:00+00:00,data/resultados_reais.csv
64,2026-06-27T01:00:00+00:00,official_result,38,2026-06-21T19:30:00+00:00,data/resultados_reais.csv
64,2026-06-27T01:00:00+00:00,official_result,39,2026-06-21T22:30:00+00:00,data/resultados_reais.csv
64,2026-06-27T01:00:00+00:00,official_result,37,2026-06-22T01:30:00+00:00,data/resultados_reais.csv
64,2026-06-27T01:00:00+00:00,official_result,40,2026-06-22T04:30:00+00:00,data/resultados_reais.csv
64,2026-06-27T01:00:00+00:00,official_result,43,2026-06-22T20:30:00+00:00,data/resultados_reais.csv
64,2026-06-27T01:00:00+00:00,official_result,42,2026-06-23T00:30:00+00:00,data/resultados_reais.csv
64,2026-06-27T01:00:00+00:00,official_result,41,2026-06-23T03:30:00+00:00,data/resultados_reais.csv
64,2026-06-27T01:00:00+00:00,official_result,44,2026-06-23T06:30:00+00:00,data/resultados_reais.csv
64,2026-06-27T01:00:00+00:00,official_result,47,2026-06-23T20:30:00+00:00,data/resultados_reais.csv
64,2026-06-27T01:00:00+00:00,official_result,45,2026-06-23T23:30:00+00:00,data/resultados_reais.csv
64,2026-06-27T01:00:00+00:00,official_result,46,2026-06-24T02:30:00+00:00,data/resultados_reais.csv
64,2026-06-27T01:00:00+00:00,official_result,48,2026-06-24T05:30:00+00:00,data/resultados_reais.csv
64,2026-06-27T01:00:00+00:00,official_result,51,2026-06-24T22:30:00+00:00,data/resultados_reais.csv
64,2026-06-27T01:00:00+00:00,official_result,52,2026-06-24T22:30:00+00:00,data/resultados_reais.csv
64,2026-06-27T01:00:00+00:00,official_result,49,2026-06-25T01:30:00+00:00,data/resultados_reais.csv
64,2026-06-27T01:00:00+00:00,official_result,50,2026-06-25T01:30:00+00:00,data/resultados_reais.csv
64,2026-06-27T01:00:00+00:00,official_result,53,2026-06-25T04:30:00+00:00,data/resultados_reais.csv
64,2026-06-27T01:00:00+00:00,official_result,54,2026-06-25T04:30:00+00:00,data/resultados_reais.csv
64,2026-06-27T01:00:00+00:00,official_result,55,2026-06-25T23:30:00+00:00,data/resultados_reais.csv
64,2026-06-27T01:00:00+00:00,official_result,56,2026-06-25T23:30:00+00:00,data/resultados_reais.csv
64,2026-06-27T01:00:00+00:00,official_result,57,2026-06-26T02:30:00+00:00,data/resultados_reais.csv
64,2026-06-27T01:00:00+00:00,official_result,58,2026-06-26T02:30:00+00:00,data/resultados_reais.csv
64,2026-06-27T01:00:00+00:00,official_result,59,2026-06-26T05:30:00+00:00,data/resultados_reais.csv
64,2026-06-27T01:00:00+00:00,official_result,60,2026-06-26T05:30:00+00:00,data/resultados_reais.csv
64,2026-06-27T01:00:00+00:00,official_result,61,2026-06-26T22:30:00+00:00,data/resultados_reais.csv
64,2026-06-27T01:00:00+00:00,official_result,62,2026-06-26T22:30:00+00:00,data/resultados_reais.csv
67,2026-06-27T19:00:00+00:00,team_profile,Panamá,2026-06-11T03:59:59+00:00,data/pre_worldcup_state/teams.csv
67,2026-06-27T19:00:00+00:00,team_profile,Inglaterra,2026-06-11T03:59:59+00:00,data/pre_worldcup_state/teams.csv
67,2026-06-27T19:00:00+00:00,fixture,67,2026-06-11T03:59:59+00:00,data/temporal/matches_timeline.csv
67,2026-06-27T19:00:00+00:00,official_result,1,2026-06-11T22:30:00+00:00,data/resultados_reais.csv
67,2026-06-27T19:00:00+00:00,official_result,2,2026-06-12T05:30:00+00:00,data/resultados_reais.csv
67,2026-06-27T19:00:00+00:00,official_result,3,2026-06-12T22:30:00+00:00,data/resultados_reais.csv
67,2026-06-27T19:00:00+00:00,official_result,4,2026-06-13T04:30:00+00:00,data/resultados_reais.csv
67,2026-06-27T19:00:00+00:00,official_result,8,2026-06-13T22:30:00+00:00,data/resultados_reais.csv
67,2026-06-27T19:00:00+00:00,official_result,7,2026-06-14T01:30:00+00:00,data/resultados_reais.csv
67,2026-06-27T19:00:00+00:00,official_result,5,2026-06-14T04:30:00+00:00,data/resultados_reais.csv
67,2026-06-27T19:00:00+00:00,official_result,6,2026-06-14T07:30:00+00:00,data/resultados_reais.csv
67,2026-06-27T19:00:00+00:00,official_result,10,2026-06-14T20:30:00+00:00,data/resultados_reais.csv
67,2026-06-27T19:00:00+00:00,official_result,11,2026-06-14T23:30:00+00:00,data/resultados_reais.csv
67,2026-06-27T19:00:00+00:00,official_result,9,2026-06-15T02:30:00+00:00,data/resultados_reais.csv
67,2026-06-27T19:00:00+00:00,official_result,12,2026-06-15T05:30:00+00:00,data/resultados_reais.csv
67,2026-06-27T19:00:00+00:00,official_result,14,2026-06-15T19:30:00+00:00,data/resultados_reais.csv
67,2026-06-27T19:00:00+00:00,official_result,16,2026-06-15T22:30:00+00:00,data/resultados_reais.csv
67,2026-06-27T19:00:00+00:00,official_result,13,2026-06-16T01:30:00+00:00,data/resultados_reais.csv
67,2026-06-27T19:00:00+00:00,official_result,15,2026-06-16T04:30:00+00:00,data/resultados_reais.csv
67,2026-06-27T19:00:00+00:00,official_result,17,2026-06-16T22:30:00+00:00,data/resultados_reais.csv
67,2026-06-27T19:00:00+00:00,official_result,18,2026-06-17T01:30:00+00:00,data/resultados_reais.csv
67,2026-06-27T19:00:00+00:00,official_result,19,2026-06-17T04:30:00+00:00,data/resultados_reais.csv
67,2026-06-27T19:00:00+00:00,official_result,20,2026-06-17T07:30:00+00:00,data/resultados_reais.csv
67,2026-06-27T19:00:00+00:00,official_result,23,2026-06-17T20:30:00+00:00,data/resultados_reais.csv
67,2026-06-27T19:00:00+00:00,official_result,22,2026-06-17T23:30:00+00:00,data/resultados_reais.csv
67,2026-06-27T19:00:00+00:00,official_result,21,2026-06-18T02:30:00+00:00,data/resultados_reais.csv
67,2026-06-27T19:00:00+00:00,official_result,24,2026-06-18T05:30:00+00:00,data/resultados_reais.csv
67,2026-06-27T19:00:00+00:00,official_result,25,2026-06-18T19:30:00+00:00,data/resultados_reais.csv
67,2026-06-27T19:00:00+00:00,official_result,26,2026-06-18T22:30:00+00:00,data/resultados_reais.csv
67,2026-06-27T19:00:00+00:00,official_result,27,2026-06-19T01:30:00+00:00,data/resultados_reais.csv
67,2026-06-27T19:00:00+00:00,official_result,28,2026-06-19T04:30:00+00:00,data/resultados_reais.csv
67,2026-06-27T19:00:00+00:00,official_result,32,2026-06-19T22:30:00+00:00,data/resultados_reais.csv
67,2026-06-27T19:00:00+00:00,official_result,30,2026-06-20T01:30:00+00:00,data/resultados_reais.csv
67,2026-06-27T19:00:00+00:00,official_result,29,2026-06-20T04:30:00+00:00,data/resultados_reais.csv
67,2026-06-27T19:00:00+00:00,official_result,31,2026-06-20T06:30:00+00:00,data/resultados_reais.csv
67,2026-06-27T19:00:00+00:00,official_result,35,2026-06-20T20:30:00+00:00,data/resultados_reais.csv
67,2026-06-27T19:00:00+00:00,official_result,33,2026-06-20T23:30:00+00:00,data/resultados_reais.csv
67,2026-06-27T19:00:00+00:00,official_result,34,2026-06-21T03:30:00+00:00,data/resultados_reais.csv
67,2026-06-27T19:00:00+00:00,official_result,36,2026-06-21T07:30:00+00:00,data/resultados_reais.csv
67,2026-06-27T19:00:00+00:00,official_result,38,2026-06-21T19:30:00+00:00,data/resultados_reais.csv
67,2026-06-27T19:00:00+00:00,official_result,39,2026-06-21T22:30:00+00:00,data/resultados_reais.csv
67,2026-06-27T19:00:00+00:00,official_result,37,2026-06-22T01:30:00+00:00,data/resultados_reais.csv
67,2026-06-27T19:00:00+00:00,official_result,40,2026-06-22T04:30:00+00:00,data/resultados_reais.csv
67,2026-06-27T19:00:00+00:00,official_result,43,2026-06-22T20:30:00+00:00,data/resultados_reais.csv
67,2026-06-27T19:00:00+00:00,official_result,42,2026-06-23T00:30:00+00:00,data/resultados_reais.csv
67,2026-06-27T19:00:00+00:00,official_result,41,2026-06-23T03:30:00+00:00,data/resultados_reais.csv
67,2026-06-27T19:00:00+00:00,official_result,44,2026-06-23T06:30:00+00:00,data/resultados_reais.csv
67,2026-06-27T19:00:00+00:00,official_result,47,2026-06-23T20:30:00+00:00,data/resultados_reais.csv
67,2026-06-27T19:00:00+00:00,official_result,45,2026-06-23T23:30:00+00:00,data/resultados_reais.csv
67,2026-06-27T19:00:00+00:00,official_result,46,2026-06-24T02:30:00+00:00,data/resultados_reais.csv
67,2026-06-27T19:00:00+00:00,official_result,48,2026-06-24T05:30:00+00:00,data/resultados_reais.csv
67,2026-06-27T19:00:00+00:00,official_result,51,2026-06-24T22:30:00+00:00,data/resultados_reais.csv
67,2026-06-27T19:00:00+00:00,official_result,52,2026-06-24T22:30:00+00:00,data/resultados_reais.csv
67,2026-06-27T19:00:00+00:00,official_result,49,2026-06-25T01:30:00+00:00,data/resultados_reais.csv
67,2026-06-27T19:00:00+00:00,official_result,50,2026-06-25T01:30:00+00:00,data/resultados_reais.csv
67,2026-06-27T19:00:00+00:00,official_result,53,2026-06-25T04:30:00+00:00,data/resultados_reais.csv
67,2026-06-27T19:00:00+00:00,official_result,54,2026-06-25T04:30:00+00:00,data/resultados_reais.csv
67,2026-06-27T19:00:00+00:00,official_result,55,2026-06-25T23:30:00+00:00,data/resultados_reais.csv
67,2026-06-27T19:00:00+00:00,official_result,56,2026-06-25T23:30:00+00:00,data/resultados_reais.csv
67,2026-06-27T19:00:00+00:00,official_result,57,2026-06-26T02:30:00+00:00,data/resultados_reais.csv
67,2026-06-27T19:00:00+00:00,official_result,58,2026-06-26T02:30:00+00:00,data/resultados_reais.csv
67,2026-06-27T19:00:00+00:00,official_result,59,2026-06-26T05:30:00+00:00,data/resultados_reais.csv
67,2026-06-27T19:00:00+00:00,official_result,60,2026-06-26T05:30:00+00:00,data/resultados_reais.csv
67,2026-06-27T19:00:00+00:00,official_result,61,2026-06-26T22:30:00+00:00,data/resultados_reais.csv
67,2026-06-27T19:00:00+00:00,official_result,62,2026-06-26T22:30:00+00:00,data/resultados_reais.csv
67,2026-06-27T19:00:00+00:00,official_result,65,2026-06-27T03:30:00+00:00,data/resultados_reais.csv
67,2026-06-27T19:00:00+00:00,official_result,66,2026-06-27T03:30:00+00:00,data/resultados_reais.csv
67,2026-06-27T19:00:00+00:00,official_result,63,2026-06-27T06:30:00+00:00,data/resultados_reais.csv
67,2026-06-27T19:00:00+00:00,official_result,64,2026-06-27T06:30:00+00:00,data/resultados_reais.csv
68,2026-06-27T19:00:00+00:00,team_profile,Croácia,2026-06-11T03:59:59+00:00,data/pre_worldcup_state/teams.csv
68,2026-06-27T19:00:00+00:00,team_profile,Gana,2026-06-11T03:59:59+00:00,data/pre_worldcup_state/teams.csv
68,2026-06-27T19:00:00+00:00,fixture,68,2026-06-11T03:59:59+00:00,data/temporal/matches_timeline.csv
68,2026-06-27T19:00:00+00:00,official_result,1,2026-06-11T22:30:00+00:00,data/resultados_reais.csv
68,2026-06-27T19:00:00+00:00,official_result,2,2026-06-12T05:30:00+00:00,data/resultados_reais.csv
68,2026-06-27T19:00:00+00:00,official_result,3,2026-06-12T22:30:00+00:00,data/resultados_reais.csv
68,2026-06-27T19:00:00+00:00,official_result,4,2026-06-13T04:30:00+00:00,data/resultados_reais.csv
68,2026-06-27T19:00:00+00:00,official_result,8,2026-06-13T22:30:00+00:00,data/resultados_reais.csv
68,2026-06-27T19:00:00+00:00,official_result,7,2026-06-14T01:30:00+00:00,data/resultados_reais.csv
68,2026-06-27T19:00:00+00:00,official_result,5,2026-06-14T04:30:00+00:00,data/resultados_reais.csv
68,2026-06-27T19:00:00+00:00,official_result,6,2026-06-14T07:30:00+00:00,data/resultados_reais.csv
68,2026-06-27T19:00:00+00:00,official_result,10,2026-06-14T20:30:00+00:00,data/resultados_reais.csv
68,2026-06-27T19:00:00+00:00,official_result,11,2026-06-14T23:30:00+00:00,data/resultados_reais.csv
68,2026-06-27T19:00:00+00:00,official_result,9,2026-06-15T02:30:00+00:00,data/resultados_reais.csv
68,2026-06-27T19:00:00+00:00,official_result,12,2026-06-15T05:30:00+00:00,data/resultados_reais.csv
68,2026-06-27T19:00:00+00:00,official_result,14,2026-06-15T19:30:00+00:00,data/resultados_reais.csv
68,2026-06-27T19:00:00+00:00,official_result,16,2026-06-15T22:30:00+00:00,data/resultados_reais.csv
68,2026-06-27T19:00:00+00:00,official_result,13,2026-06-16T01:30:00+00:00,data/resultados_reais.csv
68,2026-06-27T19:00:00+00:00,official_result,15,2026-06-16T04:30:00+00:00,data/resultados_reais.csv
68,2026-06-27T19:00:00+00:00,official_result,17,2026-06-16T22:30:00+00:00,data/resultados_reais.csv
68,2026-06-27T19:00:00+00:00,official_result,18,2026-06-17T01:30:00+00:00,data/resultados_reais.csv
68,2026-06-27T19:00:00+00:00,official_result,19,2026-06-17T04:30:00+00:00,data/resultados_reais.csv
68,2026-06-27T19:00:00+00:00,official_result,20,2026-06-17T07:30:00+00:00,data/resultados_reais.csv
68,2026-06-27T19:00:00+00:00,official_result,23,2026-06-17T20:30:00+00:00,data/resultados_reais.csv
68,2026-06-27T19:00:00+00:00,official_result,22,2026-06-17T23:30:00+00:00,data/resultados_reais.csv
68,2026-06-27T19:00:00+00:00,official_result,21,2026-06-18T02:30:00+00:00,data/resultados_reais.csv
68,2026-06-27T19:00:00+00:00,official_result,24,2026-06-18T05:30:00+00:00,data/resultados_reais.csv
68,2026-06-27T19:00:00+00:00,official_result,25,2026-06-18T19:30:00+00:00,data/resultados_reais.csv
68,2026-06-27T19:00:00+00:00,official_result,26,2026-06-18T22:30:00+00:00,data/resultados_reais.csv
68,2026-06-27T19:00:00+00:00,official_result,27,2026-06-19T01:30:00+00:00,data/resultados_reais.csv
68,2026-06-27T19:00:00+00:00,official_result,28,2026-06-19T04:30:00+00:00,data/resultados_reais.csv
68,2026-06-27T19:00:00+00:00,official_result,32,2026-06-19T22:30:00+00:00,data/resultados_reais.csv
68,2026-06-27T19:00:00+00:00,official_result,30,2026-06-20T01:30:00+00:00,data/resultados_reais.csv
68,2026-06-27T19:00:00+00:00,official_result,29,2026-06-20T04:30:00+00:00,data/resultados_reais.csv
68,2026-06-27T19:00:00+00:00,official_result,31,2026-06-20T06:30:00+00:00,data/resultados_reais.csv
68,2026-06-27T19:00:00+00:00,official_result,35,2026-06-20T20:30:00+00:00,data/resultados_reais.csv
68,2026-06-27T19:00:00+00:00,official_result,33,2026-06-20T23:30:00+00:00,data/resultados_reais.csv
68,2026-06-27T19:00:00+00:00,official_result,34,2026-06-21T03:30:00+00:00,data/resultados_reais.csv
68,2026-06-27T19:00:00+00:00,official_result,36,2026-06-21T07:30:00+00:00,data/resultados_reais.csv
68,2026-06-27T19:00:00+00:00,official_result,38,2026-06-21T19:30:00+00:00,data/resultados_reais.csv
68,2026-06-27T19:00:00+00:00,official_result,39,2026-06-21T22:30:00+00:00,data/resultados_reais.csv
68,2026-06-27T19:00:00+00:00,official_result,37,2026-06-22T01:30:00+00:00,data/resultados_reais.csv
68,2026-06-27T19:00:00+00:00,official_result,40,2026-06-22T04:30:00+00:00,data/resultados_reais.csv
68,2026-06-27T19:00:00+00:00,official_result,43,2026-06-22T20:30:00+00:00,data/resultados_reais.csv
68,2026-06-27T19:00:00+00:00,official_result,42,2026-06-23T00:30:00+00:00,data/resultados_reais.csv
68,2026-06-27T19:00:00+00:00,official_result,41,2026-06-23T03:30:00+00:00,data/resultados_reais.csv
68,2026-06-27T19:00:00+00:00,official_result,44,2026-06-23T06:30:00+00:00,data/resultados_reais.csv
68,2026-06-27T19:00:00+00:00,official_result,47,2026-06-23T20:30:00+00:00,data/resultados_reais.csv
68,2026-06-27T19:00:00+00:00,official_result,45,2026-06-23T23:30:00+00:00,data/resultados_reais.csv
68,2026-06-27T19:00:00+00:00,official_result,46,2026-06-24T02:30:00+00:00,data/resultados_reais.csv
68,2026-06-27T19:00:00+00:00,official_result,48,2026-06-24T05:30:00+00:00,data/resultados_reais.csv
68,2026-06-27T19:00:00+00:00,official_result,51,2026-06-24T22:30:00+00:00,data/resultados_reais.csv
68,2026-06-27T19:00:00+00:00,official_result,52,2026-06-24T22:30:00+00:00,data/resultados_reais.csv
68,2026-06-27T19:00:00+00:00,official_result,49,2026-06-25T01:30:00+00:00,data/resultados_reais.csv
68,2026-06-27T19:00:00+00:00,official_result,50,2026-06-25T01:30:00+00:00,data/resultados_reais.csv
68,2026-06-27T19:00:00+00:00,official_result,53,2026-06-25T04:30:00+00:00,data/resultados_reais.csv
68,2026-06-27T19:00:00+00:00,official_result,54,2026-06-25T04:30:00+00:00,data/resultados_reais.csv
68,2026-06-27T19:00:00+00:00,official_result,55,2026-06-25T23:30:00+00:00,data/resultados_reais.csv
68,2026-06-27T19:00:00+00:00,official_result,56,2026-06-25T23:30:00+00:00,data/resultados_reais.csv
68,2026-06-27T19:00:00+00:00,official_result,57,2026-06-26T02:30:00+00:00,data/resultados_reais.csv
68,2026-06-27T19:00:00+00:00,official_result,58,2026-06-26T02:30:00+00:00,data/resultados_reais.csv
68,2026-06-27T19:00:00+00:00,official_result,59,2026-06-26T05:30:00+00:00,data/resultados_reais.csv
68,2026-06-27T19:00:00+00:00,official_result,60,2026-06-26T05:30:00+00:00,data/resultados_reais.csv
68,2026-06-27T19:00:00+00:00,official_result,61,2026-06-26T22:30:00+00:00,data/resultados_reais.csv
68,2026-06-27T19:00:00+00:00,official_result,62,2026-06-26T22:30:00+00:00,data/resultados_reais.csv
68,2026-06-27T19:00:00+00:00,official_result,65,2026-06-27T03:30:00+00:00,data/resultados_reais.csv
68,2026-06-27T19:00:00+00:00,official_result,66,2026-06-27T03:30:00+00:00,data/resultados_reais.csv
68,2026-06-27T19:00:00+00:00,official_result,63,2026-06-27T06:30:00+00:00,data/resultados_reais.csv
68,2026-06-27T19:00:00+00:00,official_result,64,2026-06-27T06:30:00+00:00,data/resultados_reais.csv
71,2026-06-27T21:30:00+00:00,team_profile,Colômbia,2026-06-11T03:59:59+00:00,data/pre_worldcup_state/teams.csv
71,2026-06-27T21:30:00+00:00,team_profile,Portugal,2026-06-11T03:59:59+00:00,data/pre_worldcup_state/teams.csv
71,2026-06-27T21:30:00+00:00,fixture,71,2026-06-11T03:59:59+00:00,data/temporal/matches_timeline.csv
71,2026-06-27T21:30:00+00:00,official_result,1,2026-06-11T22:30:00+00:00,data/resultados_reais.csv
71,2026-06-27T21:30:00+00:00,official_result,2,2026-06-12T05:30:00+00:00,data/resultados_reais.csv
71,2026-06-27T21:30:00+00:00,official_result,3,2026-06-12T22:30:00+00:00,data/resultados_reais.csv
71,2026-06-27T21:30:00+00:00,official_result,4,2026-06-13T04:30:00+00:00,data/resultados_reais.csv
71,2026-06-27T21:30:00+00:00,official_result,8,2026-06-13T22:30:00+00:00,data/resultados_reais.csv
71,2026-06-27T21:30:00+00:00,official_result,7,2026-06-14T01:30:00+00:00,data/resultados_reais.csv
71,2026-06-27T21:30:00+00:00,official_result,5,2026-06-14T04:30:00+00:00,data/resultados_reais.csv
71,2026-06-27T21:30:00+00:00,official_result,6,2026-06-14T07:30:00+00:00,data/resultados_reais.csv
71,2026-06-27T21:30:00+00:00,official_result,10,2026-06-14T20:30:00+00:00,data/resultados_reais.csv
71,2026-06-27T21:30:00+00:00,official_result,11,2026-06-14T23:30:00+00:00,data/resultados_reais.csv
71,2026-06-27T21:30:00+00:00,official_result,9,2026-06-15T02:30:00+00:00,data/resultados_reais.csv
71,2026-06-27T21:30:00+00:00,official_result,12,2026-06-15T05:30:00+00:00,data/resultados_reais.csv
71,2026-06-27T21:30:00+00:00,official_result,14,2026-06-15T19:30:00+00:00,data/resultados_reais.csv
71,2026-06-27T21:30:00+00:00,official_result,16,2026-06-15T22:30:00+00:00,data/resultados_reais.csv
71,2026-06-27T21:30:00+00:00,official_result,13,2026-06-16T01:30:00+00:00,data/resultados_reais.csv
71,2026-06-27T21:30:00+00:00,official_result,15,2026-06-16T04:30:00+00:00,data/resultados_reais.csv
71,2026-06-27T21:30:00+00:00,official_result,17,2026-06-16T22:30:00+00:00,data/resultados_reais.csv
71,2026-06-27T21:30:00+00:00,official_result,18,2026-06-17T01:30:00+00:00,data/resultados_reais.csv
71,2026-06-27T21:30:00+00:00,official_result,19,2026-06-17T04:30:00+00:00,data/resultados_reais.csv
71,2026-06-27T21:30:00+00:00,official_result,20,2026-06-17T07:30:00+00:00,data/resultados_reais.csv
71,2026-06-27T21:30:00+00:00,official_result,23,2026-06-17T20:30:00+00:00,data/resultados_reais.csv
71,2026-06-27T21:30:00+00:00,official_result,22,2026-06-17T23:30:00+00:00,data/resultados_reais.csv
71,2026-06-27T21:30:00+00:00,official_result,21,2026-06-18T02:30:00+00:00,data/resultados_reais.csv
71,2026-06-27T21:30:00+00:00,official_result,24,2026-06-18T05:30:00+00:00,data/resultados_reais.csv
71,2026-06-27T21:30:00+00:00,official_result,25,2026-06-18T19:30:00+00:00,data/resultados_reais.csv
71,2026-06-27T21:30:00+00:00,official_result,26,2026-06-18T22:30:00+00:00,data/resultados_reais.csv
71,2026-06-27T21:30:00+00:00,official_result,27,2026-06-19T01:30:00+00:00,data/resultados_reais.csv
71,2026-06-27T21:30:00+00:00,official_result,28,2026-06-19T04:30:00+00:00,data/resultados_reais.csv
71,2026-06-27T21:30:00+00:00,official_result,32,2026-06-19T22:30:00+00:00,data/resultados_reais.csv
71,2026-06-27T21:30:00+00:00,official_result,30,2026-06-20T01:30:00+00:00,data/resultados_reais.csv
71,2026-06-27T21:30:00+00:00,official_result,29,2026-06-20T04:30:00+00:00,data/resultados_reais.csv
71,2026-06-27T21:30:00+00:00,official_result,31,2026-06-20T06:30:00+00:00,data/resultados_reais.csv
71,2026-06-27T21:30:00+00:00,official_result,35,2026-06-20T20:30:00+00:00,data/resultados_reais.csv
71,2026-06-27T21:30:00+00:00,official_result,33,2026-06-20T23:30:00+00:00,data/resultados_reais.csv
71,2026-06-27T21:30:00+00:00,official_result,34,2026-06-21T03:30:00+00:00,data/resultados_reais.csv
71,2026-06-27T21:30:00+00:00,official_result,36,2026-06-21T07:30:00+00:00,data/resultados_reais.csv
71,2026-06-27T21:30:00+00:00,official_result,38,2026-06-21T19:30:00+00:00,data/resultados_reais.csv
71,2026-06-27T21:30:00+00:00,official_result,39,2026-06-21T22:30:00+00:00,data/resultados_reais.csv
71,2026-06-27T21:30:00+00:00,official_result,37,2026-06-22T01:30:00+00:00,data/resultados_reais.csv
71,2026-06-27T21:30:00+00:00,official_result,40,2026-06-22T04:30:00+00:00,data/resultados_reais.csv
71,2026-06-27T21:30:00+00:00,official_result,43,2026-06-22T20:30:00+00:00,data/resultados_reais.csv
71,2026-06-27T21:30:00+00:00,official_result,42,2026-06-23T00:30:00+00:00,data/resultados_reais.csv
71,2026-06-27T21:30:00+00:00,official_result,41,2026-06-23T03:30:00+00:00,data/resultados_reais.csv
71,2026-06-27T21:30:00+00:00,official_result,44,2026-06-23T06:30:00+00:00,data/resultados_reais.csv
71,2026-06-27T21:30:00+00:00,official_result,47,2026-06-23T20:30:00+00:00,data/resultados_reais.csv
71,2026-06-27T21:30:00+00:00,official_result,45,2026-06-23T23:30:00+00:00,data/resultados_reais.csv
71,2026-06-27T21:30:00+00:00,official_result,46,2026-06-24T02:30:00+00:00,data/resultados_reais.csv
71,2026-06-27T21:30:00+00:00,official_result,48,2026-06-24T05:30:00+00:00,data/resultados_reais.csv
71,2026-06-27T21:30:00+00:00,official_result,51,2026-06-24T22:30:00+00:00,data/resultados_reais.csv
71,2026-06-27T21:30:00+00:00,official_result,52,2026-06-24T22:30:00+00:00,data/resultados_reais.csv
71,2026-06-27T21:30:00+00:00,official_result,49,2026-06-25T01:30:00+00:00,data/resultados_reais.csv
71,2026-06-27T21:30:00+00:00,official_result,50,2026-06-25T01:30:00+00:00,data/resultados_reais.csv
71,2026-06-27T21:30:00+00:00,official_result,53,2026-06-25T04:30:00+00:00,data/resultados_reais.csv
71,2026-06-27T21:30:00+00:00,official_result,54,2026-06-25T04:30:00+00:00,data/resultados_reais.csv
71,2026-06-27T21:30:00+00:00,official_result,55,2026-06-25T23:30:00+00:00,data/resultados_reais.csv
71,2026-06-27T21:30:00+00:00,official_result,56,2026-06-25T23:30:00+00:00,data/resultados_reais.csv
71,2026-06-27T21:30:00+00:00,official_result,57,2026-06-26T02:30:00+00:00,data/resultados_reais.csv
71,2026-06-27T21:30:00+00:00,official_result,58,2026-06-26T02:30:00+00:00,data/resultados_reais.csv
71,2026-06-27T21:30:00+00:00,official_result,59,2026-06-26T05:30:00+00:00,data/resultados_reais.csv
71,2026-06-27T21:30:00+00:00,official_result,60,2026-06-26T05:30:00+00:00,data/resultados_reais.csv
71,2026-06-27T21:30:00+00:00,official_result,61,2026-06-26T22:30:00+00:00,data/resultados_reais.csv
71,2026-06-27T21:30:00+00:00,official_result,62,2026-06-26T22:30:00+00:00,data/resultados_reais.csv
71,2026-06-27T21:30:00+00:00,official_result,65,2026-06-27T03:30:00+00:00,data/resultados_reais.csv
71,2026-06-27T21:30:00+00:00,official_result,66,2026-06-27T03:30:00+00:00,data/resultados_reais.csv
71,2026-06-27T21:30:00+00:00,official_result,63,2026-06-27T06:30:00+00:00,data/resultados_reais.csv
71,2026-06-27T21:30:00+00:00,official_result,64,2026-06-27T06:30:00+00:00,data/resultados_reais.csv
72,2026-06-27T21:30:00+00:00,team_profile,RD Congo,2026-06-11T03:59:59+00:00,data/pre_worldcup_state/teams.csv
72,2026-06-27T21:30:00+00:00,team_profile,Uzbequistão,2026-06-11T03:59:59+00:00,data/pre_worldcup_state/teams.csv
72,2026-06-27T21:30:00+00:00,fixture,72,2026-06-11T03:59:59+00:00,data/temporal/matches_timeline.csv
72,2026-06-27T21:30:00+00:00,official_result,1,2026-06-11T22:30:00+00:00,data/resultados_reais.csv
72,2026-06-27T21:30:00+00:00,official_result,2,2026-06-12T05:30:00+00:00,data/resultados_reais.csv
72,2026-06-27T21:30:00+00:00,official_result,3,2026-06-12T22:30:00+00:00,data/resultados_reais.csv
72,2026-06-27T21:30:00+00:00,official_result,4,2026-06-13T04:30:00+00:00,data/resultados_reais.csv
72,2026-06-27T21:30:00+00:00,official_result,8,2026-06-13T22:30:00+00:00,data/resultados_reais.csv
72,2026-06-27T21:30:00+00:00,official_result,7,2026-06-14T01:30:00+00:00,data/resultados_reais.csv
72,2026-06-27T21:30:00+00:00,official_result,5,2026-06-14T04:30:00+00:00,data/resultados_reais.csv
72,2026-06-27T21:30:00+00:00,official_result,6,2026-06-14T07:30:00+00:00,data/resultados_reais.csv
72,2026-06-27T21:30:00+00:00,official_result,10,2026-06-14T20:30:00+00:00,data/resultados_reais.csv
72,2026-06-27T21:30:00+00:00,official_result,11,2026-06-14T23:30:00+00:00,data/resultados_reais.csv
72,2026-06-27T21:30:00+00:00,official_result,9,2026-06-15T02:30:00+00:00,data/resultados_reais.csv
72,2026-06-27T21:30:00+00:00,official_result,12,2026-06-15T05:30:00+00:00,data/resultados_reais.csv
72,2026-06-27T21:30:00+00:00,official_result,14,2026-06-15T19:30:00+00:00,data/resultados_reais.csv
72,2026-06-27T21:30:00+00:00,official_result,16,2026-06-15T22:30:00+00:00,data/resultados_reais.csv
72,2026-06-27T21:30:00+00:00,official_result,13,2026-06-16T01:30:00+00:00,data/resultados_reais.csv
72,2026-06-27T21:30:00+00:00,official_result,15,2026-06-16T04:30:00+00:00,data/resultados_reais.csv
72,2026-06-27T21:30:00+00:00,official_result,17,2026-06-16T22:30:00+00:00,data/resultados_reais.csv
72,2026-06-27T21:30:00+00:00,official_result,18,2026-06-17T01:30:00+00:00,data/resultados_reais.csv
72,2026-06-27T21:30:00+00:00,official_result,19,2026-06-17T04:30:00+00:00,data/resultados_reais.csv
72,2026-06-27T21:30:00+00:00,official_result,20,2026-06-17T07:30:00+00:00,data/resultados_reais.csv
72,2026-06-27T21:30:00+00:00,official_result,23,2026-06-17T20:30:00+00:00,data/resultados_reais.csv
72,2026-06-27T21:30:00+00:00,official_result,22,2026-06-17T23:30:00+00:00,data/resultados_reais.csv
72,2026-06-27T21:30:00+00:00,official_result,21,2026-06-18T02:30:00+00:00,data/resultados_reais.csv
72,2026-06-27T21:30:00+00:00,official_result,24,2026-06-18T05:30:00+00:00,data/resultados_reais.csv
72,2026-06-27T21:30:00+00:00,official_result,25,2026-06-18T19:30:00+00:00,data/resultados_reais.csv
72,2026-06-27T21:30:00+00:00,official_result,26,2026-06-18T22:30:00+00:00,data/resultados_reais.csv
72,2026-06-27T21:30:00+00:00,official_result,27,2026-06-19T01:30:00+00:00,data/resultados_reais.csv
72,2026-06-27T21:30:00+00:00,official_result,28,2026-06-19T04:30:00+00:00,data/resultados_reais.csv
72,2026-06-27T21:30:00+00:00,official_result,32,2026-06-19T22:30:00+00:00,data/resultados_reais.csv
72,2026-06-27T21:30:00+00:00,official_result,30,2026-06-20T01:30:00+00:00,data/resultados_reais.csv
72,2026-06-27T21:30:00+00:00,official_result,29,2026-06-20T04:30:00+00:00,data/resultados_reais.csv
72,2026-06-27T21:30:00+00:00,official_result,31,2026-06-20T06:30:00+00:00,data/resultados_reais.csv
72,2026-06-27T21:30:00+00:00,official_result,35,2026-06-20T20:30:00+00:00,data/resultados_reais.csv
72,2026-06-27T21:30:00+00:00,official_result,33,2026-06-20T23:30:00+00:00,data/resultados_reais.csv
72,2026-06-27T21:30:00+00:00,official_result,34,2026-06-21T03:30:00+00:00,data/resultados_reais.csv
72,2026-06-27T21:30:00+00:00,official_result,36,2026-06-21T07:30:00+00:00,data/resultados_reais.csv
72,2026-06-27T21:30:00+00:00,official_result,38,2026-06-21T19:30:00+00:00,data/resultados_reais.csv
72,2026-06-27T21:30:00+00:00,official_result,39,2026-06-21T22:30:00+00:00,data/resultados_reais.csv
72,2026-06-27T21:30:00+00:00,official_result,37,2026-06-22T01:30:00+00:00,data/resultados_reais.csv
72,2026-06-27T21:30:00+00:00,official_result,40,2026-06-22T04:30:00+00:00,data/resultados_reais.csv
72,2026-06-27T21:30:00+00:00,official_result,43,2026-06-22T20:30:00+00:00,data/resultados_reais.csv
72,2026-06-27T21:30:00+00:00,official_result,42,2026-06-23T00:30:00+00:00,data/resultados_reais.csv
72,2026-06-27T21:30:00+00:00,official_result,41,2026-06-23T03:30:00+00:00,data/resultados_reais.csv
72,2026-06-27T21:30:00+00:00,official_result,44,2026-06-23T06:30:00+00:00,data/resultados_reais.csv
72,2026-06-27T21:30:00+00:00,official_result,47,2026-06-23T20:30:00+00:00,data/resultados_reais.csv
72,2026-06-27T21:30:00+00:00,official_result,45,2026-06-23T23:30:00+00:00,data/resultados_reais.csv
72,2026-06-27T21:30:00+00:00,official_result,46,2026-06-24T02:30:00+00:00,data/resultados_reais.csv
72,2026-06-27T21:30:00+00:00,official_result,48,2026-06-24T05:30:00+00:00,data/resultados_reais.csv
72,2026-06-27T21:30:00+00:00,official_result,51,2026-06-24T22:30:00+00:00,data/resultados_reais.csv
72,2026-06-27T21:30:00+00:00,official_result,52,2026-06-24T22:30:00+00:00,data/resultados_reais.csv
72,2026-06-27T21:30:00+00:00,official_result,49,2026-06-25T01:30:00+00:00,data/resultados_reais.csv
72,2026-06-27T21:30:00+00:00,official_result,50,2026-06-25T01:30:00+00:00,data/resultados_reais.csv
72,2026-06-27T21:30:00+00:00,official_result,53,2026-06-25T04:30:00+00:00,data/resultados_reais.csv
72,2026-06-27T21:30:00+00:00,official_result,54,2026-06-25T04:30:00+00:00,data/resultados_reais.csv
72,2026-06-27T21:30:00+00:00,official_result,55,2026-06-25T23:30:00+00:00,data/resultados_reais.csv
72,2026-06-27T21:30:00+00:00,official_result,56,2026-06-25T23:30:00+00:00,data/resultados_reais.csv
72,2026-06-27T21:30:00+00:00,official_result,57,2026-06-26T02:30:00+00:00,data/resultados_reais.csv
72,2026-06-27T21:30:00+00:00,official_result,58,2026-06-26T02:30:00+00:00,data/resultados_reais.csv
72,2026-06-27T21:30:00+00:00,official_result,59,2026-06-26T05:30:00+00:00,data/resultados_reais.csv
72,2026-06-27T21:30:00+00:00,official_result,60,2026-06-26T05:30:00+00:00,data/resultados_reais.csv
72,2026-06-27T21:30:00+00:00,official_result,61,2026-06-26T22:30:00+00:00,data/resultados_reais.csv
72,2026-06-27T21:30:00+00:00,official_result,62,2026-06-26T22:30:00+00:00,data/resultados_reais.csv
72,2026-06-27T21:30:00+00:00,official_result,65,2026-06-27T03:30:00+00:00,data/resultados_reais.csv
72,2026-06-27T21:30:00+00:00,official_result,66,2026-06-27T03:30:00+00:00,data/resultados_reais.csv
72,2026-06-27T21:30:00+00:00,official_result,63,2026-06-27T06:30:00+00:00,data/resultados_reais.csv
72,2026-06-27T21:30:00+00:00,official_result,64,2026-06-27T06:30:00+00:00,data/resultados_reais.csv
69,2026-06-28T00:00:00+00:00,team_profile,Argélia,2026-06-11T03:59:59+00:00,data/pre_worldcup_state/teams.csv
69,2026-06-28T00:00:00+00:00,team_profile,Áustria,2026-06-11T03:59:59+00:00,data/pre_worldcup_state/teams.csv
69,2026-06-28T00:00:00+00:00,fixture,69,2026-06-11T03:59:59+00:00,data/temporal/matches_timeline.csv
69,2026-06-28T00:00:00+00:00,official_result,1,2026-06-11T22:30:00+00:00,data/resultados_reais.csv
69,2026-06-28T00:00:00+00:00,official_result,2,2026-06-12T05:30:00+00:00,data/resultados_reais.csv
69,2026-06-28T00:00:00+00:00,official_result,3,2026-06-12T22:30:00+00:00,data/resultados_reais.csv
69,2026-06-28T00:00:00+00:00,official_result,4,2026-06-13T04:30:00+00:00,data/resultados_reais.csv
69,2026-06-28T00:00:00+00:00,official_result,8,2026-06-13T22:30:00+00:00,data/resultados_reais.csv
69,2026-06-28T00:00:00+00:00,official_result,7,2026-06-14T01:30:00+00:00,data/resultados_reais.csv
69,2026-06-28T00:00:00+00:00,official_result,5,2026-06-14T04:30:00+00:00,data/resultados_reais.csv
69,2026-06-28T00:00:00+00:00,official_result,6,2026-06-14T07:30:00+00:00,data/resultados_reais.csv
69,2026-06-28T00:00:00+00:00,official_result,10,2026-06-14T20:30:00+00:00,data/resultados_reais.csv
69,2026-06-28T00:00:00+00:00,official_result,11,2026-06-14T23:30:00+00:00,data/resultados_reais.csv
69,2026-06-28T00:00:00+00:00,official_result,9,2026-06-15T02:30:00+00:00,data/resultados_reais.csv
69,2026-06-28T00:00:00+00:00,official_result,12,2026-06-15T05:30:00+00:00,data/resultados_reais.csv
69,2026-06-28T00:00:00+00:00,official_result,14,2026-06-15T19:30:00+00:00,data/resultados_reais.csv
69,2026-06-28T00:00:00+00:00,official_result,16,2026-06-15T22:30:00+00:00,data/resultados_reais.csv
69,2026-06-28T00:00:00+00:00,official_result,13,2026-06-16T01:30:00+00:00,data/resultados_reais.csv
69,2026-06-28T00:00:00+00:00,official_result,15,2026-06-16T04:30:00+00:00,data/resultados_reais.csv
69,2026-06-28T00:00:00+00:00,official_result,17,2026-06-16T22:30:00+00:00,data/resultados_reais.csv
69,2026-06-28T00:00:00+00:00,official_result,18,2026-06-17T01:30:00+00:00,data/resultados_reais.csv
69,2026-06-28T00:00:00+00:00,official_result,19,2026-06-17T04:30:00+00:00,data/resultados_reais.csv
69,2026-06-28T00:00:00+00:00,official_result,20,2026-06-17T07:30:00+00:00,data/resultados_reais.csv
69,2026-06-28T00:00:00+00:00,official_result,23,2026-06-17T20:30:00+00:00,data/resultados_reais.csv
69,2026-06-28T00:00:00+00:00,official_result,22,2026-06-17T23:30:00+00:00,data/resultados_reais.csv
69,2026-06-28T00:00:00+00:00,official_result,21,2026-06-18T02:30:00+00:00,data/resultados_reais.csv
69,2026-06-28T00:00:00+00:00,official_result,24,2026-06-18T05:30:00+00:00,data/resultados_reais.csv
69,2026-06-28T00:00:00+00:00,official_result,25,2026-06-18T19:30:00+00:00,data/resultados_reais.csv
69,2026-06-28T00:00:00+00:00,official_result,26,2026-06-18T22:30:00+00:00,data/resultados_reais.csv
69,2026-06-28T00:00:00+00:00,official_result,27,2026-06-19T01:30:00+00:00,data/resultados_reais.csv
69,2026-06-28T00:00:00+00:00,official_result,28,2026-06-19T04:30:00+00:00,data/resultados_reais.csv
69,2026-06-28T00:00:00+00:00,official_result,32,2026-06-19T22:30:00+00:00,data/resultados_reais.csv
69,2026-06-28T00:00:00+00:00,official_result,30,2026-06-20T01:30:00+00:00,data/resultados_reais.csv
69,2026-06-28T00:00:00+00:00,official_result,29,2026-06-20T04:30:00+00:00,data/resultados_reais.csv
69,2026-06-28T00:00:00+00:00,official_result,31,2026-06-20T06:30:00+00:00,data/resultados_reais.csv
69,2026-06-28T00:00:00+00:00,official_result,35,2026-06-20T20:30:00+00:00,data/resultados_reais.csv
69,2026-06-28T00:00:00+00:00,official_result,33,2026-06-20T23:30:00+00:00,data/resultados_reais.csv
69,2026-06-28T00:00:00+00:00,official_result,34,2026-06-21T03:30:00+00:00,data/resultados_reais.csv
69,2026-06-28T00:00:00+00:00,official_result,36,2026-06-21T07:30:00+00:00,data/resultados_reais.csv
69,2026-06-28T00:00:00+00:00,official_result,38,2026-06-21T19:30:00+00:00,data/resultados_reais.csv
69,2026-06-28T00:00:00+00:00,official_result,39,2026-06-21T22:30:00+00:00,data/resultados_reais.csv
69,2026-06-28T00:00:00+00:00,official_result,37,2026-06-22T01:30:00+00:00,data/resultados_reais.csv
69,2026-06-28T00:00:00+00:00,official_result,40,2026-06-22T04:30:00+00:00,data/resultados_reais.csv
69,2026-06-28T00:00:00+00:00,official_result,43,2026-06-22T20:30:00+00:00,data/resultados_reais.csv
69,2026-06-28T00:00:00+00:00,official_result,42,2026-06-23T00:30:00+00:00,data/resultados_reais.csv
69,2026-06-28T00:00:00+00:00,official_result,41,2026-06-23T03:30:00+00:00,data/resultados_reais.csv
69,2026-06-28T00:00:00+00:00,official_result,44,2026-06-23T06:30:00+00:00,data/resultados_reais.csv
69,2026-06-28T00:00:00+00:00,official_result,47,2026-06-23T20:30:00+00:00,data/resultados_reais.csv
69,2026-06-28T00:00:00+00:00,official_result,45,2026-06-23T23:30:00+00:00,data/resultados_reais.csv
69,2026-06-28T00:00:00+00:00,official_result,46,2026-06-24T02:30:00+00:00,data/resultados_reais.csv
69,2026-06-28T00:00:00+00:00,official_result,48,2026-06-24T05:30:00+00:00,data/resultados_reais.csv
69,2026-06-28T00:00:00+00:00,official_result,51,2026-06-24T22:30:00+00:00,data/resultados_reais.csv
69,2026-06-28T00:00:00+00:00,official_result,52,2026-06-24T22:30:00+00:00,data/resultados_reais.csv
69,2026-06-28T00:00:00+00:00,official_result,49,2026-06-25T01:30:00+00:00,data/resultados_reais.csv
69,2026-06-28T00:00:00+00:00,official_result,50,2026-06-25T01:30:00+00:00,data/resultados_reais.csv
69,2026-06-28T00:00:00+00:00,official_result,53,2026-06-25T04:30:00+00:00,data/resultados_reais.csv
69,2026-06-28T00:00:00+00:00,official_result,54,2026-06-25T04:30:00+00:00,data/resultados_reais.csv
69,2026-06-28T00:00:00+00:00,official_result,55,2026-06-25T23:30:00+00:00,data/resultados_reais.csv
69,2026-06-28T00:00:00+00:00,official_result,56,2026-06-25T23:30:00+00:00,data/resultados_reais.csv
69,2026-06-28T00:00:00+00:00,official_result,57,2026-06-26T02:30:00+00:00,data/resultados_reais.csv
69,2026-06-28T00:00:00+00:00,official_result,58,2026-06-26T02:30:00+00:00,data/resultados_reais.csv
69,2026-06-28T00:00:00+00:00,official_result,59,2026-06-26T05:30:00+00:00,data/resultados_reais.csv
69,2026-06-28T00:00:00+00:00,official_result,60,2026-06-26T05:30:00+00:00,data/resultados_reais.csv
69,2026-06-28T00:00:00+00:00,official_result,61,2026-06-26T22:30:00+00:00,data/resultados_reais.csv
69,2026-06-28T00:00:00+00:00,official_result,62,2026-06-26T22:30:00+00:00,data/resultados_reais.csv
69,2026-06-28T00:00:00+00:00,official_result,65,2026-06-27T03:30:00+00:00,data/resultados_reais.csv
69,2026-06-28T00:00:00+00:00,official_result,66,2026-06-27T03:30:00+00:00,data/resultados_reais.csv
69,2026-06-28T00:00:00+00:00,official_result,63,2026-06-27T06:30:00+00:00,data/resultados_reais.csv
69,2026-06-28T00:00:00+00:00,official_result,64,2026-06-27T06:30:00+00:00,data/resultados_reais.csv
70,2026-06-28T00:00:00+00:00,team_profile,Jordânia,2026-06-11T03:59:59+00:00,data/pre_worldcup_state/teams.csv
70,2026-06-28T00:00:00+00:00,team_profile,Argentina,2026-06-11T03:59:59+00:00,data/pre_worldcup_state/teams.csv
70,2026-06-28T00:00:00+00:00,fixture,70,2026-06-11T03:59:59+00:00,data/temporal/matches_timeline.csv
70,2026-06-28T00:00:00+00:00,official_result,1,2026-06-11T22:30:00+00:00,data/resultados_reais.csv
70,2026-06-28T00:00:00+00:00,official_result,2,2026-06-12T05:30:00+00:00,data/resultados_reais.csv
70,2026-06-28T00:00:00+00:00,official_result,3,2026-06-12T22:30:00+00:00,data/resultados_reais.csv
70,2026-06-28T00:00:00+00:00,official_result,4,2026-06-13T04:30:00+00:00,data/resultados_reais.csv
70,2026-06-28T00:00:00+00:00,official_result,8,2026-06-13T22:30:00+00:00,data/resultados_reais.csv
70,2026-06-28T00:00:00+00:00,official_result,7,2026-06-14T01:30:00+00:00,data/resultados_reais.csv
70,2026-06-28T00:00:00+00:00,official_result,5,2026-06-14T04:30:00+00:00,data/resultados_reais.csv
70,2026-06-28T00:00:00+00:00,official_result,6,2026-06-14T07:30:00+00:00,data/resultados_reais.csv
70,2026-06-28T00:00:00+00:00,official_result,10,2026-06-14T20:30:00+00:00,data/resultados_reais.csv
70,2026-06-28T00:00:00+00:00,official_result,11,2026-06-14T23:30:00+00:00,data/resultados_reais.csv
70,2026-06-28T00:00:00+00:00,official_result,9,2026-06-15T02:30:00+00:00,data/resultados_reais.csv
70,2026-06-28T00:00:00+00:00,official_result,12,2026-06-15T05:30:00+00:00,data/resultados_reais.csv
70,2026-06-28T00:00:00+00:00,official_result,14,2026-06-15T19:30:00+00:00,data/resultados_reais.csv
70,2026-06-28T00:00:00+00:00,official_result,16,2026-06-15T22:30:00+00:00,data/resultados_reais.csv
70,2026-06-28T00:00:00+00:00,official_result,13,2026-06-16T01:30:00+00:00,data/resultados_reais.csv
70,2026-06-28T00:00:00+00:00,official_result,15,2026-06-16T04:30:00+00:00,data/resultados_reais.csv
70,2026-06-28T00:00:00+00:00,official_result,17,2026-06-16T22:30:00+00:00,data/resultados_reais.csv
70,2026-06-28T00:00:00+00:00,official_result,18,2026-06-17T01:30:00+00:00,data/resultados_reais.csv
70,2026-06-28T00:00:00+00:00,official_result,19,2026-06-17T04:30:00+00:00,data/resultados_reais.csv
70,2026-06-28T00:00:00+00:00,official_result,20,2026-06-17T07:30:00+00:00,data/resultados_reais.csv
70,2026-06-28T00:00:00+00:00,official_result,23,2026-06-17T20:30:00+00:00,data/resultados_reais.csv
70,2026-06-28T00:00:00+00:00,official_result,22,2026-06-17T23:30:00+00:00,data/resultados_reais.csv
70,2026-06-28T00:00:00+00:00,official_result,21,2026-06-18T02:30:00+00:00,data/resultados_reais.csv
70,2026-06-28T00:00:00+00:00,official_result,24,2026-06-18T05:30:00+00:00,data/resultados_reais.csv
70,2026-06-28T00:00:00+00:00,official_result,25,2026-06-18T19:30:00+00:00,data/resultados_reais.csv
70,2026-06-28T00:00:00+00:00,official_result,26,2026-06-18T22:30:00+00:00,data/resultados_reais.csv
70,2026-06-28T00:00:00+00:00,official_result,27,2026-06-19T01:30:00+00:00,data/resultados_reais.csv
70,2026-06-28T00:00:00+00:00,official_result,28,2026-06-19T04:30:00+00:00,data/resultados_reais.csv
70,2026-06-28T00:00:00+00:00,official_result,32,2026-06-19T22:30:00+00:00,data/resultados_reais.csv
70,2026-06-28T00:00:00+00:00,official_result,30,2026-06-20T01:30:00+00:00,data/resultados_reais.csv
70,2026-06-28T00:00:00+00:00,official_result,29,2026-06-20T04:30:00+00:00,data/resultados_reais.csv
70,2026-06-28T00:00:00+00:00,official_result,31,2026-06-20T06:30:00+00:00,data/resultados_reais.csv
70,2026-06-28T00:00:00+00:00,official_result,35,2026-06-20T20:30:00+00:00,data/resultados_reais.csv
70,2026-06-28T00:00:00+00:00,official_result,33,2026-06-20T23:30:00+00:00,data/resultados_reais.csv
70,2026-06-28T00:00:00+00:00,official_result,34,2026-06-21T03:30:00+00:00,data/resultados_reais.csv
70,2026-06-28T00:00:00+00:00,official_result,36,2026-06-21T07:30:00+00:00,data/resultados_reais.csv
70,2026-06-28T00:00:00+00:00,official_result,38,2026-06-21T19:30:00+00:00,data/resultados_reais.csv
70,2026-06-28T00:00:00+00:00,official_result,39,2026-06-21T22:30:00+00:00,data/resultados_reais.csv
70,2026-06-28T00:00:00+00:00,official_result,37,2026-06-22T01:30:00+00:00,data/resultados_reais.csv
70,2026-06-28T00:00:00+00:00,official_result,40,2026-06-22T04:30:00+00:00,data/resultados_reais.csv
70,2026-06-28T00:00:00+00:00,official_result,43,2026-06-22T20:30:00+00:00,data/resultados_reais.csv
70,2026-06-28T00:00:00+00:00,official_result,42,2026-06-23T00:30:00+00:00,data/resultados_reais.csv
70,2026-06-28T00:00:00+00:00,official_result,41,2026-06-23T03:30:00+00:00,data/resultados_reais.csv
70,2026-06-28T00:00:00+00:00,official_result,44,2026-06-23T06:30:00+00:00,data/resultados_reais.csv
70,2026-06-28T00:00:00+00:00,official_result,47,2026-06-23T20:30:00+00:00,data/resultados_reais.csv
70,2026-06-28T00:00:00+00:00,official_result,45,2026-06-23T23:30:00+00:00,data/resultados_reais.csv
70,2026-06-28T00:00:00+00:00,official_result,46,2026-06-24T02:30:00+00:00,data/resultados_reais.csv
70,2026-06-28T00:00:00+00:00,official_result,48,2026-06-24T05:30:00+00:00,data/resultados_reais.csv
70,2026-06-28T00:00:00+00:00,official_result,51,2026-06-24T22:30:00+00:00,data/resultados_reais.csv
70,2026-06-28T00:00:00+00:00,official_result,52,2026-06-24T22:30:00+00:00,data/resultados_reais.csv
70,2026-06-28T00:00:00+00:00,official_result,49,2026-06-25T01:30:00+00:00,data/resultados_reais.csv
70,2026-06-28T00:00:00+00:00,official_result,50,2026-06-25T01:30:00+00:00,data/resultados_reais.csv
70,2026-06-28T00:00:00+00:00,official_result,53,2026-06-25T04:30:00+00:00,data/resultados_reais.csv
70,2026-06-28T00:00:00+00:00,official_result,54,2026-06-25T04:30:00+00:00,data/resultados_reais.csv
70,2026-06-28T00:00:00+00:00,official_result,55,2026-06-25T23:30:00+00:00,data/resultados_reais.csv
70,2026-06-28T00:00:00+00:00,official_result,56,2026-06-25T23:30:00+00:00,data/resultados_reais.csv
70,2026-06-28T00:00:00+00:00,official_result,57,2026-06-26T02:30:00+00:00,data/resultados_reais.csv
70,2026-06-28T00:00:00+00:00,official_result,58,2026-06-26T02:30:00+00:00,data/resultados_reais.csv
70,2026-06-28T00:00:00+00:00,official_result,59,2026-06-26T05:30:00+00:00,data/resultados_reais.csv
70,2026-06-28T00:00:00+00:00,official_result,60,2026-06-26T05:30:00+00:00,data/resultados_reais.csv
70,2026-06-28T00:00:00+00:00,official_result,61,2026-06-26T22:30:00+00:00,data/resultados_reais.csv
70,2026-06-28T00:00:00+00:00,official_result,62,2026-06-26T22:30:00+00:00,data/resultados_reais.csv
70,2026-06-28T00:00:00+00:00,official_result,65,2026-06-27T03:30:00+00:00,data/resultados_reais.csv
70,2026-06-28T00:00:00+00:00,official_result,66,2026-06-27T03:30:00+00:00,data/resultados_reais.csv
70,2026-06-28T00:00:00+00:00,official_result,63,2026-06-27T06:30:00+00:00,data/resultados_reais.csv
70,2026-06-28T00:00:00+00:00,official_result,64,2026-06-27T06:30:00+00:00,data/resultados_reais.csv
73,2026-06-28T17:00:00+00:00,team_profile,África do Sul,2026-06-11T03:59:59+00:00,data/pre_worldcup_state/teams.csv
73,2026-06-28T17:00:00+00:00,team_profile,Canadá,2026-06-11T03:59:59+00:00,data/pre_worldcup_state/teams.csv
73,2026-06-28T17:00:00+00:00,fixture,73,2026-06-28T03:00:00+00:00,data/temporal/matches_timeline.csv
73,2026-06-28T17:00:00+00:00,official_result,1,2026-06-11T22:30:00+00:00,data/resultados_reais.csv
73,2026-06-28T17:00:00+00:00,official_result,2,2026-06-12T05:30:00+00:00,data/resultados_reais.csv
73,2026-06-28T17:00:00+00:00,official_result,3,2026-06-12T22:30:00+00:00,data/resultados_reais.csv
73,2026-06-28T17:00:00+00:00,official_result,4,2026-06-13T04:30:00+00:00,data/resultados_reais.csv
73,2026-06-28T17:00:00+00:00,official_result,8,2026-06-13T22:30:00+00:00,data/resultados_reais.csv
73,2026-06-28T17:00:00+00:00,official_result,7,2026-06-14T01:30:00+00:00,data/resultados_reais.csv
73,2026-06-28T17:00:00+00:00,official_result,5,2026-06-14T04:30:00+00:00,data/resultados_reais.csv
73,2026-06-28T17:00:00+00:00,official_result,6,2026-06-14T07:30:00+00:00,data/resultados_reais.csv
73,2026-06-28T17:00:00+00:00,official_result,10,2026-06-14T20:30:00+00:00,data/resultados_reais.csv
73,2026-06-28T17:00:00+00:00,official_result,11,2026-06-14T23:30:00+00:00,data/resultados_reais.csv
73,2026-06-28T17:00:00+00:00,official_result,9,2026-06-15T02:30:00+00:00,data/resultados_reais.csv
73,2026-06-28T17:00:00+00:00,official_result,12,2026-06-15T05:30:00+00:00,data/resultados_reais.csv
73,2026-06-28T17:00:00+00:00,official_result,14,2026-06-15T19:30:00+00:00,data/resultados_reais.csv
73,2026-06-28T17:00:00+00:00,official_result,16,2026-06-15T22:30:00+00:00,data/resultados_reais.csv
73,2026-06-28T17:00:00+00:00,official_result,13,2026-06-16T01:30:00+00:00,data/resultados_reais.csv
73,2026-06-28T17:00:00+00:00,official_result,15,2026-06-16T04:30:00+00:00,data/resultados_reais.csv
73,2026-06-28T17:00:00+00:00,official_result,17,2026-06-16T22:30:00+00:00,data/resultados_reais.csv
73,2026-06-28T17:00:00+00:00,official_result,18,2026-06-17T01:30:00+00:00,data/resultados_reais.csv
73,2026-06-28T17:00:00+00:00,official_result,19,2026-06-17T04:30:00+00:00,data/resultados_reais.csv
73,2026-06-28T17:00:00+00:00,official_result,20,2026-06-17T07:30:00+00:00,data/resultados_reais.csv
73,2026-06-28T17:00:00+00:00,official_result,23,2026-06-17T20:30:00+00:00,data/resultados_reais.csv
73,2026-06-28T17:00:00+00:00,official_result,22,2026-06-17T23:30:00+00:00,data/resultados_reais.csv
73,2026-06-28T17:00:00+00:00,official_result,21,2026-06-18T02:30:00+00:00,data/resultados_reais.csv
73,2026-06-28T17:00:00+00:00,official_result,24,2026-06-18T05:30:00+00:00,data/resultados_reais.csv
73,2026-06-28T17:00:00+00:00,official_result,25,2026-06-18T19:30:00+00:00,data/resultados_reais.csv
73,2026-06-28T17:00:00+00:00,official_result,26,2026-06-18T22:30:00+00:00,data/resultados_reais.csv
73,2026-06-28T17:00:00+00:00,official_result,27,2026-06-19T01:30:00+00:00,data/resultados_reais.csv
73,2026-06-28T17:00:00+00:00,official_result,28,2026-06-19T04:30:00+00:00,data/resultados_reais.csv
73,2026-06-28T17:00:00+00:00,official_result,32,2026-06-19T22:30:00+00:00,data/resultados_reais.csv
73,2026-06-28T17:00:00+00:00,official_result,30,2026-06-20T01:30:00+00:00,data/resultados_reais.csv
73,2026-06-28T17:00:00+00:00,official_result,29,2026-06-20T04:30:00+00:00,data/resultados_reais.csv
73,2026-06-28T17:00:00+00:00,official_result,31,2026-06-20T06:30:00+00:00,data/resultados_reais.csv
73,2026-06-28T17:00:00+00:00,official_result,35,2026-06-20T20:30:00+00:00,data/resultados_reais.csv
73,2026-06-28T17:00:00+00:00,official_result,33,2026-06-20T23:30:00+00:00,data/resultados_reais.csv
73,2026-06-28T17:00:00+00:00,official_result,34,2026-06-21T03:30:00+00:00,data/resultados_reais.csv
73,2026-06-28T17:00:00+00:00,official_result,36,2026-06-21T07:30:00+00:00,data/resultados_reais.csv
73,2026-06-28T17:00:00+00:00,official_result,38,2026-06-21T19:30:00+00:00,data/resultados_reais.csv
73,2026-06-28T17:00:00+00:00,official_result,39,2026-06-21T22:30:00+00:00,data/resultados_reais.csv
73,2026-06-28T17:00:00+00:00,official_result,37,2026-06-22T01:30:00+00:00,data/resultados_reais.csv
73,2026-06-28T17:00:00+00:00,official_result,40,2026-06-22T04:30:00+00:00,data/resultados_reais.csv
73,2026-06-28T17:00:00+00:00,official_result,43,2026-06-22T20:30:00+00:00,data/resultados_reais.csv
73,2026-06-28T17:00:00+00:00,official_result,42,2026-06-23T00:30:00+00:00,data/resultados_reais.csv
73,2026-06-28T17:00:00+00:00,official_result,41,2026-06-23T03:30:00+00:00,data/resultados_reais.csv
73,2026-06-28T17:00:00+00:00,official_result,44,2026-06-23T06:30:00+00:00,data/resultados_reais.csv
73,2026-06-28T17:00:00+00:00,official_result,47,2026-06-23T20:30:00+00:00,data/resultados_reais.csv
73,2026-06-28T17:00:00+00:00,official_result,45,2026-06-23T23:30:00+00:00,data/resultados_reais.csv
73,2026-06-28T17:00:00+00:00,official_result,46,2026-06-24T02:30:00+00:00,data/resultados_reais.csv
73,2026-06-28T17:00:00+00:00,official_result,48,2026-06-24T05:30:00+00:00,data/resultados_reais.csv
73,2026-06-28T17:00:00+00:00,official_result,51,2026-06-24T22:30:00+00:00,data/resultados_reais.csv
73,2026-06-28T17:00:00+00:00,official_result,52,2026-06-24T22:30:00+00:00,data/resultados_reais.csv
73,2026-06-28T17:00:00+00:00,official_result,49,2026-06-25T01:30:00+00:00,data/resultados_reais.csv
73,2026-06-28T17:00:00+00:00,official_result,50,2026-06-25T01:30:00+00:00,data/resultados_reais.csv
73,2026-06-28T17:00:00+00:00,official_result,53,2026-06-25T04:30:00+00:00,data/resultados_reais.csv
73,2026-06-28T17:00:00+00:00,official_result,54,2026-06-25T04:30:00+00:00,data/resultados_reais.csv
73,2026-06-28T17:00:00+00:00,official_result,55,2026-06-25T23:30:00+00:00,data/resultados_reais.csv
73,2026-06-28T17:00:00+00:00,official_result,56,2026-06-25T23:30:00+00:00,data/resultados_reais.csv
73,2026-06-28T17:00:00+00:00,official_result,57,2026-06-26T02:30:00+00:00,data/resultados_reais.csv
73,2026-06-28T17:00:00+00:00,official_result,58,2026-06-26T02:30:00+00:00,data/resultados_reais.csv
73,2026-06-28T17:00:00+00:00,official_result,59,2026-06-26T05:30:00+00:00,data/resultados_reais.csv
73,2026-06-28T17:00:00+00:00,official_result,60,2026-06-26T05:30:00+00:00,data/resultados_reais.csv
73,2026-06-28T17:00:00+00:00,official_result,61,2026-06-26T22:30:00+00:00,data/resultados_reais.csv
73,2026-06-28T17:00:00+00:00,official_result,62,2026-06-26T22:30:00+00:00,data/resultados_reais.csv
73,2026-06-28T17:00:00+00:00,official_result,65,2026-06-27T03:30:00+00:00,data/resultados_reais.csv
73,2026-06-28T17:00:00+00:00,official_result,66,2026-06-27T03:30:00+00:00,data/resultados_reais.csv
73,2026-06-28T17:00:00+00:00,official_result,63,2026-06-27T06:30:00+00:00,data/resultados_reais.csv
73,2026-06-28T17:00:00+00:00,official_result,64,2026-06-27T06:30:00+00:00,data/resultados_reais.csv
73,2026-06-28T17:00:00+00:00,official_result,67,2026-06-28T00:30:00+00:00,data/resultados_reais.csv
73,2026-06-28T17:00:00+00:00,official_result,68,2026-06-28T00:30:00+00:00,data/resultados_reais.csv
73,2026-06-28T17:00:00+00:00,official_result,71,2026-06-28T03:00:00+00:00,data/resultados_reais.csv
73,2026-06-28T17:00:00+00:00,official_result,72,2026-06-28T03:00:00+00:00,data/resultados_reais.csv
73,2026-06-28T17:00:00+00:00,official_result,69,2026-06-28T05:30:00+00:00,data/resultados_reais.csv
73,2026-06-28T17:00:00+00:00,official_result,70,2026-06-28T05:30:00+00:00,data/resultados_reais.csv
76,2026-06-29T15:00:00+00:00,team_profile,Brasil,2026-06-11T03:59:59+00:00,data/pre_worldcup_state/teams.csv
76,2026-06-29T15:00:00+00:00,team_profile,Japão,2026-06-11T03:59:59+00:00,data/pre_worldcup_state/teams.csv
76,2026-06-29T15:00:00+00:00,fixture,76,2026-06-28T03:00:00+00:00,data/temporal/matches_timeline.csv
76,2026-06-29T15:00:00+00:00,official_result,1,2026-06-11T22:30:00+00:00,data/resultados_reais.csv
76,2026-06-29T15:00:00+00:00,official_result,2,2026-06-12T05:30:00+00:00,data/resultados_reais.csv
76,2026-06-29T15:00:00+00:00,official_result,3,2026-06-12T22:30:00+00:00,data/resultados_reais.csv
76,2026-06-29T15:00:00+00:00,official_result,4,2026-06-13T04:30:00+00:00,data/resultados_reais.csv
76,2026-06-29T15:00:00+00:00,official_result,8,2026-06-13T22:30:00+00:00,data/resultados_reais.csv
76,2026-06-29T15:00:00+00:00,official_result,7,2026-06-14T01:30:00+00:00,data/resultados_reais.csv
76,2026-06-29T15:00:00+00:00,official_result,5,2026-06-14T04:30:00+00:00,data/resultados_reais.csv
76,2026-06-29T15:00:00+00:00,official_result,6,2026-06-14T07:30:00+00:00,data/resultados_reais.csv
76,2026-06-29T15:00:00+00:00,official_result,10,2026-06-14T20:30:00+00:00,data/resultados_reais.csv
76,2026-06-29T15:00:00+00:00,official_result,11,2026-06-14T23:30:00+00:00,data/resultados_reais.csv
76,2026-06-29T15:00:00+00:00,official_result,9,2026-06-15T02:30:00+00:00,data/resultados_reais.csv
76,2026-06-29T15:00:00+00:00,official_result,12,2026-06-15T05:30:00+00:00,data/resultados_reais.csv
76,2026-06-29T15:00:00+00:00,official_result,14,2026-06-15T19:30:00+00:00,data/resultados_reais.csv
76,2026-06-29T15:00:00+00:00,official_result,16,2026-06-15T22:30:00+00:00,data/resultados_reais.csv
76,2026-06-29T15:00:00+00:00,official_result,13,2026-06-16T01:30:00+00:00,data/resultados_reais.csv
76,2026-06-29T15:00:00+00:00,official_result,15,2026-06-16T04:30:00+00:00,data/resultados_reais.csv
76,2026-06-29T15:00:00+00:00,official_result,17,2026-06-16T22:30:00+00:00,data/resultados_reais.csv
76,2026-06-29T15:00:00+00:00,official_result,18,2026-06-17T01:30:00+00:00,data/resultados_reais.csv
76,2026-06-29T15:00:00+00:00,official_result,19,2026-06-17T04:30:00+00:00,data/resultados_reais.csv
76,2026-06-29T15:00:00+00:00,official_result,20,2026-06-17T07:30:00+00:00,data/resultados_reais.csv
76,2026-06-29T15:00:00+00:00,official_result,23,2026-06-17T20:30:00+00:00,data/resultados_reais.csv
76,2026-06-29T15:00:00+00:00,official_result,22,2026-06-17T23:30:00+00:00,data/resultados_reais.csv
76,2026-06-29T15:00:00+00:00,official_result,21,2026-06-18T02:30:00+00:00,data/resultados_reais.csv
76,2026-06-29T15:00:00+00:00,official_result,24,2026-06-18T05:30:00+00:00,data/resultados_reais.csv
76,2026-06-29T15:00:00+00:00,official_result,25,2026-06-18T19:30:00+00:00,data/resultados_reais.csv
76,2026-06-29T15:00:00+00:00,official_result,26,2026-06-18T22:30:00+00:00,data/resultados_reais.csv
76,2026-06-29T15:00:00+00:00,official_result,27,2026-06-19T01:30:00+00:00,data/resultados_reais.csv
76,2026-06-29T15:00:00+00:00,official_result,28,2026-06-19T04:30:00+00:00,data/resultados_reais.csv
76,2026-06-29T15:00:00+00:00,official_result,32,2026-06-19T22:30:00+00:00,data/resultados_reais.csv
76,2026-06-29T15:00:00+00:00,official_result,30,2026-06-20T01:30:00+00:00,data/resultados_reais.csv
76,2026-06-29T15:00:00+00:00,official_result,29,2026-06-20T04:30:00+00:00,data/resultados_reais.csv
76,2026-06-29T15:00:00+00:00,official_result,31,2026-06-20T06:30:00+00:00,data/resultados_reais.csv
76,2026-06-29T15:00:00+00:00,official_result,35,2026-06-20T20:30:00+00:00,data/resultados_reais.csv
76,2026-06-29T15:00:00+00:00,official_result,33,2026-06-20T23:30:00+00:00,data/resultados_reais.csv
76,2026-06-29T15:00:00+00:00,official_result,34,2026-06-21T03:30:00+00:00,data/resultados_reais.csv
76,2026-06-29T15:00:00+00:00,official_result,36,2026-06-21T07:30:00+00:00,data/resultados_reais.csv
76,2026-06-29T15:00:00+00:00,official_result,38,2026-06-21T19:30:00+00:00,data/resultados_reais.csv
76,2026-06-29T15:00:00+00:00,official_result,39,2026-06-21T22:30:00+00:00,data/resultados_reais.csv
76,2026-06-29T15:00:00+00:00,official_result,37,2026-06-22T01:30:00+00:00,data/resultados_reais.csv
76,2026-06-29T15:00:00+00:00,official_result,40,2026-06-22T04:30:00+00:00,data/resultados_reais.csv
76,2026-06-29T15:00:00+00:00,official_result,43,2026-06-22T20:30:00+00:00,data/resultados_reais.csv
76,2026-06-29T15:00:00+00:00,official_result,42,2026-06-23T00:30:00+00:00,data/resultados_reais.csv
76,2026-06-29T15:00:00+00:00,official_result,41,2026-06-23T03:30:00+00:00,data/resultados_reais.csv
76,2026-06-29T15:00:00+00:00,official_result,44,2026-06-23T06:30:00+00:00,data/resultados_reais.csv
76,2026-06-29T15:00:00+00:00,official_result,47,2026-06-23T20:30:00+00:00,data/resultados_reais.csv
76,2026-06-29T15:00:00+00:00,official_result,45,2026-06-23T23:30:00+00:00,data/resultados_reais.csv
76,2026-06-29T15:00:00+00:00,official_result,46,2026-06-24T02:30:00+00:00,data/resultados_reais.csv
76,2026-06-29T15:00:00+00:00,official_result,48,2026-06-24T05:30:00+00:00,data/resultados_reais.csv
76,2026-06-29T15:00:00+00:00,official_result,51,2026-06-24T22:30:00+00:00,data/resultados_reais.csv
76,2026-06-29T15:00:00+00:00,official_result,52,2026-06-24T22:30:00+00:00,data/resultados_reais.csv
76,2026-06-29T15:00:00+00:00,official_result,49,2026-06-25T01:30:00+00:00,data/resultados_reais.csv
76,2026-06-29T15:00:00+00:00,official_result,50,2026-06-25T01:30:00+00:00,data/resultados_reais.csv
76,2026-06-29T15:00:00+00:00,official_result,53,2026-06-25T04:30:00+00:00,data/resultados_reais.csv
76,2026-06-29T15:00:00+00:00,official_result,54,2026-06-25T04:30:00+00:00,data/resultados_reais.csv
76,2026-06-29T15:00:00+00:00,official_result,55,2026-06-25T23:30:00+00:00,data/resultados_reais.csv
76,2026-06-29T15:00:00+00:00,official_result,56,2026-06-25T23:30:00+00:00,data/resultados_reais.csv
76,2026-06-29T15:00:00+00:00,official_result,57,2026-06-26T02:30:00+00:00,data/resultados_reais.csv
76,2026-06-29T15:00:00+00:00,official_result,58,2026-06-26T02:30:00+00:00,data/resultados_reais.csv
76,2026-06-29T15:00:00+00:00,official_result,59,2026-06-26T05:30:00+00:00,data/resultados_reais.csv
76,2026-06-29T15:00:00+00:00,official_result,60,2026-06-26T05:30:00+00:00,data/resultados_reais.csv
76,2026-06-29T15:00:00+00:00,official_result,61,2026-06-26T22:30:00+00:00,data/resultados_reais.csv
76,2026-06-29T15:00:00+00:00,official_result,62,2026-06-26T22:30:00+00:00,data/resultados_reais.csv
76,2026-06-29T15:00:00+00:00,official_result,65,2026-06-27T03:30:00+00:00,data/resultados_reais.csv
76,2026-06-29T15:00:00+00:00,official_result,66,2026-06-27T03:30:00+00:00,data/resultados_reais.csv
76,2026-06-29T15:00:00+00:00,official_result,63,2026-06-27T06:30:00+00:00,data/resultados_reais.csv
76,2026-06-29T15:00:00+00:00,official_result,64,2026-06-27T06:30:00+00:00,data/resultados_reais.csv
76,2026-06-29T15:00:00+00:00,official_result,67,2026-06-28T00:30:00+00:00,data/resultados_reais.csv
76,2026-06-29T15:00:00+00:00,official_result,68,2026-06-28T00:30:00+00:00,data/resultados_reais.csv
76,2026-06-29T15:00:00+00:00,official_result,71,2026-06-28T03:00:00+00:00,data/resultados_reais.csv
76,2026-06-29T15:00:00+00:00,official_result,72,2026-06-28T03:00:00+00:00,data/resultados_reais.csv
76,2026-06-29T15:00:00+00:00,official_result,69,2026-06-28T05:30:00+00:00,data/resultados_reais.csv
76,2026-06-29T15:00:00+00:00,official_result,70,2026-06-28T05:30:00+00:00,data/resultados_reais.csv
76,2026-06-29T15:00:00+00:00,official_result,73,2026-06-28T23:30:00+00:00,data/resultados_reais.csv
74,2026-06-29T18:30:00+00:00,team_profile,Alemanha,2026-06-11T03:59:59+00:00,data/pre_worldcup_state/teams.csv
74,2026-06-29T18:30:00+00:00,team_profile,Paraguai,2026-06-11T03:59:59+00:00,data/pre_worldcup_state/teams.csv
74,2026-06-29T18:30:00+00:00,fixture,74,2026-06-28T03:00:00+00:00,data/temporal/matches_timeline.csv
74,2026-06-29T18:30:00+00:00,official_result,1,2026-06-11T22:30:00+00:00,data/resultados_reais.csv
74,2026-06-29T18:30:00+00:00,official_result,2,2026-06-12T05:30:00+00:00,data/resultados_reais.csv
74,2026-06-29T18:30:00+00:00,official_result,3,2026-06-12T22:30:00+00:00,data/resultados_reais.csv
74,2026-06-29T18:30:00+00:00,official_result,4,2026-06-13T04:30:00+00:00,data/resultados_reais.csv
74,2026-06-29T18:30:00+00:00,official_result,8,2026-06-13T22:30:00+00:00,data/resultados_reais.csv
74,2026-06-29T18:30:00+00:00,official_result,7,2026-06-14T01:30:00+00:00,data/resultados_reais.csv
74,2026-06-29T18:30:00+00:00,official_result,5,2026-06-14T04:30:00+00:00,data/resultados_reais.csv
74,2026-06-29T18:30:00+00:00,official_result,6,2026-06-14T07:30:00+00:00,data/resultados_reais.csv
74,2026-06-29T18:30:00+00:00,official_result,10,2026-06-14T20:30:00+00:00,data/resultados_reais.csv
74,2026-06-29T18:30:00+00:00,official_result,11,2026-06-14T23:30:00+00:00,data/resultados_reais.csv
74,2026-06-29T18:30:00+00:00,official_result,9,2026-06-15T02:30:00+00:00,data/resultados_reais.csv
74,2026-06-29T18:30:00+00:00,official_result,12,2026-06-15T05:30:00+00:00,data/resultados_reais.csv
74,2026-06-29T18:30:00+00:00,official_result,14,2026-06-15T19:30:00+00:00,data/resultados_reais.csv
74,2026-06-29T18:30:00+00:00,official_result,16,2026-06-15T22:30:00+00:00,data/resultados_reais.csv
74,2026-06-29T18:30:00+00:00,official_result,13,2026-06-16T01:30:00+00:00,data/resultados_reais.csv
74,2026-06-29T18:30:00+00:00,official_result,15,2026-06-16T04:30:00+00:00,data/resultados_reais.csv
74,2026-06-29T18:30:00+00:00,official_result,17,2026-06-16T22:30:00+00:00,data/resultados_reais.csv
74,2026-06-29T18:30:00+00:00,official_result,18,2026-06-17T01:30:00+00:00,data/resultados_reais.csv
74,2026-06-29T18:30:00+00:00,official_result,19,2026-06-17T04:30:00+00:00,data/resultados_reais.csv
74,2026-06-29T18:30:00+00:00,official_result,20,2026-06-17T07:30:00+00:00,data/resultados_reais.csv
74,2026-06-29T18:30:00+00:00,official_result,23,2026-06-17T20:30:00+00:00,data/resultados_reais.csv
74,2026-06-29T18:30:00+00:00,official_result,22,2026-06-17T23:30:00+00:00,data/resultados_reais.csv
74,2026-06-29T18:30:00+00:00,official_result,21,2026-06-18T02:30:00+00:00,data/resultados_reais.csv
74,2026-06-29T18:30:00+00:00,official_result,24,2026-06-18T05:30:00+00:00,data/resultados_reais.csv
74,2026-06-29T18:30:00+00:00,official_result,25,2026-06-18T19:30:00+00:00,data/resultados_reais.csv
74,2026-06-29T18:30:00+00:00,official_result,26,2026-06-18T22:30:00+00:00,data/resultados_reais.csv
74,2026-06-29T18:30:00+00:00,official_result,27,2026-06-19T01:30:00+00:00,data/resultados_reais.csv
74,2026-06-29T18:30:00+00:00,official_result,28,2026-06-19T04:30:00+00:00,data/resultados_reais.csv
74,2026-06-29T18:30:00+00:00,official_result,32,2026-06-19T22:30:00+00:00,data/resultados_reais.csv
74,2026-06-29T18:30:00+00:00,official_result,30,2026-06-20T01:30:00+00:00,data/resultados_reais.csv
74,2026-06-29T18:30:00+00:00,official_result,29,2026-06-20T04:30:00+00:00,data/resultados_reais.csv
74,2026-06-29T18:30:00+00:00,official_result,31,2026-06-20T06:30:00+00:00,data/resultados_reais.csv
74,2026-06-29T18:30:00+00:00,official_result,35,2026-06-20T20:30:00+00:00,data/resultados_reais.csv
74,2026-06-29T18:30:00+00:00,official_result,33,2026-06-20T23:30:00+00:00,data/resultados_reais.csv
74,2026-06-29T18:30:00+00:00,official_result,34,2026-06-21T03:30:00+00:00,data/resultados_reais.csv
74,2026-06-29T18:30:00+00:00,official_result,36,2026-06-21T07:30:00+00:00,data/resultados_reais.csv
74,2026-06-29T18:30:00+00:00,official_result,38,2026-06-21T19:30:00+00:00,data/resultados_reais.csv
74,2026-06-29T18:30:00+00:00,official_result,39,2026-06-21T22:30:00+00:00,data/resultados_reais.csv
74,2026-06-29T18:30:00+00:00,official_result,37,2026-06-22T01:30:00+00:00,data/resultados_reais.csv
74,2026-06-29T18:30:00+00:00,official_result,40,2026-06-22T04:30:00+00:00,data/resultados_reais.csv
74,2026-06-29T18:30:00+00:00,official_result,43,2026-06-22T20:30:00+00:00,data/resultados_reais.csv
74,2026-06-29T18:30:00+00:00,official_result,42,2026-06-23T00:30:00+00:00,data/resultados_reais.csv
74,2026-06-29T18:30:00+00:00,official_result,41,2026-06-23T03:30:00+00:00,data/resultados_reais.csv
74,2026-06-29T18:30:00+00:00,official_result,44,2026-06-23T06:30:00+00:00,data/resultados_reais.csv
74,2026-06-29T18:30:00+00:00,official_result,47,2026-06-23T20:30:00+00:00,data/resultados_reais.csv
74,2026-06-29T18:30:00+00:00,official_result,45,2026-06-23T23:30:00+00:00,data/resultados_reais.csv
74,2026-06-29T18:30:00+00:00,official_result,46,2026-06-24T02:30:00+00:00,data/resultados_reais.csv
74,2026-06-29T18:30:00+00:00,official_result,48,2026-06-24T05:30:00+00:00,data/resultados_reais.csv
74,2026-06-29T18:30:00+00:00,official_result,51,2026-06-24T22:30:00+00:00,data/resultados_reais.csv
74,2026-06-29T18:30:00+00:00,official_result,52,2026-06-24T22:30:00+00:00,data/resultados_reais.csv
74,2026-06-29T18:30:00+00:00,official_result,49,2026-06-25T01:30:00+00:00,data/resultados_reais.csv
74,2026-06-29T18:30:00+00:00,official_result,50,2026-06-25T01:30:00+00:00,data/resultados_reais.csv
74,2026-06-29T18:30:00+00:00,official_result,53,2026-06-25T04:30:00+00:00,data/resultados_reais.csv
74,2026-06-29T18:30:00+00:00,official_result,54,2026-06-25T04:30:00+00:00,data/resultados_reais.csv
74,2026-06-29T18:30:00+00:00,official_result,55,2026-06-25T23:30:00+00:00,data/resultados_reais.csv
74,2026-06-29T18:30:00+00:00,official_result,56,2026-06-25T23:30:00+00:00,data/resultados_reais.csv
74,2026-06-29T18:30:00+00:00,official_result,57,2026-06-26T02:30:00+00:00,data/resultados_reais.csv
74,2026-06-29T18:30:00+00:00,official_result,58,2026-06-26T02:30:00+00:00,data/resultados_reais.csv
74,2026-06-29T18:30:00+00:00,official_result,59,2026-06-26T05:30:00+00:00,data/resultados_reais.csv
74,2026-06-29T18:30:00+00:00,official_result,60,2026-06-26T05:30:00+00:00,data/resultados_reais.csv
74,2026-06-29T18:30:00+00:00,official_result,61,2026-06-26T22:30:00+00:00,data/resultados_reais.csv
74,2026-06-29T18:30:00+00:00,official_result,62,2026-06-26T22:30:00+00:00,data/resultados_reais.csv
74,2026-06-29T18:30:00+00:00,official_result,65,2026-06-27T03:30:00+00:00,data/resultados_reais.csv
74,2026-06-29T18:30:00+00:00,official_result,66,2026-06-27T03:30:00+00:00,data/resultados_reais.csv
74,2026-06-29T18:30:00+00:00,official_result,63,2026-06-27T06:30:00+00:00,data/resultados_reais.csv
74,2026-06-29T18:30:00+00:00,official_result,64,2026-06-27T06:30:00+00:00,data/resultados_reais.csv
74,2026-06-29T18:30:00+00:00,official_result,67,2026-06-28T00:30:00+00:00,data/resultados_reais.csv
74,2026-06-29T18:30:00+00:00,official_result,68,2026-06-28T00:30:00+00:00,data/resultados_reais.csv
74,2026-06-29T18:30:00+00:00,official_result,71,2026-06-28T03:00:00+00:00,data/resultados_reais.csv
74,2026-06-29T18:30:00+00:00,official_result,72,2026-06-28T03:00:00+00:00,data/resultados_reais.csv
74,2026-06-29T18:30:00+00:00,official_result,69,2026-06-28T05:30:00+00:00,data/resultados_reais.csv
74,2026-06-29T18:30:00+00:00,official_result,70,2026-06-28T05:30:00+00:00,data/resultados_reais.csv
74,2026-06-29T18:30:00+00:00,official_result,73,2026-06-28T23:30:00+00:00,data/resultados_reais.csv
75,2026-06-29T23:00:00+00:00,team_profile,Países Baixos,2026-06-11T03:59:59+00:00,data/pre_worldcup_state/teams.csv
75,2026-06-29T23:00:00+00:00,team_profile,Marrocos,2026-06-11T03:59:59+00:00,data/pre_worldcup_state/teams.csv
75,2026-06-29T23:00:00+00:00,fixture,75,2026-06-28T03:00:00+00:00,data/temporal/matches_timeline.csv
75,2026-06-29T23:00:00+00:00,official_result,1,2026-06-11T22:30:00+00:00,data/resultados_reais.csv
75,2026-06-29T23:00:00+00:00,official_result,2,2026-06-12T05:30:00+00:00,data/resultados_reais.csv
75,2026-06-29T23:00:00+00:00,official_result,3,2026-06-12T22:30:00+00:00,data/resultados_reais.csv
75,2026-06-29T23:00:00+00:00,official_result,4,2026-06-13T04:30:00+00:00,data/resultados_reais.csv
75,2026-06-29T23:00:00+00:00,official_result,8,2026-06-13T22:30:00+00:00,data/resultados_reais.csv
75,2026-06-29T23:00:00+00:00,official_result,7,2026-06-14T01:30:00+00:00,data/resultados_reais.csv
75,2026-06-29T23:00:00+00:00,official_result,5,2026-06-14T04:30:00+00:00,data/resultados_reais.csv
75,2026-06-29T23:00:00+00:00,official_result,6,2026-06-14T07:30:00+00:00,data/resultados_reais.csv
75,2026-06-29T23:00:00+00:00,official_result,10,2026-06-14T20:30:00+00:00,data/resultados_reais.csv
75,2026-06-29T23:00:00+00:00,official_result,11,2026-06-14T23:30:00+00:00,data/resultados_reais.csv
75,2026-06-29T23:00:00+00:00,official_result,9,2026-06-15T02:30:00+00:00,data/resultados_reais.csv
75,2026-06-29T23:00:00+00:00,official_result,12,2026-06-15T05:30:00+00:00,data/resultados_reais.csv
75,2026-06-29T23:00:00+00:00,official_result,14,2026-06-15T19:30:00+00:00,data/resultados_reais.csv
75,2026-06-29T23:00:00+00:00,official_result,16,2026-06-15T22:30:00+00:00,data/resultados_reais.csv
75,2026-06-29T23:00:00+00:00,official_result,13,2026-06-16T01:30:00+00:00,data/resultados_reais.csv
75,2026-06-29T23:00:00+00:00,official_result,15,2026-06-16T04:30:00+00:00,data/resultados_reais.csv
75,2026-06-29T23:00:00+00:00,official_result,17,2026-06-16T22:30:00+00:00,data/resultados_reais.csv
75,2026-06-29T23:00:00+00:00,official_result,18,2026-06-17T01:30:00+00:00,data/resultados_reais.csv
75,2026-06-29T23:00:00+00:00,official_result,19,2026-06-17T04:30:00+00:00,data/resultados_reais.csv
75,2026-06-29T23:00:00+00:00,official_result,20,2026-06-17T07:30:00+00:00,data/resultados_reais.csv
75,2026-06-29T23:00:00+00:00,official_result,23,2026-06-17T20:30:00+00:00,data/resultados_reais.csv
75,2026-06-29T23:00:00+00:00,official_result,22,2026-06-17T23:30:00+00:00,data/resultados_reais.csv
75,2026-06-29T23:00:00+00:00,official_result,21,2026-06-18T02:30:00+00:00,data/resultados_reais.csv
75,2026-06-29T23:00:00+00:00,official_result,24,2026-06-18T05:30:00+00:00,data/resultados_reais.csv
75,2026-06-29T23:00:00+00:00,official_result,25,2026-06-18T19:30:00+00:00,data/resultados_reais.csv
75,2026-06-29T23:00:00+00:00,official_result,26,2026-06-18T22:30:00+00:00,data/resultados_reais.csv
75,2026-06-29T23:00:00+00:00,official_result,27,2026-06-19T01:30:00+00:00,data/resultados_reais.csv
75,2026-06-29T23:00:00+00:00,official_result,28,2026-06-19T04:30:00+00:00,data/resultados_reais.csv
75,2026-06-29T23:00:00+00:00,official_result,32,2026-06-19T22:30:00+00:00,data/resultados_reais.csv
75,2026-06-29T23:00:00+00:00,official_result,30,2026-06-20T01:30:00+00:00,data/resultados_reais.csv
75,2026-06-29T23:00:00+00:00,official_result,29,2026-06-20T04:30:00+00:00,data/resultados_reais.csv
75,2026-06-29T23:00:00+00:00,official_result,31,2026-06-20T06:30:00+00:00,data/resultados_reais.csv
75,2026-06-29T23:00:00+00:00,official_result,35,2026-06-20T20:30:00+00:00,data/resultados_reais.csv
75,2026-06-29T23:00:00+00:00,official_result,33,2026-06-20T23:30:00+00:00,data/resultados_reais.csv
75,2026-06-29T23:00:00+00:00,official_result,34,2026-06-21T03:30:00+00:00,data/resultados_reais.csv
75,2026-06-29T23:00:00+00:00,official_result,36,2026-06-21T07:30:00+00:00,data/resultados_reais.csv
75,2026-06-29T23:00:00+00:00,official_result,38,2026-06-21T19:30:00+00:00,data/resultados_reais.csv
75,2026-06-29T23:00:00+00:00,official_result,39,2026-06-21T22:30:00+00:00,data/resultados_reais.csv
75,2026-06-29T23:00:00+00:00,official_result,37,2026-06-22T01:30:00+00:00,data/resultados_reais.csv
75,2026-06-29T23:00:00+00:00,official_result,40,2026-06-22T04:30:00+00:00,data/resultados_reais.csv
75,2026-06-29T23:00:00+00:00,official_result,43,2026-06-22T20:30:00+00:00,data/resultados_reais.csv
75,2026-06-29T23:00:00+00:00,official_result,42,2026-06-23T00:30:00+00:00,data/resultados_reais.csv
75,2026-06-29T23:00:00+00:00,official_result,41,2026-06-23T03:30:00+00:00,data/resultados_reais.csv
75,2026-06-29T23:00:00+00:00,official_result,44,2026-06-23T06:30:00+00:00,data/resultados_reais.csv
75,2026-06-29T23:00:00+00:00,official_result,47,2026-06-23T20:30:00+00:00,data/resultados_reais.csv
75,2026-06-29T23:00:00+00:00,official_result,45,2026-06-23T23:30:00+00:00,data/resultados_reais.csv
75,2026-06-29T23:00:00+00:00,official_result,46,2026-06-24T02:30:00+00:00,data/resultados_reais.csv
75,2026-06-29T23:00:00+00:00,official_result,48,2026-06-24T05:30:00+00:00,data/resultados_reais.csv
75,2026-06-29T23:00:00+00:00,official_result,51,2026-06-24T22:30:00+00:00,data/resultados_reais.csv
75,2026-06-29T23:00:00+00:00,official_result,52,2026-06-24T22:30:00+00:00,data/resultados_reais.csv
75,2026-06-29T23:00:00+00:00,official_result,49,2026-06-25T01:30:00+00:00,data/resultados_reais.csv
75,2026-06-29T23:00:00+00:00,official_result,50,2026-06-25T01:30:00+00:00,data/resultados_reais.csv
75,2026-06-29T23:00:00+00:00,official_result,53,2026-06-25T04:30:00+00:00,data/resultados_reais.csv
75,2026-06-29T23:00:00+00:00,official_result,54,2026-06-25T04:30:00+00:00,data/resultados_reais.csv
75,2026-06-29T23:00:00+00:00,official_result,55,2026-06-25T23:30:00+00:00,data/resultados_reais.csv
75,2026-06-29T23:00:00+00:00,official_result,56,2026-06-25T23:30:00+00:00,data/resultados_reais.csv
75,2026-06-29T23:00:00+00:00,official_result,57,2026-06-26T02:30:00+00:00,data/resultados_reais.csv
75,2026-06-29T23:00:00+00:00,official_result,58,2026-06-26T02:30:00+00:00,data/resultados_reais.csv
75,2026-06-29T23:00:00+00:00,official_result,59,2026-06-26T05:30:00+00:00,data/resultados_reais.csv
75,2026-06-29T23:00:00+00:00,official_result,60,2026-06-26T05:30:00+00:00,data/resultados_reais.csv
75,2026-06-29T23:00:00+00:00,official_result,61,2026-06-26T22:30:00+00:00,data/resultados_reais.csv
75,2026-06-29T23:00:00+00:00,official_result,62,2026-06-26T22:30:00+00:00,data/resultados_reais.csv
75,2026-06-29T23:00:00+00:00,official_result,65,2026-06-27T03:30:00+00:00,data/resultados_reais.csv
75,2026-06-29T23:00:00+00:00,official_result,66,2026-06-27T03:30:00+00:00,data/resultados_reais.csv
75,2026-06-29T23:00:00+00:00,official_result,63,2026-06-27T06:30:00+00:00,data/resultados_reais.csv
75,2026-06-29T23:00:00+00:00,official_result,64,2026-06-27T06:30:00+00:00,data/resultados_reais.csv
75,2026-06-29T23:00:00+00:00,official_result,67,2026-06-28T00:30:00+00:00,data/resultados_reais.csv
75,2026-06-29T23:00:00+00:00,official_result,68,2026-06-28T00:30:00+00:00,data/resultados_reais.csv
75,2026-06-29T23:00:00+00:00,official_result,71,2026-06-28T03:00:00+00:00,data/resultados_reais.csv
75,2026-06-29T23:00:00+00:00,official_result,72,2026-06-28T03:00:00+00:00,data/resultados_reais.csv
75,2026-06-29T23:00:00+00:00,official_result,69,2026-06-28T05:30:00+00:00,data/resultados_reais.csv
75,2026-06-29T23:00:00+00:00,official_result,70,2026-06-28T05:30:00+00:00,data/resultados_reais.csv
75,2026-06-29T23:00:00+00:00,official_result,73,2026-06-28T23:30:00+00:00,data/resultados_reais.csv
75,2026-06-29T23:00:00+00:00,official_result,76,2026-06-29T21:30:00+00:00,data/resultados_reais.csv
78,2026-06-30T15:00:00+00:00,team_profile,Costa do Marfim,2026-06-11T03:59:59+00:00,data/pre_worldcup_state/teams.csv
78,2026-06-30T15:00:00+00:00,team_profile,Noruega,2026-06-11T03:59:59+00:00,data/pre_worldcup_state/teams.csv
78,2026-06-30T15:00:00+00:00,fixture,78,2026-06-28T03:00:00+00:00,data/temporal/matches_timeline.csv
78,2026-06-30T15:00:00+00:00,official_result,1,2026-06-11T22:30:00+00:00,data/resultados_reais.csv
78,2026-06-30T15:00:00+00:00,official_result,2,2026-06-12T05:30:00+00:00,data/resultados_reais.csv
78,2026-06-30T15:00:00+00:00,official_result,3,2026-06-12T22:30:00+00:00,data/resultados_reais.csv
78,2026-06-30T15:00:00+00:00,official_result,4,2026-06-13T04:30:00+00:00,data/resultados_reais.csv
78,2026-06-30T15:00:00+00:00,official_result,8,2026-06-13T22:30:00+00:00,data/resultados_reais.csv
78,2026-06-30T15:00:00+00:00,official_result,7,2026-06-14T01:30:00+00:00,data/resultados_reais.csv
78,2026-06-30T15:00:00+00:00,official_result,5,2026-06-14T04:30:00+00:00,data/resultados_reais.csv
78,2026-06-30T15:00:00+00:00,official_result,6,2026-06-14T07:30:00+00:00,data/resultados_reais.csv
78,2026-06-30T15:00:00+00:00,official_result,10,2026-06-14T20:30:00+00:00,data/resultados_reais.csv
78,2026-06-30T15:00:00+00:00,official_result,11,2026-06-14T23:30:00+00:00,data/resultados_reais.csv
78,2026-06-30T15:00:00+00:00,official_result,9,2026-06-15T02:30:00+00:00,data/resultados_reais.csv
78,2026-06-30T15:00:00+00:00,official_result,12,2026-06-15T05:30:00+00:00,data/resultados_reais.csv
78,2026-06-30T15:00:00+00:00,official_result,14,2026-06-15T19:30:00+00:00,data/resultados_reais.csv
78,2026-06-30T15:00:00+00:00,official_result,16,2026-06-15T22:30:00+00:00,data/resultados_reais.csv
78,2026-06-30T15:00:00+00:00,official_result,13,2026-06-16T01:30:00+00:00,data/resultados_reais.csv
78,2026-06-30T15:00:00+00:00,official_result,15,2026-06-16T04:30:00+00:00,data/resultados_reais.csv
78,2026-06-30T15:00:00+00:00,official_result,17,2026-06-16T22:30:00+00:00,data/resultados_reais.csv
78,2026-06-30T15:00:00+00:00,official_result,18,2026-06-17T01:30:00+00:00,data/resultados_reais.csv
78,2026-06-30T15:00:00+00:00,official_result,19,2026-06-17T04:30:00+00:00,data/resultados_reais.csv
78,2026-06-30T15:00:00+00:00,official_result,20,2026-06-17T07:30:00+00:00,data/resultados_reais.csv
78,2026-06-30T15:00:00+00:00,official_result,23,2026-06-17T20:30:00+00:00,data/resultados_reais.csv
78,2026-06-30T15:00:00+00:00,official_result,22,2026-06-17T23:30:00+00:00,data/resultados_reais.csv
78,2026-06-30T15:00:00+00:00,official_result,21,2026-06-18T02:30:00+00:00,data/resultados_reais.csv
78,2026-06-30T15:00:00+00:00,official_result,24,2026-06-18T05:30:00+00:00,data/resultados_reais.csv
78,2026-06-30T15:00:00+00:00,official_result,25,2026-06-18T19:30:00+00:00,data/resultados_reais.csv
78,2026-06-30T15:00:00+00:00,official_result,26,2026-06-18T22:30:00+00:00,data/resultados_reais.csv
78,2026-06-30T15:00:00+00:00,official_result,27,2026-06-19T01:30:00+00:00,data/resultados_reais.csv
78,2026-06-30T15:00:00+00:00,official_result,28,2026-06-19T04:30:00+00:00,data/resultados_reais.csv
78,2026-06-30T15:00:00+00:00,official_result,32,2026-06-19T22:30:00+00:00,data/resultados_reais.csv
78,2026-06-30T15:00:00+00:00,official_result,30,2026-06-20T01:30:00+00:00,data/resultados_reais.csv
78,2026-06-30T15:00:00+00:00,official_result,29,2026-06-20T04:30:00+00:00,data/resultados_reais.csv
78,2026-06-30T15:00:00+00:00,official_result,31,2026-06-20T06:30:00+00:00,data/resultados_reais.csv
78,2026-06-30T15:00:00+00:00,official_result,35,2026-06-20T20:30:00+00:00,data/resultados_reais.csv
78,2026-06-30T15:00:00+00:00,official_result,33,2026-06-20T23:30:00+00:00,data/resultados_reais.csv
78,2026-06-30T15:00:00+00:00,official_result,34,2026-06-21T03:30:00+00:00,data/resultados_reais.csv
78,2026-06-30T15:00:00+00:00,official_result,36,2026-06-21T07:30:00+00:00,data/resultados_reais.csv
78,2026-06-30T15:00:00+00:00,official_result,38,2026-06-21T19:30:00+00:00,data/resultados_reais.csv
78,2026-06-30T15:00:00+00:00,official_result,39,2026-06-21T22:30:00+00:00,data/resultados_reais.csv
78,2026-06-30T15:00:00+00:00,official_result,37,2026-06-22T01:30:00+00:00,data/resultados_reais.csv
78,2026-06-30T15:00:00+00:00,official_result,40,2026-06-22T04:30:00+00:00,data/resultados_reais.csv
78,2026-06-30T15:00:00+00:00,official_result,43,2026-06-22T20:30:00+00:00,data/resultados_reais.csv
78,2026-06-30T15:00:00+00:00,official_result,42,2026-06-23T00:30:00+00:00,data/resultados_reais.csv
78,2026-06-30T15:00:00+00:00,official_result,41,2026-06-23T03:30:00+00:00,data/resultados_reais.csv
78,2026-06-30T15:00:00+00:00,official_result,44,2026-06-23T06:30:00+00:00,data/resultados_reais.csv
78,2026-06-30T15:00:00+00:00,official_result,47,2026-06-23T20:30:00+00:00,data/resultados_reais.csv
78,2026-06-30T15:00:00+00:00,official_result,45,2026-06-23T23:30:00+00:00,data/resultados_reais.csv
78,2026-06-30T15:00:00+00:00,official_result,46,2026-06-24T02:30:00+00:00,data/resultados_reais.csv
78,2026-06-30T15:00:00+00:00,official_result,48,2026-06-24T05:30:00+00:00,data/resultados_reais.csv
78,2026-06-30T15:00:00+00:00,official_result,51,2026-06-24T22:30:00+00:00,data/resultados_reais.csv
78,2026-06-30T15:00:00+00:00,official_result,52,2026-06-24T22:30:00+00:00,data/resultados_reais.csv
78,2026-06-30T15:00:00+00:00,official_result,49,2026-06-25T01:30:00+00:00,data/resultados_reais.csv
78,2026-06-30T15:00:00+00:00,official_result,50,2026-06-25T01:30:00+00:00,data/resultados_reais.csv
78,2026-06-30T15:00:00+00:00,official_result,53,2026-06-25T04:30:00+00:00,data/resultados_reais.csv
78,2026-06-30T15:00:00+00:00,official_result,54,2026-06-25T04:30:00+00:00,data/resultados_reais.csv
78,2026-06-30T15:00:00+00:00,official_result,55,2026-06-25T23:30:00+00:00,data/resultados_reais.csv
78,2026-06-30T15:00:00+00:00,official_result,56,2026-06-25T23:30:00+00:00,data/resultados_reais.csv
78,2026-06-30T15:00:00+00:00,official_result,57,2026-06-26T02:30:00+00:00,data/resultados_reais.csv
78,2026-06-30T15:00:00+00:00,official_result,58,2026-06-26T02:30:00+00:00,data/resultados_reais.csv
78,2026-06-30T15:00:00+00:00,official_result,59,2026-06-26T05:30:00+00:00,data/resultados_reais.csv
78,2026-06-30T15:00:00+00:00,official_result,60,2026-06-26T05:30:00+00:00,data/resultados_reais.csv
78,2026-06-30T15:00:00+00:00,official_result,61,2026-06-26T22:30:00+00:00,data/resultados_reais.csv
78,2026-06-30T15:00:00+00:00,official_result,62,2026-06-26T22:30:00+00:00,data/resultados_reais.csv
78,2026-06-30T15:00:00+00:00,official_result,65,2026-06-27T03:30:00+00:00,data/resultados_reais.csv
78,2026-06-30T15:00:00+00:00,official_result,66,2026-06-27T03:30:00+00:00,data/resultados_reais.csv
78,2026-06-30T15:00:00+00:00,official_result,63,2026-06-27T06:30:00+00:00,data/resultados_reais.csv
78,2026-06-30T15:00:00+00:00,official_result,64,2026-06-27T06:30:00+00:00,data/resultados_reais.csv
78,2026-06-30T15:00:00+00:00,official_result,67,2026-06-28T00:30:00+00:00,data/resultados_reais.csv
78,2026-06-30T15:00:00+00:00,official_result,68,2026-06-28T00:30:00+00:00,data/resultados_reais.csv
78,2026-06-30T15:00:00+00:00,official_result,71,2026-06-28T03:00:00+00:00,data/resultados_reais.csv
78,2026-06-30T15:00:00+00:00,official_result,72,2026-06-28T03:00:00+00:00,data/resultados_reais.csv
78,2026-06-30T15:00:00+00:00,official_result,69,2026-06-28T05:30:00+00:00,data/resultados_reais.csv
78,2026-06-30T15:00:00+00:00,official_result,70,2026-06-28T05:30:00+00:00,data/resultados_reais.csv
78,2026-06-30T15:00:00+00:00,official_result,73,2026-06-28T23:30:00+00:00,data/resultados_reais.csv
78,2026-06-30T15:00:00+00:00,official_result,76,2026-06-29T21:30:00+00:00,data/resultados_reais.csv
78,2026-06-30T15:00:00+00:00,official_result,74,2026-06-30T01:00:00+00:00,data/resultados_reais.csv
78,2026-06-30T15:00:00+00:00,official_result,75,2026-06-30T05:30:00+00:00,data/resultados_reais.csv
77,2026-06-30T19:00:00+00:00,team_profile,França,2026-06-11T03:59:59+00:00,data/pre_worldcup_state/teams.csv
77,2026-06-30T19:00:00+00:00,team_profile,Suécia,2026-06-11T03:59:59+00:00,data/pre_worldcup_state/teams.csv
77,2026-06-30T19:00:00+00:00,fixture,77,2026-06-28T03:00:00+00:00,data/temporal/matches_timeline.csv
77,2026-06-30T19:00:00+00:00,official_result,1,2026-06-11T22:30:00+00:00,data/resultados_reais.csv
77,2026-06-30T19:00:00+00:00,official_result,2,2026-06-12T05:30:00+00:00,data/resultados_reais.csv
77,2026-06-30T19:00:00+00:00,official_result,3,2026-06-12T22:30:00+00:00,data/resultados_reais.csv
77,2026-06-30T19:00:00+00:00,official_result,4,2026-06-13T04:30:00+00:00,data/resultados_reais.csv
77,2026-06-30T19:00:00+00:00,official_result,8,2026-06-13T22:30:00+00:00,data/resultados_reais.csv
77,2026-06-30T19:00:00+00:00,official_result,7,2026-06-14T01:30:00+00:00,data/resultados_reais.csv
77,2026-06-30T19:00:00+00:00,official_result,5,2026-06-14T04:30:00+00:00,data/resultados_reais.csv
77,2026-06-30T19:00:00+00:00,official_result,6,2026-06-14T07:30:00+00:00,data/resultados_reais.csv
77,2026-06-30T19:00:00+00:00,official_result,10,2026-06-14T20:30:00+00:00,data/resultados_reais.csv
77,2026-06-30T19:00:00+00:00,official_result,11,2026-06-14T23:30:00+00:00,data/resultados_reais.csv
77,2026-06-30T19:00:00+00:00,official_result,9,2026-06-15T02:30:00+00:00,data/resultados_reais.csv
77,2026-06-30T19:00:00+00:00,official_result,12,2026-06-15T05:30:00+00:00,data/resultados_reais.csv
77,2026-06-30T19:00:00+00:00,official_result,14,2026-06-15T19:30:00+00:00,data/resultados_reais.csv
77,2026-06-30T19:00:00+00:00,official_result,16,2026-06-15T22:30:00+00:00,data/resultados_reais.csv
77,2026-06-30T19:00:00+00:00,official_result,13,2026-06-16T01:30:00+00:00,data/resultados_reais.csv
77,2026-06-30T19:00:00+00:00,official_result,15,2026-06-16T04:30:00+00:00,data/resultados_reais.csv
77,2026-06-30T19:00:00+00:00,official_result,17,2026-06-16T22:30:00+00:00,data/resultados_reais.csv
77,2026-06-30T19:00:00+00:00,official_result,18,2026-06-17T01:30:00+00:00,data/resultados_reais.csv
77,2026-06-30T19:00:00+00:00,official_result,19,2026-06-17T04:30:00+00:00,data/resultados_reais.csv
77,2026-06-30T19:00:00+00:00,official_result,20,2026-06-17T07:30:00+00:00,data/resultados_reais.csv
77,2026-06-30T19:00:00+00:00,official_result,23,2026-06-17T20:30:00+00:00,data/resultados_reais.csv
77,2026-06-30T19:00:00+00:00,official_result,22,2026-06-17T23:30:00+00:00,data/resultados_reais.csv
77,2026-06-30T19:00:00+00:00,official_result,21,2026-06-18T02:30:00+00:00,data/resultados_reais.csv
77,2026-06-30T19:00:00+00:00,official_result,24,2026-06-18T05:30:00+00:00,data/resultados_reais.csv
77,2026-06-30T19:00:00+00:00,official_result,25,2026-06-18T19:30:00+00:00,data/resultados_reais.csv
77,2026-06-30T19:00:00+00:00,official_result,26,2026-06-18T22:30:00+00:00,data/resultados_reais.csv
77,2026-06-30T19:00:00+00:00,official_result,27,2026-06-19T01:30:00+00:00,data/resultados_reais.csv
77,2026-06-30T19:00:00+00:00,official_result,28,2026-06-19T04:30:00+00:00,data/resultados_reais.csv
77,2026-06-30T19:00:00+00:00,official_result,32,2026-06-19T22:30:00+00:00,data/resultados_reais.csv
77,2026-06-30T19:00:00+00:00,official_result,30,2026-06-20T01:30:00+00:00,data/resultados_reais.csv
77,2026-06-30T19:00:00+00:00,official_result,29,2026-06-20T04:30:00+00:00,data/resultados_reais.csv
77,2026-06-30T19:00:00+00:00,official_result,31,2026-06-20T06:30:00+00:00,data/resultados_reais.csv
77,2026-06-30T19:00:00+00:00,official_result,35,2026-06-20T20:30:00+00:00,data/resultados_reais.csv
77,2026-06-30T19:00:00+00:00,official_result,33,2026-06-20T23:30:00+00:00,data/resultados_reais.csv
77,2026-06-30T19:00:00+00:00,official_result,34,2026-06-21T03:30:00+00:00,data/resultados_reais.csv
77,2026-06-30T19:00:00+00:00,official_result,36,2026-06-21T07:30:00+00:00,data/resultados_reais.csv
77,2026-06-30T19:00:00+00:00,official_result,38,2026-06-21T19:30:00+00:00,data/resultados_reais.csv
77,2026-06-30T19:00:00+00:00,official_result,39,2026-06-21T22:30:00+00:00,data/resultados_reais.csv
77,2026-06-30T19:00:00+00:00,official_result,37,2026-06-22T01:30:00+00:00,data/resultados_reais.csv
77,2026-06-30T19:00:00+00:00,official_result,40,2026-06-22T04:30:00+00:00,data/resultados_reais.csv
77,2026-06-30T19:00:00+00:00,official_result,43,2026-06-22T20:30:00+00:00,data/resultados_reais.csv
77,2026-06-30T19:00:00+00:00,official_result,42,2026-06-23T00:30:00+00:00,data/resultados_reais.csv
77,2026-06-30T19:00:00+00:00,official_result,41,2026-06-23T03:30:00+00:00,data/resultados_reais.csv
77,2026-06-30T19:00:00+00:00,official_result,44,2026-06-23T06:30:00+00:00,data/resultados_reais.csv
77,2026-06-30T19:00:00+00:00,official_result,47,2026-06-23T20:30:00+00:00,data/resultados_reais.csv
77,2026-06-30T19:00:00+00:00,official_result,45,2026-06-23T23:30:00+00:00,data/resultados_reais.csv
77,2026-06-30T19:00:00+00:00,official_result,46,2026-06-24T02:30:00+00:00,data/resultados_reais.csv
77,2026-06-30T19:00:00+00:00,official_result,48,2026-06-24T05:30:00+00:00,data/resultados_reais.csv
77,2026-06-30T19:00:00+00:00,official_result,51,2026-06-24T22:30:00+00:00,data/resultados_reais.csv
77,2026-06-30T19:00:00+00:00,official_result,52,2026-06-24T22:30:00+00:00,data/resultados_reais.csv
77,2026-06-30T19:00:00+00:00,official_result,49,2026-06-25T01:30:00+00:00,data/resultados_reais.csv
77,2026-06-30T19:00:00+00:00,official_result,50,2026-06-25T01:30:00+00:00,data/resultados_reais.csv
77,2026-06-30T19:00:00+00:00,official_result,53,2026-06-25T04:30:00+00:00,data/resultados_reais.csv
77,2026-06-30T19:00:00+00:00,official_result,54,2026-06-25T04:30:00+00:00,data/resultados_reais.csv
77,2026-06-30T19:00:00+00:00,official_result,55,2026-06-25T23:30:00+00:00,data/resultados_reais.csv
77,2026-06-30T19:00:00+00:00,official_result,56,2026-06-25T23:30:00+00:00,data/resultados_reais.csv
77,2026-06-30T19:00:00+00:00,official_result,57,2026-06-26T02:30:00+00:00,data/resultados_reais.csv
77,2026-06-30T19:00:00+00:00,official_result,58,2026-06-26T02:30:00+00:00,data/resultados_reais.csv
77,2026-06-30T19:00:00+00:00,official_result,59,2026-06-26T05:30:00+00:00,data/resultados_reais.csv
77,2026-06-30T19:00:00+00:00,official_result,60,2026-06-26T05:30:00+00:00,data/resultados_reais.csv
77,2026-06-30T19:00:00+00:00,official_result,61,2026-06-26T22:30:00+00:00,data/resultados_reais.csv
77,2026-06-30T19:00:00+00:00,official_result,62,2026-06-26T22:30:00+00:00,data/resultados_reais.csv
77,2026-06-30T19:00:00+00:00,official_result,65,2026-06-27T03:30:00+00:00,data/resultados_reais.csv
77,2026-06-30T19:00:00+00:00,official_result,66,2026-06-27T03:30:00+00:00,data/resultados_reais.csv
77,2026-06-30T19:00:00+00:00,official_result,63,2026-06-27T06:30:00+00:00,data/resultados_reais.csv
77,2026-06-30T19:00:00+00:00,official_result,64,2026-06-27T06:30:00+00:00,data/resultados_reais.csv
77,2026-06-30T19:00:00+00:00,official_result,67,2026-06-28T00:30:00+00:00,data/resultados_reais.csv
77,2026-06-30T19:00:00+00:00,official_result,68,2026-06-28T00:30:00+00:00,data/resultados_reais.csv
77,2026-06-30T19:00:00+00:00,official_result,71,2026-06-28T03:00:00+00:00,data/resultados_reais.csv
77,2026-06-30T19:00:00+00:00,official_result,72,2026-06-28T03:00:00+00:00,data/resultados_reais.csv
77,2026-06-30T19:00:00+00:00,official_result,69,2026-06-28T05:30:00+00:00,data/resultados_reais.csv
77,2026-06-30T19:00:00+00:00,official_result,70,2026-06-28T05:30:00+00:00,data/resultados_reais.csv
77,2026-06-30T19:00:00+00:00,official_result,73,2026-06-28T23:30:00+00:00,data/resultados_reais.csv
77,2026-06-30T19:00:00+00:00,official_result,76,2026-06-29T21:30:00+00:00,data/resultados_reais.csv
77,2026-06-30T19:00:00+00:00,official_result,74,2026-06-30T01:00:00+00:00,data/resultados_reais.csv
77,2026-06-30T19:00:00+00:00,official_result,75,2026-06-30T05:30:00+00:00,data/resultados_reais.csv
79,2026-06-30T23:00:00+00:00,team_profile,México,2026-06-11T03:59:59+00:00,data/pre_worldcup_state/teams.csv
79,2026-06-30T23:00:00+00:00,team_profile,Equador,2026-06-11T03:59:59+00:00,data/pre_worldcup_state/teams.csv
79,2026-06-30T23:00:00+00:00,fixture,79,2026-06-28T03:00:00+00:00,data/temporal/matches_timeline.csv
79,2026-06-30T23:00:00+00:00,official_result,1,2026-06-11T22:30:00+00:00,data/resultados_reais.csv
79,2026-06-30T23:00:00+00:00,official_result,2,2026-06-12T05:30:00+00:00,data/resultados_reais.csv
79,2026-06-30T23:00:00+00:00,official_result,3,2026-06-12T22:30:00+00:00,data/resultados_reais.csv
79,2026-06-30T23:00:00+00:00,official_result,4,2026-06-13T04:30:00+00:00,data/resultados_reais.csv
79,2026-06-30T23:00:00+00:00,official_result,8,2026-06-13T22:30:00+00:00,data/resultados_reais.csv
79,2026-06-30T23:00:00+00:00,official_result,7,2026-06-14T01:30:00+00:00,data/resultados_reais.csv
79,2026-06-30T23:00:00+00:00,official_result,5,2026-06-14T04:30:00+00:00,data/resultados_reais.csv
79,2026-06-30T23:00:00+00:00,official_result,6,2026-06-14T07:30:00+00:00,data/resultados_reais.csv
79,2026-06-30T23:00:00+00:00,official_result,10,2026-06-14T20:30:00+00:00,data/resultados_reais.csv
79,2026-06-30T23:00:00+00:00,official_result,11,2026-06-14T23:30:00+00:00,data/resultados_reais.csv
79,2026-06-30T23:00:00+00:00,official_result,9,2026-06-15T02:30:00+00:00,data/resultados_reais.csv
79,2026-06-30T23:00:00+00:00,official_result,12,2026-06-15T05:30:00+00:00,data/resultados_reais.csv
79,2026-06-30T23:00:00+00:00,official_result,14,2026-06-15T19:30:00+00:00,data/resultados_reais.csv
79,2026-06-30T23:00:00+00:00,official_result,16,2026-06-15T22:30:00+00:00,data/resultados_reais.csv
79,2026-06-30T23:00:00+00:00,official_result,13,2026-06-16T01:30:00+00:00,data/resultados_reais.csv
79,2026-06-30T23:00:00+00:00,official_result,15,2026-06-16T04:30:00+00:00,data/resultados_reais.csv
79,2026-06-30T23:00:00+00:00,official_result,17,2026-06-16T22:30:00+00:00,data/resultados_reais.csv
79,2026-06-30T23:00:00+00:00,official_result,18,2026-06-17T01:30:00+00:00,data/resultados_reais.csv
79,2026-06-30T23:00:00+00:00,official_result,19,2026-06-17T04:30:00+00:00,data/resultados_reais.csv
79,2026-06-30T23:00:00+00:00,official_result,20,2026-06-17T07:30:00+00:00,data/resultados_reais.csv
79,2026-06-30T23:00:00+00:00,official_result,23,2026-06-17T20:30:00+00:00,data/resultados_reais.csv
79,2026-06-30T23:00:00+00:00,official_result,22,2026-06-17T23:30:00+00:00,data/resultados_reais.csv
79,2026-06-30T23:00:00+00:00,official_result,21,2026-06-18T02:30:00+00:00,data/resultados_reais.csv
79,2026-06-30T23:00:00+00:00,official_result,24,2026-06-18T05:30:00+00:00,data/resultados_reais.csv
79,2026-06-30T23:00:00+00:00,official_result,25,2026-06-18T19:30:00+00:00,data/resultados_reais.csv
79,2026-06-30T23:00:00+00:00,official_result,26,2026-06-18T22:30:00+00:00,data/resultados_reais.csv
79,2026-06-30T23:00:00+00:00,official_result,27,2026-06-19T01:30:00+00:00,data/resultados_reais.csv
79,2026-06-30T23:00:00+00:00,official_result,28,2026-06-19T04:30:00+00:00,data/resultados_reais.csv
79,2026-06-30T23:00:00+00:00,official_result,32,2026-06-19T22:30:00+00:00,data/resultados_reais.csv
79,2026-06-30T23:00:00+00:00,official_result,30,2026-06-20T01:30:00+00:00,data/resultados_reais.csv
79,2026-06-30T23:00:00+00:00,official_result,29,2026-06-20T04:30:00+00:00,data/resultados_reais.csv
79,2026-06-30T23:00:00+00:00,official_result,31,2026-06-20T06:30:00+00:00,data/resultados_reais.csv
79,2026-06-30T23:00:00+00:00,official_result,35,2026-06-20T20:30:00+00:00,data/resultados_reais.csv
79,2026-06-30T23:00:00+00:00,official_result,33,2026-06-20T23:30:00+00:00,data/resultados_reais.csv
79,2026-06-30T23:00:00+00:00,official_result,34,2026-06-21T03:30:00+00:00,data/resultados_reais.csv
79,2026-06-30T23:00:00+00:00,official_result,36,2026-06-21T07:30:00+00:00,data/resultados_reais.csv
79,2026-06-30T23:00:00+00:00,official_result,38,2026-06-21T19:30:00+00:00,data/resultados_reais.csv
79,2026-06-30T23:00:00+00:00,official_result,39,2026-06-21T22:30:00+00:00,data/resultados_reais.csv
79,2026-06-30T23:00:00+00:00,official_result,37,2026-06-22T01:30:00+00:00,data/resultados_reais.csv
79,2026-06-30T23:00:00+00:00,official_result,40,2026-06-22T04:30:00+00:00,data/resultados_reais.csv
79,2026-06-30T23:00:00+00:00,official_result,43,2026-06-22T20:30:00+00:00,data/resultados_reais.csv
79,2026-06-30T23:00:00+00:00,official_result,42,2026-06-23T00:30:00+00:00,data/resultados_reais.csv
79,2026-06-30T23:00:00+00:00,official_result,41,2026-06-23T03:30:00+00:00,data/resultados_reais.csv
79,2026-06-30T23:00:00+00:00,official_result,44,2026-06-23T06:30:00+00:00,data/resultados_reais.csv
79,2026-06-30T23:00:00+00:00,official_result,47,2026-06-23T20:30:00+00:00,data/resultados_reais.csv
79,2026-06-30T23:00:00+00:00,official_result,45,2026-06-23T23:30:00+00:00,data/resultados_reais.csv
79,2026-06-30T23:00:00+00:00,official_result,46,2026-06-24T02:30:00+00:00,data/resultados_reais.csv
79,2026-06-30T23:00:00+00:00,official_result,48,2026-06-24T05:30:00+00:00,data/resultados_reais.csv
79,2026-06-30T23:00:00+00:00,official_result,51,2026-06-24T22:30:00+00:00,data/resultados_reais.csv
79,2026-06-30T23:00:00+00:00,official_result,52,2026-06-24T22:30:00+00:00,data/resultados_reais.csv
79,2026-06-30T23:00:00+00:00,official_result,49,2026-06-25T01:30:00+00:00,data/resultados_reais.csv
79,2026-06-30T23:00:00+00:00,official_result,50,2026-06-25T01:30:00+00:00,data/resultados_reais.csv
79,2026-06-30T23:00:00+00:00,official_result,53,2026-06-25T04:30:00+00:00,data/resultados_reais.csv
79,2026-06-30T23:00:00+00:00,official_result,54,2026-06-25T04:30:00+00:00,data/resultados_reais.csv
79,2026-06-30T23:00:00+00:00,official_result,55,2026-06-25T23:30:00+00:00,data/resultados_reais.csv
79,2026-06-30T23:00:00+00:00,official_result,56,2026-06-25T23:30:00+00:00,data/resultados_reais.csv
79,2026-06-30T23:00:00+00:00,official_result,57,2026-06-26T02:30:00+00:00,data/resultados_reais.csv
79,2026-06-30T23:00:00+00:00,official_result,58,2026-06-26T02:30:00+00:00,data/resultados_reais.csv
79,2026-06-30T23:00:00+00:00,official_result,59,2026-06-26T05:30:00+00:00,data/resultados_reais.csv
79,2026-06-30T23:00:00+00:00,official_result,60,2026-06-26T05:30:00+00:00,data/resultados_reais.csv
79,2026-06-30T23:00:00+00:00,official_result,61,2026-06-26T22:30:00+00:00,data/resultados_reais.csv
79,2026-06-30T23:00:00+00:00,official_result,62,2026-06-26T22:30:00+00:00,data/resultados_reais.csv
79,2026-06-30T23:00:00+00:00,official_result,65,2026-06-27T03:30:00+00:00,data/resultados_reais.csv
79,2026-06-30T23:00:00+00:00,official_result,66,2026-06-27T03:30:00+00:00,data/resultados_reais.csv
79,2026-06-30T23:00:00+00:00,official_result,63,2026-06-27T06:30:00+00:00,data/resultados_reais.csv
79,2026-06-30T23:00:00+00:00,official_result,64,2026-06-27T06:30:00+00:00,data/resultados_reais.csv
79,2026-06-30T23:00:00+00:00,official_result,67,2026-06-28T00:30:00+00:00,data/resultados_reais.csv
79,2026-06-30T23:00:00+00:00,official_result,68,2026-06-28T00:30:00+00:00,data/resultados_reais.csv
79,2026-06-30T23:00:00+00:00,official_result,71,2026-06-28T03:00:00+00:00,data/resultados_reais.csv
79,2026-06-30T23:00:00+00:00,official_result,72,2026-06-28T03:00:00+00:00,data/resultados_reais.csv
79,2026-06-30T23:00:00+00:00,official_result,69,2026-06-28T05:30:00+00:00,data/resultados_reais.csv
79,2026-06-30T23:00:00+00:00,official_result,70,2026-06-28T05:30:00+00:00,data/resultados_reais.csv
79,2026-06-30T23:00:00+00:00,official_result,73,2026-06-28T23:30:00+00:00,data/resultados_reais.csv
79,2026-06-30T23:00:00+00:00,official_result,76,2026-06-29T21:30:00+00:00,data/resultados_reais.csv
79,2026-06-30T23:00:00+00:00,official_result,74,2026-06-30T01:00:00+00:00,data/resultados_reais.csv
79,2026-06-30T23:00:00+00:00,official_result,75,2026-06-30T05:30:00+00:00,data/resultados_reais.csv
79,2026-06-30T23:00:00+00:00,official_result,78,2026-06-30T21:30:00+00:00,data/resultados_reais.csv
80,2026-07-01T14:00:00+00:00,team_profile,Inglaterra,2026-06-11T03:59:59+00:00,data/pre_worldcup_state/teams.csv
80,2026-07-01T14:00:00+00:00,team_profile,RD Congo,2026-06-11T03:59:59+00:00,data/pre_worldcup_state/teams.csv
80,2026-07-01T14:00:00+00:00,fixture,80,2026-06-28T03:00:00+00:00,data/temporal/matches_timeline.csv
80,2026-07-01T14:00:00+00:00,official_result,1,2026-06-11T22:30:00+00:00,data/resultados_reais.csv
80,2026-07-01T14:00:00+00:00,official_result,2,2026-06-12T05:30:00+00:00,data/resultados_reais.csv
80,2026-07-01T14:00:00+00:00,official_result,3,2026-06-12T22:30:00+00:00,data/resultados_reais.csv
80,2026-07-01T14:00:00+00:00,official_result,4,2026-06-13T04:30:00+00:00,data/resultados_reais.csv
80,2026-07-01T14:00:00+00:00,official_result,8,2026-06-13T22:30:00+00:00,data/resultados_reais.csv
80,2026-07-01T14:00:00+00:00,official_result,7,2026-06-14T01:30:00+00:00,data/resultados_reais.csv
80,2026-07-01T14:00:00+00:00,official_result,5,2026-06-14T04:30:00+00:00,data/resultados_reais.csv
80,2026-07-01T14:00:00+00:00,official_result,6,2026-06-14T07:30:00+00:00,data/resultados_reais.csv
80,2026-07-01T14:00:00+00:00,official_result,10,2026-06-14T20:30:00+00:00,data/resultados_reais.csv
80,2026-07-01T14:00:00+00:00,official_result,11,2026-06-14T23:30:00+00:00,data/resultados_reais.csv
80,2026-07-01T14:00:00+00:00,official_result,9,2026-06-15T02:30:00+00:00,data/resultados_reais.csv
80,2026-07-01T14:00:00+00:00,official_result,12,2026-06-15T05:30:00+00:00,data/resultados_reais.csv
80,2026-07-01T14:00:00+00:00,official_result,14,2026-06-15T19:30:00+00:00,data/resultados_reais.csv
80,2026-07-01T14:00:00+00:00,official_result,16,2026-06-15T22:30:00+00:00,data/resultados_reais.csv
80,2026-07-01T14:00:00+00:00,official_result,13,2026-06-16T01:30:00+00:00,data/resultados_reais.csv
80,2026-07-01T14:00:00+00:00,official_result,15,2026-06-16T04:30:00+00:00,data/resultados_reais.csv
80,2026-07-01T14:00:00+00:00,official_result,17,2026-06-16T22:30:00+00:00,data/resultados_reais.csv
80,2026-07-01T14:00:00+00:00,official_result,18,2026-06-17T01:30:00+00:00,data/resultados_reais.csv
80,2026-07-01T14:00:00+00:00,official_result,19,2026-06-17T04:30:00+00:00,data/resultados_reais.csv
80,2026-07-01T14:00:00+00:00,official_result,20,2026-06-17T07:30:00+00:00,data/resultados_reais.csv
80,2026-07-01T14:00:00+00:00,official_result,23,2026-06-17T20:30:00+00:00,data/resultados_reais.csv
80,2026-07-01T14:00:00+00:00,official_result,22,2026-06-17T23:30:00+00:00,data/resultados_reais.csv
80,2026-07-01T14:00:00+00:00,official_result,21,2026-06-18T02:30:00+00:00,data/resultados_reais.csv
80,2026-07-01T14:00:00+00:00,official_result,24,2026-06-18T05:30:00+00:00,data/resultados_reais.csv
80,2026-07-01T14:00:00+00:00,official_result,25,2026-06-18T19:30:00+00:00,data/resultados_reais.csv
80,2026-07-01T14:00:00+00:00,official_result,26,2026-06-18T22:30:00+00:00,data/resultados_reais.csv
80,2026-07-01T14:00:00+00:00,official_result,27,2026-06-19T01:30:00+00:00,data/resultados_reais.csv
80,2026-07-01T14:00:00+00:00,official_result,28,2026-06-19T04:30:00+00:00,data/resultados_reais.csv
80,2026-07-01T14:00:00+00:00,official_result,32,2026-06-19T22:30:00+00:00,data/resultados_reais.csv
80,2026-07-01T14:00:00+00:00,official_result,30,2026-06-20T01:30:00+00:00,data/resultados_reais.csv
80,2026-07-01T14:00:00+00:00,official_result,29,2026-06-20T04:30:00+00:00,data/resultados_reais.csv
80,2026-07-01T14:00:00+00:00,official_result,31,2026-06-20T06:30:00+00:00,data/resultados_reais.csv
80,2026-07-01T14:00:00+00:00,official_result,35,2026-06-20T20:30:00+00:00,data/resultados_reais.csv
80,2026-07-01T14:00:00+00:00,official_result,33,2026-06-20T23:30:00+00:00,data/resultados_reais.csv
80,2026-07-01T14:00:00+00:00,official_result,34,2026-06-21T03:30:00+00:00,data/resultados_reais.csv
80,2026-07-01T14:00:00+00:00,official_result,36,2026-06-21T07:30:00+00:00,data/resultados_reais.csv
80,2026-07-01T14:00:00+00:00,official_result,38,2026-06-21T19:30:00+00:00,data/resultados_reais.csv
80,2026-07-01T14:00:00+00:00,official_result,39,2026-06-21T22:30:00+00:00,data/resultados_reais.csv
80,2026-07-01T14:00:00+00:00,official_result,37,2026-06-22T01:30:00+00:00,data/resultados_reais.csv
80,2026-07-01T14:00:00+00:00,official_result,40,2026-06-22T04:30:00+00:00,data/resultados_reais.csv
80,2026-07-01T14:00:00+00:00,official_result,43,2026-06-22T20:30:00+00:00,data/resultados_reais.csv
80,2026-07-01T14:00:00+00:00,official_result,42,2026-06-23T00:30:00+00:00,data/resultados_reais.csv
80,2026-07-01T14:00:00+00:00,official_result,41,2026-06-23T03:30:00+00:00,data/resultados_reais.csv
80,2026-07-01T14:00:00+00:00,official_result,44,2026-06-23T06:30:00+00:00,data/resultados_reais.csv
80,2026-07-01T14:00:00+00:00,official_result,47,2026-06-23T20:30:00+00:00,data/resultados_reais.csv
80,2026-07-01T14:00:00+00:00,official_result,45,2026-06-23T23:30:00+00:00,data/resultados_reais.csv
80,2026-07-01T14:00:00+00:00,official_result,46,2026-06-24T02:30:00+00:00,data/resultados_reais.csv
80,2026-07-01T14:00:00+00:00,official_result,48,2026-06-24T05:30:00+00:00,data/resultados_reais.csv
80,2026-07-01T14:00:00+00:00,official_result,51,2026-06-24T22:30:00+00:00,data/resultados_reais.csv
80,2026-07-01T14:00:00+00:00,official_result,52,2026-06-24T22:30:00+00:00,data/resultados_reais.csv
80,2026-07-01T14:00:00+00:00,official_result,49,2026-06-25T01:30:00+00:00,data/resultados_reais.csv
80,2026-07-01T14:00:00+00:00,official_result,50,2026-06-25T01:30:00+00:00,data/resultados_reais.csv
80,2026-07-01T14:00:00+00:00,official_result,53,2026-06-25T04:30:00+00:00,data/resultados_reais.csv
80,2026-07-01T14:00:00+00:00,official_result,54,2026-06-25T04:30:00+00:00,data/resultados_reais.csv
80,2026-07-01T14:00:00+00:00,official_result,55,2026-06-25T23:30:00+00:00,data/resultados_reais.csv
80,2026-07-01T14:00:00+00:00,official_result,56,2026-06-25T23:30:00+00:00,data/resultados_reais.csv
80,2026-07-01T14:00:00+00:00,official_result,57,2026-06-26T02:30:00+00:00,data/resultados_reais.csv
80,2026-07-01T14:00:00+00:00,official_result,58,2026-06-26T02:30:00+00:00,data/resultados_reais.csv
80,2026-07-01T14:00:00+00:00,official_result,59,2026-06-26T05:30:00+00:00,data/resultados_reais.csv
80,2026-07-01T14:00:00+00:00,official_result,60,2026-06-26T05:30:00+00:00,data/resultados_reais.csv
80,2026-07-01T14:00:00+00:00,official_result,61,2026-06-26T22:30:00+00:00,data/resultados_reais.csv
80,2026-07-01T14:00:00+00:00,official_result,62,2026-06-26T22:30:00+00:00,data/resultados_reais.csv
80,2026-07-01T14:00:00+00:00,official_result,65,2026-06-27T03:30:00+00:00,data/resultados_reais.csv
80,2026-07-01T14:00:00+00:00,official_result,66,2026-06-27T03:30:00+00:00,data/resultados_reais.csv
80,2026-07-01T14:00:00+00:00,official_result,63,2026-06-27T06:30:00+00:00,data/resultados_reais.csv
80,2026-07-01T14:00:00+00:00,official_result,64,2026-06-27T06:30:00+00:00,data/resultados_reais.csv
80,2026-07-01T14:00:00+00:00,official_result,67,2026-06-28T00:30:00+00:00,data/resultados_reais.csv
80,2026-07-01T14:00:00+00:00,official_result,68,2026-06-28T00:30:00+00:00,data/resultados_reais.csv
80,2026-07-01T14:00:00+00:00,official_result,71,2026-06-28T03:00:00+00:00,data/resultados_reais.csv
80,2026-07-01T14:00:00+00:00,official_result,72,2026-06-28T03:00:00+00:00,data/resultados_reais.csv
80,2026-07-01T14:00:00+00:00,official_result,69,2026-06-28T05:30:00+00:00,data/resultados_reais.csv
80,2026-07-01T14:00:00+00:00,official_result,70,2026-06-28T05:30:00+00:00,data/resultados_reais.csv
80,2026-07-01T14:00:00+00:00,official_result,73,2026-06-28T23:30:00+00:00,data/resultados_reais.csv
80,2026-07-01T14:00:00+00:00,official_result,76,2026-06-29T21:30:00+00:00,data/resultados_reais.csv
80,2026-07-01T14:00:00+00:00,official_result,74,2026-06-30T01:00:00+00:00,data/resultados_reais.csv
80,2026-07-01T14:00:00+00:00,official_result,75,2026-06-30T05:30:00+00:00,data/resultados_reais.csv
80,2026-07-01T14:00:00+00:00,official_result,78,2026-06-30T21:30:00+00:00,data/resultados_reais.csv
80,2026-07-01T14:00:00+00:00,official_result,77,2026-07-01T01:30:00+00:00,data/resultados_reais.csv
80,2026-07-01T14:00:00+00:00,official_result,79,2026-07-01T05:30:00+00:00,data/resultados_reais.csv
82,2026-07-01T18:00:00+00:00,team_profile,Bélgica,2026-06-11T03:59:59+00:00,data/pre_worldcup_state/teams.csv
82,2026-07-01T18:00:00+00:00,team_profile,Senegal,2026-06-11T03:59:59+00:00,data/pre_worldcup_state/teams.csv
82,2026-07-01T18:00:00+00:00,fixture,82,2026-06-28T03:00:00+00:00,data/temporal/matches_timeline.csv
82,2026-07-01T18:00:00+00:00,official_result,1,2026-06-11T22:30:00+00:00,data/resultados_reais.csv
82,2026-07-01T18:00:00+00:00,official_result,2,2026-06-12T05:30:00+00:00,data/resultados_reais.csv
82,2026-07-01T18:00:00+00:00,official_result,3,2026-06-12T22:30:00+00:00,data/resultados_reais.csv
82,2026-07-01T18:00:00+00:00,official_result,4,2026-06-13T04:30:00+00:00,data/resultados_reais.csv
82,2026-07-01T18:00:00+00:00,official_result,8,2026-06-13T22:30:00+00:00,data/resultados_reais.csv
82,2026-07-01T18:00:00+00:00,official_result,7,2026-06-14T01:30:00+00:00,data/resultados_reais.csv
82,2026-07-01T18:00:00+00:00,official_result,5,2026-06-14T04:30:00+00:00,data/resultados_reais.csv
82,2026-07-01T18:00:00+00:00,official_result,6,2026-06-14T07:30:00+00:00,data/resultados_reais.csv
82,2026-07-01T18:00:00+00:00,official_result,10,2026-06-14T20:30:00+00:00,data/resultados_reais.csv
82,2026-07-01T18:00:00+00:00,official_result,11,2026-06-14T23:30:00+00:00,data/resultados_reais.csv
82,2026-07-01T18:00:00+00:00,official_result,9,2026-06-15T02:30:00+00:00,data/resultados_reais.csv
82,2026-07-01T18:00:00+00:00,official_result,12,2026-06-15T05:30:00+00:00,data/resultados_reais.csv
82,2026-07-01T18:00:00+00:00,official_result,14,2026-06-15T19:30:00+00:00,data/resultados_reais.csv
82,2026-07-01T18:00:00+00:00,official_result,16,2026-06-15T22:30:00+00:00,data/resultados_reais.csv
82,2026-07-01T18:00:00+00:00,official_result,13,2026-06-16T01:30:00+00:00,data/resultados_reais.csv
82,2026-07-01T18:00:00+00:00,official_result,15,2026-06-16T04:30:00+00:00,data/resultados_reais.csv
82,2026-07-01T18:00:00+00:00,official_result,17,2026-06-16T22:30:00+00:00,data/resultados_reais.csv
82,2026-07-01T18:00:00+00:00,official_result,18,2026-06-17T01:30:00+00:00,data/resultados_reais.csv
82,2026-07-01T18:00:00+00:00,official_result,19,2026-06-17T04:30:00+00:00,data/resultados_reais.csv
82,2026-07-01T18:00:00+00:00,official_result,20,2026-06-17T07:30:00+00:00,data/resultados_reais.csv
82,2026-07-01T18:00:00+00:00,official_result,23,2026-06-17T20:30:00+00:00,data/resultados_reais.csv
82,2026-07-01T18:00:00+00:00,official_result,22,2026-06-17T23:30:00+00:00,data/resultados_reais.csv
82,2026-07-01T18:00:00+00:00,official_result,21,2026-06-18T02:30:00+00:00,data/resultados_reais.csv
82,2026-07-01T18:00:00+00:00,official_result,24,2026-06-18T05:30:00+00:00,data/resultados_reais.csv
82,2026-07-01T18:00:00+00:00,official_result,25,2026-06-18T19:30:00+00:00,data/resultados_reais.csv
82,2026-07-01T18:00:00+00:00,official_result,26,2026-06-18T22:30:00+00:00,data/resultados_reais.csv
82,2026-07-01T18:00:00+00:00,official_result,27,2026-06-19T01:30:00+00:00,data/resultados_reais.csv
82,2026-07-01T18:00:00+00:00,official_result,28,2026-06-19T04:30:00+00:00,data/resultados_reais.csv
82,2026-07-01T18:00:00+00:00,official_result,32,2026-06-19T22:30:00+00:00,data/resultados_reais.csv
82,2026-07-01T18:00:00+00:00,official_result,30,2026-06-20T01:30:00+00:00,data/resultados_reais.csv
82,2026-07-01T18:00:00+00:00,official_result,29,2026-06-20T04:30:00+00:00,data/resultados_reais.csv
82,2026-07-01T18:00:00+00:00,official_result,31,2026-06-20T06:30:00+00:00,data/resultados_reais.csv
82,2026-07-01T18:00:00+00:00,official_result,35,2026-06-20T20:30:00+00:00,data/resultados_reais.csv
82,2026-07-01T18:00:00+00:00,official_result,33,2026-06-20T23:30:00+00:00,data/resultados_reais.csv
82,2026-07-01T18:00:00+00:00,official_result,34,2026-06-21T03:30:00+00:00,data/resultados_reais.csv
82,2026-07-01T18:00:00+00:00,official_result,36,2026-06-21T07:30:00+00:00,data/resultados_reais.csv
82,2026-07-01T18:00:00+00:00,official_result,38,2026-06-21T19:30:00+00:00,data/resultados_reais.csv
82,2026-07-01T18:00:00+00:00,official_result,39,2026-06-21T22:30:00+00:00,data/resultados_reais.csv
82,2026-07-01T18:00:00+00:00,official_result,37,2026-06-22T01:30:00+00:00,data/resultados_reais.csv
82,2026-07-01T18:00:00+00:00,official_result,40,2026-06-22T04:30:00+00:00,data/resultados_reais.csv
82,2026-07-01T18:00:00+00:00,official_result,43,2026-06-22T20:30:00+00:00,data/resultados_reais.csv
82,2026-07-01T18:00:00+00:00,official_result,42,2026-06-23T00:30:00+00:00,data/resultados_reais.csv
82,2026-07-01T18:00:00+00:00,official_result,41,2026-06-23T03:30:00+00:00,data/resultados_reais.csv
82,2026-07-01T18:00:00+00:00,official_result,44,2026-06-23T06:30:00+00:00,data/resultados_reais.csv
82,2026-07-01T18:00:00+00:00,official_result,47,2026-06-23T20:30:00+00:00,data/resultados_reais.csv
82,2026-07-01T18:00:00+00:00,official_result,45,2026-06-23T23:30:00+00:00,data/resultados_reais.csv
82,2026-07-01T18:00:00+00:00,official_result,46,2026-06-24T02:30:00+00:00,data/resultados_reais.csv
82,2026-07-01T18:00:00+00:00,official_result,48,2026-06-24T05:30:00+00:00,data/resultados_reais.csv
82,2026-07-01T18:00:00+00:00,official_result,51,2026-06-24T22:30:00+00:00,data/resultados_reais.csv
82,2026-07-01T18:00:00+00:00,official_result,52,2026-06-24T22:30:00+00:00,data/resultados_reais.csv
82,2026-07-01T18:00:00+00:00,official_result,49,2026-06-25T01:30:00+00:00,data/resultados_reais.csv
82,2026-07-01T18:00:00+00:00,official_result,50,2026-06-25T01:30:00+00:00,data/resultados_reais.csv
82,2026-07-01T18:00:00+00:00,official_result,53,2026-06-25T04:30:00+00:00,data/resultados_reais.csv
82,2026-07-01T18:00:00+00:00,official_result,54,2026-06-25T04:30:00+00:00,data/resultados_reais.csv
82,2026-07-01T18:00:00+00:00,official_result,55,2026-06-25T23:30:00+00:00,data/resultados_reais.csv
82,2026-07-01T18:00:00+00:00,official_result,56,2026-06-25T23:30:00+00:00,data/resultados_reais.csv
82,2026-07-01T18:00:00+00:00,official_result,57,2026-06-26T02:30:00+00:00,data/resultados_reais.csv
82,2026-07-01T18:00:00+00:00,official_result,58,2026-06-26T02:30:00+00:00,data/resultados_reais.csv
82,2026-07-01T18:00:00+00:00,official_result,59,2026-06-26T05:30:00+00:00,data/resultados_reais.csv
82,2026-07-01T18:00:00+00:00,official_result,60,2026-06-26T05:30:00+00:00,data/resultados_reais.csv
82,2026-07-01T18:00:00+00:00,official_result,61,2026-06-26T22:30:00+00:00,data/resultados_reais.csv
82,2026-07-01T18:00:00+00:00,official_result,62,2026-06-26T22:30:00+00:00,data/resultados_reais.csv
82,2026-07-01T18:00:00+00:00,official_result,65,2026-06-27T03:30:00+00:00,data/resultados_reais.csv
82,2026-07-01T18:00:00+00:00,official_result,66,2026-06-27T03:30:00+00:00,data/resultados_reais.csv
82,2026-07-01T18:00:00+00:00,official_result,63,2026-06-27T06:30:00+00:00,data/resultados_reais.csv
82,2026-07-01T18:00:00+00:00,official_result,64,2026-06-27T06:30:00+00:00,data/resultados_reais.csv
82,2026-07-01T18:00:00+00:00,official_result,67,2026-06-28T00:30:00+00:00,data/resultados_reais.csv
82,2026-07-01T18:00:00+00:00,official_result,68,2026-06-28T00:30:00+00:00,data/resultados_reais.csv
82,2026-07-01T18:00:00+00:00,official_result,71,2026-06-28T03:00:00+00:00,data/resultados_reais.csv
82,2026-07-01T18:00:00+00:00,official_result,72,2026-06-28T03:00:00+00:00,data/resultados_reais.csv
82,2026-07-01T18:00:00+00:00,official_result,69,2026-06-28T05:30:00+00:00,data/resultados_reais.csv
82,2026-07-01T18:00:00+00:00,official_result,70,2026-06-28T05:30:00+00:00,data/resultados_reais.csv
82,2026-07-01T18:00:00+00:00,official_result,73,2026-06-28T23:30:00+00:00,data/resultados_reais.csv
82,2026-07-01T18:00:00+00:00,official_result,76,2026-06-29T21:30:00+00:00,data/resultados_reais.csv
82,2026-07-01T18:00:00+00:00,official_result,74,2026-06-30T01:00:00+00:00,data/resultados_reais.csv
82,2026-07-01T18:00:00+00:00,official_result,75,2026-06-30T05:30:00+00:00,data/resultados_reais.csv
82,2026-07-01T18:00:00+00:00,official_result,78,2026-06-30T21:30:00+00:00,data/resultados_reais.csv
82,2026-07-01T18:00:00+00:00,official_result,77,2026-07-01T01:30:00+00:00,data/resultados_reais.csv
82,2026-07-01T18:00:00+00:00,official_result,79,2026-07-01T05:30:00+00:00,data/resultados_reais.csv
81,2026-07-01T22:00:00+00:00,team_profile,Estados Unidos,2026-06-11T03:59:59+00:00,data/pre_worldcup_state/teams.csv
81,2026-07-01T22:00:00+00:00,team_profile,Bósnia e Herzegovina,2026-06-11T03:59:59+00:00,data/pre_worldcup_state/teams.csv
81,2026-07-01T22:00:00+00:00,fixture,81,2026-06-28T03:00:00+00:00,data/temporal/matches_timeline.csv
81,2026-07-01T22:00:00+00:00,official_result,1,2026-06-11T22:30:00+00:00,data/resultados_reais.csv
81,2026-07-01T22:00:00+00:00,official_result,2,2026-06-12T05:30:00+00:00,data/resultados_reais.csv
81,2026-07-01T22:00:00+00:00,official_result,3,2026-06-12T22:30:00+00:00,data/resultados_reais.csv
81,2026-07-01T22:00:00+00:00,official_result,4,2026-06-13T04:30:00+00:00,data/resultados_reais.csv
81,2026-07-01T22:00:00+00:00,official_result,8,2026-06-13T22:30:00+00:00,data/resultados_reais.csv
81,2026-07-01T22:00:00+00:00,official_result,7,2026-06-14T01:30:00+00:00,data/resultados_reais.csv
81,2026-07-01T22:00:00+00:00,official_result,5,2026-06-14T04:30:00+00:00,data/resultados_reais.csv
81,2026-07-01T22:00:00+00:00,official_result,6,2026-06-14T07:30:00+00:00,data/resultados_reais.csv
81,2026-07-01T22:00:00+00:00,official_result,10,2026-06-14T20:30:00+00:00,data/resultados_reais.csv
81,2026-07-01T22:00:00+00:00,official_result,11,2026-06-14T23:30:00+00:00,data/resultados_reais.csv
81,2026-07-01T22:00:00+00:00,official_result,9,2026-06-15T02:30:00+00:00,data/resultados_reais.csv
81,2026-07-01T22:00:00+00:00,official_result,12,2026-06-15T05:30:00+00:00,data/resultados_reais.csv
81,2026-07-01T22:00:00+00:00,official_result,14,2026-06-15T19:30:00+00:00,data/resultados_reais.csv
81,2026-07-01T22:00:00+00:00,official_result,16,2026-06-15T22:30:00+00:00,data/resultados_reais.csv
81,2026-07-01T22:00:00+00:00,official_result,13,2026-06-16T01:30:00+00:00,data/resultados_reais.csv
81,2026-07-01T22:00:00+00:00,official_result,15,2026-06-16T04:30:00+00:00,data/resultados_reais.csv
81,2026-07-01T22:00:00+00:00,official_result,17,2026-06-16T22:30:00+00:00,data/resultados_reais.csv
81,2026-07-01T22:00:00+00:00,official_result,18,2026-06-17T01:30:00+00:00,data/resultados_reais.csv
81,2026-07-01T22:00:00+00:00,official_result,19,2026-06-17T04:30:00+00:00,data/resultados_reais.csv
81,2026-07-01T22:00:00+00:00,official_result,20,2026-06-17T07:30:00+00:00,data/resultados_reais.csv
81,2026-07-01T22:00:00+00:00,official_result,23,2026-06-17T20:30:00+00:00,data/resultados_reais.csv
81,2026-07-01T22:00:00+00:00,official_result,22,2026-06-17T23:30:00+00:00,data/resultados_reais.csv
81,2026-07-01T22:00:00+00:00,official_result,21,2026-06-18T02:30:00+00:00,data/resultados_reais.csv
81,2026-07-01T22:00:00+00:00,official_result,24,2026-06-18T05:30:00+00:00,data/resultados_reais.csv
81,2026-07-01T22:00:00+00:00,official_result,25,2026-06-18T19:30:00+00:00,data/resultados_reais.csv
81,2026-07-01T22:00:00+00:00,official_result,26,2026-06-18T22:30:00+00:00,data/resultados_reais.csv
81,2026-07-01T22:00:00+00:00,official_result,27,2026-06-19T01:30:00+00:00,data/resultados_reais.csv
81,2026-07-01T22:00:00+00:00,official_result,28,2026-06-19T04:30:00+00:00,data/resultados_reais.csv
81,2026-07-01T22:00:00+00:00,official_result,32,2026-06-19T22:30:00+00:00,data/resultados_reais.csv
81,2026-07-01T22:00:00+00:00,official_result,30,2026-06-20T01:30:00+00:00,data/resultados_reais.csv
81,2026-07-01T22:00:00+00:00,official_result,29,2026-06-20T04:30:00+00:00,data/resultados_reais.csv
81,2026-07-01T22:00:00+00:00,official_result,31,2026-06-20T06:30:00+00:00,data/resultados_reais.csv
81,2026-07-01T22:00:00+00:00,official_result,35,2026-06-20T20:30:00+00:00,data/resultados_reais.csv
81,2026-07-01T22:00:00+00:00,official_result,33,2026-06-20T23:30:00+00:00,data/resultados_reais.csv
81,2026-07-01T22:00:00+00:00,official_result,34,2026-06-21T03:30:00+00:00,data/resultados_reais.csv
81,2026-07-01T22:00:00+00:00,official_result,36,2026-06-21T07:30:00+00:00,data/resultados_reais.csv
81,2026-07-01T22:00:00+00:00,official_result,38,2026-06-21T19:30:00+00:00,data/resultados_reais.csv
81,2026-07-01T22:00:00+00:00,official_result,39,2026-06-21T22:30:00+00:00,data/resultados_reais.csv
81,2026-07-01T22:00:00+00:00,official_result,37,2026-06-22T01:30:00+00:00,data/resultados_reais.csv
81,2026-07-01T22:00:00+00:00,official_result,40,2026-06-22T04:30:00+00:00,data/resultados_reais.csv
81,2026-07-01T22:00:00+00:00,official_result,43,2026-06-22T20:30:00+00:00,data/resultados_reais.csv
81,2026-07-01T22:00:00+00:00,official_result,42,2026-06-23T00:30:00+00:00,data/resultados_reais.csv
81,2026-07-01T22:00:00+00:00,official_result,41,2026-06-23T03:30:00+00:00,data/resultados_reais.csv
81,2026-07-01T22:00:00+00:00,official_result,44,2026-06-23T06:30:00+00:00,data/resultados_reais.csv
81,2026-07-01T22:00:00+00:00,official_result,47,2026-06-23T20:30:00+00:00,data/resultados_reais.csv
81,2026-07-01T22:00:00+00:00,official_result,45,2026-06-23T23:30:00+00:00,data/resultados_reais.csv
81,2026-07-01T22:00:00+00:00,official_result,46,2026-06-24T02:30:00+00:00,data/resultados_reais.csv
81,2026-07-01T22:00:00+00:00,official_result,48,2026-06-24T05:30:00+00:00,data/resultados_reais.csv
81,2026-07-01T22:00:00+00:00,official_result,51,2026-06-24T22:30:00+00:00,data/resultados_reais.csv
81,2026-07-01T22:00:00+00:00,official_result,52,2026-06-24T22:30:00+00:00,data/resultados_reais.csv
81,2026-07-01T22:00:00+00:00,official_result,49,2026-06-25T01:30:00+00:00,data/resultados_reais.csv
81,2026-07-01T22:00:00+00:00,official_result,50,2026-06-25T01:30:00+00:00,data/resultados_reais.csv
81,2026-07-01T22:00:00+00:00,official_result,53,2026-06-25T04:30:00+00:00,data/resultados_reais.csv
81,2026-07-01T22:00:00+00:00,official_result,54,2026-06-25T04:30:00+00:00,data/resultados_reais.csv
81,2026-07-01T22:00:00+00:00,official_result,55,2026-06-25T23:30:00+00:00,data/resultados_reais.csv
81,2026-07-01T22:00:00+00:00,official_result,56,2026-06-25T23:30:00+00:00,data/resultados_reais.csv
81,2026-07-01T22:00:00+00:00,official_result,57,2026-06-26T02:30:00+00:00,data/resultados_reais.csv
81,2026-07-01T22:00:00+00:00,official_result,58,2026-06-26T02:30:00+00:00,data/resultados_reais.csv
81,2026-07-01T22:00:00+00:00,official_result,59,2026-06-26T05:30:00+00:00,data/resultados_reais.csv
81,2026-07-01T22:00:00+00:00,official_result,60,2026-06-26T05:30:00+00:00,data/resultados_reais.csv
81,2026-07-01T22:00:00+00:00,official_result,61,2026-06-26T22:30:00+00:00,data/resultados_reais.csv
81,2026-07-01T22:00:00+00:00,official_result,62,2026-06-26T22:30:00+00:00,data/resultados_reais.csv
81,2026-07-01T22:00:00+00:00,official_result,65,2026-06-27T03:30:00+00:00,data/resultados_reais.csv
81,2026-07-01T22:00:00+00:00,official_result,66,2026-06-27T03:30:00+00:00,data/resultados_reais.csv
81,2026-07-01T22:00:00+00:00,official_result,63,2026-06-27T06:30:00+00:00,data/resultados_reais.csv
81,2026-07-01T22:00:00+00:00,official_result,64,2026-06-27T06:30:00+00:00,data/resultados_reais.csv
81,2026-07-01T22:00:00+00:00,official_result,67,2026-06-28T00:30:00+00:00,data/resultados_reais.csv
81,2026-07-01T22:00:00+00:00,official_result,68,2026-06-28T00:30:00+00:00,data/resultados_reais.csv
81,2026-07-01T22:00:00+00:00,official_result,71,2026-06-28T03:00:00+00:00,data/resultados_reais.csv
81,2026-07-01T22:00:00+00:00,official_result,72,2026-06-28T03:00:00+00:00,data/resultados_reais.csv
81,2026-07-01T22:00:00+00:00,official_result,69,2026-06-28T05:30:00+00:00,data/resultados_reais.csv
81,2026-07-01T22:00:00+00:00,official_result,70,2026-06-28T05:30:00+00:00,data/resultados_reais.csv
81,2026-07-01T22:00:00+00:00,official_result,73,2026-06-28T23:30:00+00:00,data/resultados_reais.csv
81,2026-07-01T22:00:00+00:00,official_result,76,2026-06-29T21:30:00+00:00,data/resultados_reais.csv
81,2026-07-01T22:00:00+00:00,official_result,74,2026-06-30T01:00:00+00:00,data/resultados_reais.csv
81,2026-07-01T22:00:00+00:00,official_result,75,2026-06-30T05:30:00+00:00,data/resultados_reais.csv
81,2026-07-01T22:00:00+00:00,official_result,78,2026-06-30T21:30:00+00:00,data/resultados_reais.csv
81,2026-07-01T22:00:00+00:00,official_result,77,2026-07-01T01:30:00+00:00,data/resultados_reais.csv
81,2026-07-01T22:00:00+00:00,official_result,79,2026-07-01T05:30:00+00:00,data/resultados_reais.csv
81,2026-07-01T22:00:00+00:00,official_result,80,2026-07-01T20:30:00+00:00,data/resultados_reais.csv
84,2026-07-02T17:00:00+00:00,team_profile,Espanha,2026-06-11T03:59:59+00:00,data/pre_worldcup_state/teams.csv
84,2026-07-02T17:00:00+00:00,team_profile,Áustria,2026-06-11T03:59:59+00:00,data/pre_worldcup_state/teams.csv
84,2026-07-02T17:00:00+00:00,fixture,84,2026-06-28T03:00:00+00:00,data/temporal/matches_timeline.csv
84,2026-07-02T17:00:00+00:00,official_result,1,2026-06-11T22:30:00+00:00,data/resultados_reais.csv
84,2026-07-02T17:00:00+00:00,official_result,2,2026-06-12T05:30:00+00:00,data/resultados_reais.csv
84,2026-07-02T17:00:00+00:00,official_result,3,2026-06-12T22:30:00+00:00,data/resultados_reais.csv
84,2026-07-02T17:00:00+00:00,official_result,4,2026-06-13T04:30:00+00:00,data/resultados_reais.csv
84,2026-07-02T17:00:00+00:00,official_result,8,2026-06-13T22:30:00+00:00,data/resultados_reais.csv
84,2026-07-02T17:00:00+00:00,official_result,7,2026-06-14T01:30:00+00:00,data/resultados_reais.csv
84,2026-07-02T17:00:00+00:00,official_result,5,2026-06-14T04:30:00+00:00,data/resultados_reais.csv
84,2026-07-02T17:00:00+00:00,official_result,6,2026-06-14T07:30:00+00:00,data/resultados_reais.csv
84,2026-07-02T17:00:00+00:00,official_result,10,2026-06-14T20:30:00+00:00,data/resultados_reais.csv
84,2026-07-02T17:00:00+00:00,official_result,11,2026-06-14T23:30:00+00:00,data/resultados_reais.csv
84,2026-07-02T17:00:00+00:00,official_result,9,2026-06-15T02:30:00+00:00,data/resultados_reais.csv
84,2026-07-02T17:00:00+00:00,official_result,12,2026-06-15T05:30:00+00:00,data/resultados_reais.csv
84,2026-07-02T17:00:00+00:00,official_result,14,2026-06-15T19:30:00+00:00,data/resultados_reais.csv
84,2026-07-02T17:00:00+00:00,official_result,16,2026-06-15T22:30:00+00:00,data/resultados_reais.csv
84,2026-07-02T17:00:00+00:00,official_result,13,2026-06-16T01:30:00+00:00,data/resultados_reais.csv
84,2026-07-02T17:00:00+00:00,official_result,15,2026-06-16T04:30:00+00:00,data/resultados_reais.csv
84,2026-07-02T17:00:00+00:00,official_result,17,2026-06-16T22:30:00+00:00,data/resultados_reais.csv
84,2026-07-02T17:00:00+00:00,official_result,18,2026-06-17T01:30:00+00:00,data/resultados_reais.csv
84,2026-07-02T17:00:00+00:00,official_result,19,2026-06-17T04:30:00+00:00,data/resultados_reais.csv
84,2026-07-02T17:00:00+00:00,official_result,20,2026-06-17T07:30:00+00:00,data/resultados_reais.csv
84,2026-07-02T17:00:00+00:00,official_result,23,2026-06-17T20:30:00+00:00,data/resultados_reais.csv
84,2026-07-02T17:00:00+00:00,official_result,22,2026-06-17T23:30:00+00:00,data/resultados_reais.csv
84,2026-07-02T17:00:00+00:00,official_result,21,2026-06-18T02:30:00+00:00,data/resultados_reais.csv
84,2026-07-02T17:00:00+00:00,official_result,24,2026-06-18T05:30:00+00:00,data/resultados_reais.csv
84,2026-07-02T17:00:00+00:00,official_result,25,2026-06-18T19:30:00+00:00,data/resultados_reais.csv
84,2026-07-02T17:00:00+00:00,official_result,26,2026-06-18T22:30:00+00:00,data/resultados_reais.csv
84,2026-07-02T17:00:00+00:00,official_result,27,2026-06-19T01:30:00+00:00,data/resultados_reais.csv
84,2026-07-02T17:00:00+00:00,official_result,28,2026-06-19T04:30:00+00:00,data/resultados_reais.csv
84,2026-07-02T17:00:00+00:00,official_result,32,2026-06-19T22:30:00+00:00,data/resultados_reais.csv
84,2026-07-02T17:00:00+00:00,official_result,30,2026-06-20T01:30:00+00:00,data/resultados_reais.csv
84,2026-07-02T17:00:00+00:00,official_result,29,2026-06-20T04:30:00+00:00,data/resultados_reais.csv
84,2026-07-02T17:00:00+00:00,official_result,31,2026-06-20T06:30:00+00:00,data/resultados_reais.csv
84,2026-07-02T17:00:00+00:00,official_result,35,2026-06-20T20:30:00+00:00,data/resultados_reais.csv
84,2026-07-02T17:00:00+00:00,official_result,33,2026-06-20T23:30:00+00:00,data/resultados_reais.csv
84,2026-07-02T17:00:00+00:00,official_result,34,2026-06-21T03:30:00+00:00,data/resultados_reais.csv
84,2026-07-02T17:00:00+00:00,official_result,36,2026-06-21T07:30:00+00:00,data/resultados_reais.csv
84,2026-07-02T17:00:00+00:00,official_result,38,2026-06-21T19:30:00+00:00,data/resultados_reais.csv
84,2026-07-02T17:00:00+00:00,official_result,39,2026-06-21T22:30:00+00:00,data/resultados_reais.csv
84,2026-07-02T17:00:00+00:00,official_result,37,2026-06-22T01:30:00+00:00,data/resultados_reais.csv
84,2026-07-02T17:00:00+00:00,official_result,40,2026-06-22T04:30:00+00:00,data/resultados_reais.csv
84,2026-07-02T17:00:00+00:00,official_result,43,2026-06-22T20:30:00+00:00,data/resultados_reais.csv
84,2026-07-02T17:00:00+00:00,official_result,42,2026-06-23T00:30:00+00:00,data/resultados_reais.csv
84,2026-07-02T17:00:00+00:00,official_result,41,2026-06-23T03:30:00+00:00,data/resultados_reais.csv
84,2026-07-02T17:00:00+00:00,official_result,44,2026-06-23T06:30:00+00:00,data/resultados_reais.csv
84,2026-07-02T17:00:00+00:00,official_result,47,2026-06-23T20:30:00+00:00,data/resultados_reais.csv
84,2026-07-02T17:00:00+00:00,official_result,45,2026-06-23T23:30:00+00:00,data/resultados_reais.csv
84,2026-07-02T17:00:00+00:00,official_result,46,2026-06-24T02:30:00+00:00,data/resultados_reais.csv
84,2026-07-02T17:00:00+00:00,official_result,48,2026-06-24T05:30:00+00:00,data/resultados_reais.csv
84,2026-07-02T17:00:00+00:00,official_result,51,2026-06-24T22:30:00+00:00,data/resultados_reais.csv
84,2026-07-02T17:00:00+00:00,official_result,52,2026-06-24T22:30:00+00:00,data/resultados_reais.csv
84,2026-07-02T17:00:00+00:00,official_result,49,2026-06-25T01:30:00+00:00,data/resultados_reais.csv
84,2026-07-02T17:00:00+00:00,official_result,50,2026-06-25T01:30:00+00:00,data/resultados_reais.csv
84,2026-07-02T17:00:00+00:00,official_result,53,2026-06-25T04:30:00+00:00,data/resultados_reais.csv
84,2026-07-02T17:00:00+00:00,official_result,54,2026-06-25T04:30:00+00:00,data/resultados_reais.csv
84,2026-07-02T17:00:00+00:00,official_result,55,2026-06-25T23:30:00+00:00,data/resultados_reais.csv
84,2026-07-02T17:00:00+00:00,official_result,56,2026-06-25T23:30:00+00:00,data/resultados_reais.csv
84,2026-07-02T17:00:00+00:00,official_result,57,2026-06-26T02:30:00+00:00,data/resultados_reais.csv
84,2026-07-02T17:00:00+00:00,official_result,58,2026-06-26T02:30:00+00:00,data/resultados_reais.csv
84,2026-07-02T17:00:00+00:00,official_result,59,2026-06-26T05:30:00+00:00,data/resultados_reais.csv
84,2026-07-02T17:00:00+00:00,official_result,60,2026-06-26T05:30:00+00:00,data/resultados_reais.csv
84,2026-07-02T17:00:00+00:00,official_result,61,2026-06-26T22:30:00+00:00,data/resultados_reais.csv
84,2026-07-02T17:00:00+00:00,official_result,62,2026-06-26T22:30:00+00:00,data/resultados_reais.csv
84,2026-07-02T17:00:00+00:00,official_result,65,2026-06-27T03:30:00+00:00,data/resultados_reais.csv
84,2026-07-02T17:00:00+00:00,official_result,66,2026-06-27T03:30:00+00:00,data/resultados_reais.csv
84,2026-07-02T17:00:00+00:00,official_result,63,2026-06-27T06:30:00+00:00,data/resultados_reais.csv
84,2026-07-02T17:00:00+00:00,official_result,64,2026-06-27T06:30:00+00:00,data/resultados_reais.csv
84,2026-07-02T17:00:00+00:00,official_result,67,2026-06-28T00:30:00+00:00,data/resultados_reais.csv
84,2026-07-02T17:00:00+00:00,official_result,68,2026-06-28T00:30:00+00:00,data/resultados_reais.csv
84,2026-07-02T17:00:00+00:00,official_result,71,2026-06-28T03:00:00+00:00,data/resultados_reais.csv
84,2026-07-02T17:00:00+00:00,official_result,72,2026-06-28T03:00:00+00:00,data/resultados_reais.csv
84,2026-07-02T17:00:00+00:00,official_result,69,2026-06-28T05:30:00+00:00,data/resultados_reais.csv
84,2026-07-02T17:00:00+00:00,official_result,70,2026-06-28T05:30:00+00:00,data/resultados_reais.csv
84,2026-07-02T17:00:00+00:00,official_result,73,2026-06-28T23:30:00+00:00,data/resultados_reais.csv
84,2026-07-02T17:00:00+00:00,official_result,76,2026-06-29T21:30:00+00:00,data/resultados_reais.csv
84,2026-07-02T17:00:00+00:00,official_result,74,2026-06-30T01:00:00+00:00,data/resultados_reais.csv
84,2026-07-02T17:00:00+00:00,official_result,75,2026-06-30T05:30:00+00:00,data/resultados_reais.csv
84,2026-07-02T17:00:00+00:00,official_result,78,2026-06-30T21:30:00+00:00,data/resultados_reais.csv
84,2026-07-02T17:00:00+00:00,official_result,77,2026-07-01T01:30:00+00:00,data/resultados_reais.csv
84,2026-07-02T17:00:00+00:00,official_result,79,2026-07-01T05:30:00+00:00,data/resultados_reais.csv
84,2026-07-02T17:00:00+00:00,official_result,80,2026-07-01T20:30:00+00:00,data/resultados_reais.csv
84,2026-07-02T17:00:00+00:00,official_result,82,2026-07-02T00:30:00+00:00,data/resultados_reais.csv
84,2026-07-02T17:00:00+00:00,official_result,81,2026-07-02T04:30:00+00:00,data/resultados_reais.csv
83,2026-07-02T21:00:00+00:00,team_profile,Portugal,2026-06-11T03:59:59+00:00,data/pre_worldcup_state/teams.csv
83,2026-07-02T21:00:00+00:00,team_profile,Croácia,2026-06-11T03:59:59+00:00,data/pre_worldcup_state/teams.csv
83,2026-07-02T21:00:00+00:00,fixture,83,2026-06-28T03:00:00+00:00,data/temporal/matches_timeline.csv
83,2026-07-02T21:00:00+00:00,official_result,1,2026-06-11T22:30:00+00:00,data/resultados_reais.csv
83,2026-07-02T21:00:00+00:00,official_result,2,2026-06-12T05:30:00+00:00,data/resultados_reais.csv
83,2026-07-02T21:00:00+00:00,official_result,3,2026-06-12T22:30:00+00:00,data/resultados_reais.csv
83,2026-07-02T21:00:00+00:00,official_result,4,2026-06-13T04:30:00+00:00,data/resultados_reais.csv
83,2026-07-02T21:00:00+00:00,official_result,8,2026-06-13T22:30:00+00:00,data/resultados_reais.csv
83,2026-07-02T21:00:00+00:00,official_result,7,2026-06-14T01:30:00+00:00,data/resultados_reais.csv
83,2026-07-02T21:00:00+00:00,official_result,5,2026-06-14T04:30:00+00:00,data/resultados_reais.csv
83,2026-07-02T21:00:00+00:00,official_result,6,2026-06-14T07:30:00+00:00,data/resultados_reais.csv
83,2026-07-02T21:00:00+00:00,official_result,10,2026-06-14T20:30:00+00:00,data/resultados_reais.csv
83,2026-07-02T21:00:00+00:00,official_result,11,2026-06-14T23:30:00+00:00,data/resultados_reais.csv
83,2026-07-02T21:00:00+00:00,official_result,9,2026-06-15T02:30:00+00:00,data/resultados_reais.csv
83,2026-07-02T21:00:00+00:00,official_result,12,2026-06-15T05:30:00+00:00,data/resultados_reais.csv
83,2026-07-02T21:00:00+00:00,official_result,14,2026-06-15T19:30:00+00:00,data/resultados_reais.csv
83,2026-07-02T21:00:00+00:00,official_result,16,2026-06-15T22:30:00+00:00,data/resultados_reais.csv
83,2026-07-02T21:00:00+00:00,official_result,13,2026-06-16T01:30:00+00:00,data/resultados_reais.csv
83,2026-07-02T21:00:00+00:00,official_result,15,2026-06-16T04:30:00+00:00,data/resultados_reais.csv
83,2026-07-02T21:00:00+00:00,official_result,17,2026-06-16T22:30:00+00:00,data/resultados_reais.csv
83,2026-07-02T21:00:00+00:00,official_result,18,2026-06-17T01:30:00+00:00,data/resultados_reais.csv
83,2026-07-02T21:00:00+00:00,official_result,19,2026-06-17T04:30:00+00:00,data/resultados_reais.csv
83,2026-07-02T21:00:00+00:00,official_result,20,2026-06-17T07:30:00+00:00,data/resultados_reais.csv
83,2026-07-02T21:00:00+00:00,official_result,23,2026-06-17T20:30:00+00:00,data/resultados_reais.csv
83,2026-07-02T21:00:00+00:00,official_result,22,2026-06-17T23:30:00+00:00,data/resultados_reais.csv
83,2026-07-02T21:00:00+00:00,official_result,21,2026-06-18T02:30:00+00:00,data/resultados_reais.csv
83,2026-07-02T21:00:00+00:00,official_result,24,2026-06-18T05:30:00+00:00,data/resultados_reais.csv
83,2026-07-02T21:00:00+00:00,official_result,25,2026-06-18T19:30:00+00:00,data/resultados_reais.csv
83,2026-07-02T21:00:00+00:00,official_result,26,2026-06-18T22:30:00+00:00,data/resultados_reais.csv
83,2026-07-02T21:00:00+00:00,official_result,27,2026-06-19T01:30:00+00:00,data/resultados_reais.csv
83,2026-07-02T21:00:00+00:00,official_result,28,2026-06-19T04:30:00+00:00,data/resultados_reais.csv
83,2026-07-02T21:00:00+00:00,official_result,32,2026-06-19T22:30:00+00:00,data/resultados_reais.csv
83,2026-07-02T21:00:00+00:00,official_result,30,2026-06-20T01:30:00+00:00,data/resultados_reais.csv
83,2026-07-02T21:00:00+00:00,official_result,29,2026-06-20T04:30:00+00:00,data/resultados_reais.csv
83,2026-07-02T21:00:00+00:00,official_result,31,2026-06-20T06:30:00+00:00,data/resultados_reais.csv
83,2026-07-02T21:00:00+00:00,official_result,35,2026-06-20T20:30:00+00:00,data/resultados_reais.csv
83,2026-07-02T21:00:00+00:00,official_result,33,2026-06-20T23:30:00+00:00,data/resultados_reais.csv
83,2026-07-02T21:00:00+00:00,official_result,34,2026-06-21T03:30:00+00:00,data/resultados_reais.csv
83,2026-07-02T21:00:00+00:00,official_result,36,2026-06-21T07:30:00+00:00,data/resultados_reais.csv
83,2026-07-02T21:00:00+00:00,official_result,38,2026-06-21T19:30:00+00:00,data/resultados_reais.csv
83,2026-07-02T21:00:00+00:00,official_result,39,2026-06-21T22:30:00+00:00,data/resultados_reais.csv
83,2026-07-02T21:00:00+00:00,official_result,37,2026-06-22T01:30:00+00:00,data/resultados_reais.csv
83,2026-07-02T21:00:00+00:00,official_result,40,2026-06-22T04:30:00+00:00,data/resultados_reais.csv
83,2026-07-02T21:00:00+00:00,official_result,43,2026-06-22T20:30:00+00:00,data/resultados_reais.csv
83,2026-07-02T21:00:00+00:00,official_result,42,2026-06-23T00:30:00+00:00,data/resultados_reais.csv
83,2026-07-02T21:00:00+00:00,official_result,41,2026-06-23T03:30:00+00:00,data/resultados_reais.csv
83,2026-07-02T21:00:00+00:00,official_result,44,2026-06-23T06:30:00+00:00,data/resultados_reais.csv
83,2026-07-02T21:00:00+00:00,official_result,47,2026-06-23T20:30:00+00:00,data/resultados_reais.csv
83,2026-07-02T21:00:00+00:00,official_result,45,2026-06-23T23:30:00+00:00,data/resultados_reais.csv
83,2026-07-02T21:00:00+00:00,official_result,46,2026-06-24T02:30:00+00:00,data/resultados_reais.csv
83,2026-07-02T21:00:00+00:00,official_result,48,2026-06-24T05:30:00+00:00,data/resultados_reais.csv
83,2026-07-02T21:00:00+00:00,official_result,51,2026-06-24T22:30:00+00:00,data/resultados_reais.csv
83,2026-07-02T21:00:00+00:00,official_result,52,2026-06-24T22:30:00+00:00,data/resultados_reais.csv
83,2026-07-02T21:00:00+00:00,official_result,49,2026-06-25T01:30:00+00:00,data/resultados_reais.csv
83,2026-07-02T21:00:00+00:00,official_result,50,2026-06-25T01:30:00+00:00,data/resultados_reais.csv
83,2026-07-02T21:00:00+00:00,official_result,53,2026-06-25T04:30:00+00:00,data/resultados_reais.csv
83,2026-07-02T21:00:00+00:00,official_result,54,2026-06-25T04:30:00+00:00,data/resultados_reais.csv
83,2026-07-02T21:00:00+00:00,official_result,55,2026-06-25T23:30:00+00:00,data/resultados_reais.csv
83,2026-07-02T21:00:00+00:00,official_result,56,2026-06-25T23:30:00+00:00,data/resultados_reais.csv
83,2026-07-02T21:00:00+00:00,official_result,57,2026-06-26T02:30:00+00:00,data/resultados_reais.csv
83,2026-07-02T21:00:00+00:00,official_result,58,2026-06-26T02:30:00+00:00,data/resultados_reais.csv
83,2026-07-02T21:00:00+00:00,official_result,59,2026-06-26T05:30:00+00:00,data/resultados_reais.csv
83,2026-07-02T21:00:00+00:00,official_result,60,2026-06-26T05:30:00+00:00,data/resultados_reais.csv
83,2026-07-02T21:00:00+00:00,official_result,61,2026-06-26T22:30:00+00:00,data/resultados_reais.csv
83,2026-07-02T21:00:00+00:00,official_result,62,2026-06-26T22:30:00+00:00,data/resultados_reais.csv
83,2026-07-02T21:00:00+00:00,official_result,65,2026-06-27T03:30:00+00:00,data/resultados_reais.csv
83,2026-07-02T21:00:00+00:00,official_result,66,2026-06-27T03:30:00+00:00,data/resultados_reais.csv
83,2026-07-02T21:00:00+00:00,official_result,63,2026-06-27T06:30:00+00:00,data/resultados_reais.csv
83,2026-07-02T21:00:00+00:00,official_result,64,2026-06-27T06:30:00+00:00,data/resultados_reais.csv
83,2026-07-02T21:00:00+00:00,official_result,67,2026-06-28T00:30:00+00:00,data/resultados_reais.csv
83,2026-07-02T21:00:00+00:00,official_result,68,2026-06-28T00:30:00+00:00,data/resultados_reais.csv
83,2026-07-02T21:00:00+00:00,official_result,71,2026-06-28T03:00:00+00:00,data/resultados_reais.csv
83,2026-07-02T21:00:00+00:00,official_result,72,2026-06-28T03:00:00+00:00,data/resultados_reais.csv
83,2026-07-02T21:00:00+00:00,official_result,69,2026-06-28T05:30:00+00:00,data/resultados_reais.csv
83,2026-07-02T21:00:00+00:00,official_result,70,2026-06-28T05:30:00+00:00,data/resultados_reais.csv
83,2026-07-02T21:00:00+00:00,official_result,73,2026-06-28T23:30:00+00:00,data/resultados_reais.csv
83,2026-07-02T21:00:00+00:00,official_result,76,2026-06-29T21:30:00+00:00,data/resultados_reais.csv
83,2026-07-02T21:00:00+00:00,official_result,74,2026-06-30T01:00:00+00:00,data/resultados_reais.csv
83,2026-07-02T21:00:00+00:00,official_result,75,2026-06-30T05:30:00+00:00,data/resultados_reais.csv
83,2026-07-02T21:00:00+00:00,official_result,78,2026-06-30T21:30:00+00:00,data/resultados_reais.csv
83,2026-07-02T21:00:00+00:00,official_result,77,2026-07-01T01:30:00+00:00,data/resultados_reais.csv
83,2026-07-02T21:00:00+00:00,official_result,79,2026-07-01T05:30:00+00:00,data/resultados_reais.csv
83,2026-07-02T21:00:00+00:00,official_result,80,2026-07-01T20:30:00+00:00,data/resultados_reais.csv
83,2026-07-02T21:00:00+00:00,official_result,82,2026-07-02T00:30:00+00:00,data/resultados_reais.csv
83,2026-07-02T21:00:00+00:00,official_result,81,2026-07-02T04:30:00+00:00,data/resultados_reais.csv
85,2026-07-03T01:00:00+00:00,team_profile,Suíça,2026-06-11T03:59:59+00:00,data/pre_worldcup_state/teams.csv
85,2026-07-03T01:00:00+00:00,team_profile,Argélia,2026-06-11T03:59:59+00:00,data/pre_worldcup_state/teams.csv
85,2026-07-03T01:00:00+00:00,fixture,85,2026-06-28T03:00:00+00:00,data/temporal/matches_timeline.csv
85,2026-07-03T01:00:00+00:00,official_result,1,2026-06-11T22:30:00+00:00,data/resultados_reais.csv
85,2026-07-03T01:00:00+00:00,official_result,2,2026-06-12T05:30:00+00:00,data/resultados_reais.csv
85,2026-07-03T01:00:00+00:00,official_result,3,2026-06-12T22:30:00+00:00,data/resultados_reais.csv
85,2026-07-03T01:00:00+00:00,official_result,4,2026-06-13T04:30:00+00:00,data/resultados_reais.csv
85,2026-07-03T01:00:00+00:00,official_result,8,2026-06-13T22:30:00+00:00,data/resultados_reais.csv
85,2026-07-03T01:00:00+00:00,official_result,7,2026-06-14T01:30:00+00:00,data/resultados_reais.csv
85,2026-07-03T01:00:00+00:00,official_result,5,2026-06-14T04:30:00+00:00,data/resultados_reais.csv
85,2026-07-03T01:00:00+00:00,official_result,6,2026-06-14T07:30:00+00:00,data/resultados_reais.csv
85,2026-07-03T01:00:00+00:00,official_result,10,2026-06-14T20:30:00+00:00,data/resultados_reais.csv
85,2026-07-03T01:00:00+00:00,official_result,11,2026-06-14T23:30:00+00:00,data/resultados_reais.csv
85,2026-07-03T01:00:00+00:00,official_result,9,2026-06-15T02:30:00+00:00,data/resultados_reais.csv
85,2026-07-03T01:00:00+00:00,official_result,12,2026-06-15T05:30:00+00:00,data/resultados_reais.csv
85,2026-07-03T01:00:00+00:00,official_result,14,2026-06-15T19:30:00+00:00,data/resultados_reais.csv
85,2026-07-03T01:00:00+00:00,official_result,16,2026-06-15T22:30:00+00:00,data/resultados_reais.csv
85,2026-07-03T01:00:00+00:00,official_result,13,2026-06-16T01:30:00+00:00,data/resultados_reais.csv
85,2026-07-03T01:00:00+00:00,official_result,15,2026-06-16T04:30:00+00:00,data/resultados_reais.csv
85,2026-07-03T01:00:00+00:00,official_result,17,2026-06-16T22:30:00+00:00,data/resultados_reais.csv
85,2026-07-03T01:00:00+00:00,official_result,18,2026-06-17T01:30:00+00:00,data/resultados_reais.csv
85,2026-07-03T01:00:00+00:00,official_result,19,2026-06-17T04:30:00+00:00,data/resultados_reais.csv
85,2026-07-03T01:00:00+00:00,official_result,20,2026-06-17T07:30:00+00:00,data/resultados_reais.csv
85,2026-07-03T01:00:00+00:00,official_result,23,2026-06-17T20:30:00+00:00,data/resultados_reais.csv
85,2026-07-03T01:00:00+00:00,official_result,22,2026-06-17T23:30:00+00:00,data/resultados_reais.csv
85,2026-07-03T01:00:00+00:00,official_result,21,2026-06-18T02:30:00+00:00,data/resultados_reais.csv
85,2026-07-03T01:00:00+00:00,official_result,24,2026-06-18T05:30:00+00:00,data/resultados_reais.csv
85,2026-07-03T01:00:00+00:00,official_result,25,2026-06-18T19:30:00+00:00,data/resultados_reais.csv
85,2026-07-03T01:00:00+00:00,official_result,26,2026-06-18T22:30:00+00:00,data/resultados_reais.csv
85,2026-07-03T01:00:00+00:00,official_result,27,2026-06-19T01:30:00+00:00,data/resultados_reais.csv
85,2026-07-03T01:00:00+00:00,official_result,28,2026-06-19T04:30:00+00:00,data/resultados_reais.csv
85,2026-07-03T01:00:00+00:00,official_result,32,2026-06-19T22:30:00+00:00,data/resultados_reais.csv
85,2026-07-03T01:00:00+00:00,official_result,30,2026-06-20T01:30:00+00:00,data/resultados_reais.csv
85,2026-07-03T01:00:00+00:00,official_result,29,2026-06-20T04:30:00+00:00,data/resultados_reais.csv
85,2026-07-03T01:00:00+00:00,official_result,31,2026-06-20T06:30:00+00:00,data/resultados_reais.csv
85,2026-07-03T01:00:00+00:00,official_result,35,2026-06-20T20:30:00+00:00,data/resultados_reais.csv
85,2026-07-03T01:00:00+00:00,official_result,33,2026-06-20T23:30:00+00:00,data/resultados_reais.csv
85,2026-07-03T01:00:00+00:00,official_result,34,2026-06-21T03:30:00+00:00,data/resultados_reais.csv
85,2026-07-03T01:00:00+00:00,official_result,36,2026-06-21T07:30:00+00:00,data/resultados_reais.csv
85,2026-07-03T01:00:00+00:00,official_result,38,2026-06-21T19:30:00+00:00,data/resultados_reais.csv
85,2026-07-03T01:00:00+00:00,official_result,39,2026-06-21T22:30:00+00:00,data/resultados_reais.csv
85,2026-07-03T01:00:00+00:00,official_result,37,2026-06-22T01:30:00+00:00,data/resultados_reais.csv
85,2026-07-03T01:00:00+00:00,official_result,40,2026-06-22T04:30:00+00:00,data/resultados_reais.csv
85,2026-07-03T01:00:00+00:00,official_result,43,2026-06-22T20:30:00+00:00,data/resultados_reais.csv
85,2026-07-03T01:00:00+00:00,official_result,42,2026-06-23T00:30:00+00:00,data/resultados_reais.csv
85,2026-07-03T01:00:00+00:00,official_result,41,2026-06-23T03:30:00+00:00,data/resultados_reais.csv
85,2026-07-03T01:00:00+00:00,official_result,44,2026-06-23T06:30:00+00:00,data/resultados_reais.csv
85,2026-07-03T01:00:00+00:00,official_result,47,2026-06-23T20:30:00+00:00,data/resultados_reais.csv
85,2026-07-03T01:00:00+00:00,official_result,45,2026-06-23T23:30:00+00:00,data/resultados_reais.csv
85,2026-07-03T01:00:00+00:00,official_result,46,2026-06-24T02:30:00+00:00,data/resultados_reais.csv
85,2026-07-03T01:00:00+00:00,official_result,48,2026-06-24T05:30:00+00:00,data/resultados_reais.csv
85,2026-07-03T01:00:00+00:00,official_result,51,2026-06-24T22:30:00+00:00,data/resultados_reais.csv
85,2026-07-03T01:00:00+00:00,official_result,52,2026-06-24T22:30:00+00:00,data/resultados_reais.csv
85,2026-07-03T01:00:00+00:00,official_result,49,2026-06-25T01:30:00+00:00,data/resultados_reais.csv
85,2026-07-03T01:00:00+00:00,official_result,50,2026-06-25T01:30:00+00:00,data/resultados_reais.csv
85,2026-07-03T01:00:00+00:00,official_result,53,2026-06-25T04:30:00+00:00,data/resultados_reais.csv
85,2026-07-03T01:00:00+00:00,official_result,54,2026-06-25T04:30:00+00:00,data/resultados_reais.csv
85,2026-07-03T01:00:00+00:00,official_result,55,2026-06-25T23:30:00+00:00,data/resultados_reais.csv
85,2026-07-03T01:00:00+00:00,official_result,56,2026-06-25T23:30:00+00:00,data/resultados_reais.csv
85,2026-07-03T01:00:00+00:00,official_result,57,2026-06-26T02:30:00+00:00,data/resultados_reais.csv
85,2026-07-03T01:00:00+00:00,official_result,58,2026-06-26T02:30:00+00:00,data/resultados_reais.csv
85,2026-07-03T01:00:00+00:00,official_result,59,2026-06-26T05:30:00+00:00,data/resultados_reais.csv
85,2026-07-03T01:00:00+00:00,official_result,60,2026-06-26T05:30:00+00:00,data/resultados_reais.csv
85,2026-07-03T01:00:00+00:00,official_result,61,2026-06-26T22:30:00+00:00,data/resultados_reais.csv
85,2026-07-03T01:00:00+00:00,official_result,62,2026-06-26T22:30:00+00:00,data/resultados_reais.csv
85,2026-07-03T01:00:00+00:00,official_result,65,2026-06-27T03:30:00+00:00,data/resultados_reais.csv
85,2026-07-03T01:00:00+00:00,official_result,66,2026-06-27T03:30:00+00:00,data/resultados_reais.csv
85,2026-07-03T01:00:00+00:00,official_result,63,2026-06-27T06:30:00+00:00,data/resultados_reais.csv
85,2026-07-03T01:00:00+00:00,official_result,64,2026-06-27T06:30:00+00:00,data/resultados_reais.csv
85,2026-07-03T01:00:00+00:00,official_result,67,2026-06-28T00:30:00+00:00,data/resultados_reais.csv
85,2026-07-03T01:00:00+00:00,official_result,68,2026-06-28T00:30:00+00:00,data/resultados_reais.csv
85,2026-07-03T01:00:00+00:00,official_result,71,2026-06-28T03:00:00+00:00,data/resultados_reais.csv
85,2026-07-03T01:00:00+00:00,official_result,72,2026-06-28T03:00:00+00:00,data/resultados_reais.csv
85,2026-07-03T01:00:00+00:00,official_result,69,2026-06-28T05:30:00+00:00,data/resultados_reais.csv
85,2026-07-03T01:00:00+00:00,official_result,70,2026-06-28T05:30:00+00:00,data/resultados_reais.csv
85,2026-07-03T01:00:00+00:00,official_result,73,2026-06-28T23:30:00+00:00,data/resultados_reais.csv
85,2026-07-03T01:00:00+00:00,official_result,76,2026-06-29T21:30:00+00:00,data/resultados_reais.csv
85,2026-07-03T01:00:00+00:00,official_result,74,2026-06-30T01:00:00+00:00,data/resultados_reais.csv
85,2026-07-03T01:00:00+00:00,official_result,75,2026-06-30T05:30:00+00:00,data/resultados_reais.csv
85,2026-07-03T01:00:00+00:00,official_result,78,2026-06-30T21:30:00+00:00,data/resultados_reais.csv
85,2026-07-03T01:00:00+00:00,official_result,77,2026-07-01T01:30:00+00:00,data/resultados_reais.csv
85,2026-07-03T01:00:00+00:00,official_result,79,2026-07-01T05:30:00+00:00,data/resultados_reais.csv
85,2026-07-03T01:00:00+00:00,official_result,80,2026-07-01T20:30:00+00:00,data/resultados_reais.csv
85,2026-07-03T01:00:00+00:00,official_result,82,2026-07-02T00:30:00+00:00,data/resultados_reais.csv
85,2026-07-03T01:00:00+00:00,official_result,81,2026-07-02T04:30:00+00:00,data/resultados_reais.csv
85,2026-07-03T01:00:00+00:00,official_result,84,2026-07-02T23:30:00+00:00,data/resultados_reais.csv
88,2026-07-03T16:00:00+00:00,team_profile,Austrália,2026-06-11T03:59:59+00:00,data/pre_worldcup_state/teams.csv
88,2026-07-03T16:00:00+00:00,team_profile,Egito,2026-06-11T03:59:59+00:00,data/pre_worldcup_state/teams.csv
88,2026-07-03T16:00:00+00:00,fixture,88,2026-06-28T03:00:00+00:00,data/temporal/matches_timeline.csv
88,2026-07-03T16:00:00+00:00,official_result,1,2026-06-11T22:30:00+00:00,data/resultados_reais.csv
88,2026-07-03T16:00:00+00:00,official_result,2,2026-06-12T05:30:00+00:00,data/resultados_reais.csv
88,2026-07-03T16:00:00+00:00,official_result,3,2026-06-12T22:30:00+00:00,data/resultados_reais.csv
88,2026-07-03T16:00:00+00:00,official_result,4,2026-06-13T04:30:00+00:00,data/resultados_reais.csv
88,2026-07-03T16:00:00+00:00,official_result,8,2026-06-13T22:30:00+00:00,data/resultados_reais.csv
88,2026-07-03T16:00:00+00:00,official_result,7,2026-06-14T01:30:00+00:00,data/resultados_reais.csv
88,2026-07-03T16:00:00+00:00,official_result,5,2026-06-14T04:30:00+00:00,data/resultados_reais.csv
88,2026-07-03T16:00:00+00:00,official_result,6,2026-06-14T07:30:00+00:00,data/resultados_reais.csv
88,2026-07-03T16:00:00+00:00,official_result,10,2026-06-14T20:30:00+00:00,data/resultados_reais.csv
88,2026-07-03T16:00:00+00:00,official_result,11,2026-06-14T23:30:00+00:00,data/resultados_reais.csv
88,2026-07-03T16:00:00+00:00,official_result,9,2026-06-15T02:30:00+00:00,data/resultados_reais.csv
88,2026-07-03T16:00:00+00:00,official_result,12,2026-06-15T05:30:00+00:00,data/resultados_reais.csv
88,2026-07-03T16:00:00+00:00,official_result,14,2026-06-15T19:30:00+00:00,data/resultados_reais.csv
88,2026-07-03T16:00:00+00:00,official_result,16,2026-06-15T22:30:00+00:00,data/resultados_reais.csv
88,2026-07-03T16:00:00+00:00,official_result,13,2026-06-16T01:30:00+00:00,data/resultados_reais.csv
88,2026-07-03T16:00:00+00:00,official_result,15,2026-06-16T04:30:00+00:00,data/resultados_reais.csv
88,2026-07-03T16:00:00+00:00,official_result,17,2026-06-16T22:30:00+00:00,data/resultados_reais.csv
88,2026-07-03T16:00:00+00:00,official_result,18,2026-06-17T01:30:00+00:00,data/resultados_reais.csv
88,2026-07-03T16:00:00+00:00,official_result,19,2026-06-17T04:30:00+00:00,data/resultados_reais.csv
88,2026-07-03T16:00:00+00:00,official_result,20,2026-06-17T07:30:00+00:00,data/resultados_reais.csv
88,2026-07-03T16:00:00+00:00,official_result,23,2026-06-17T20:30:00+00:00,data/resultados_reais.csv
88,2026-07-03T16:00:00+00:00,official_result,22,2026-06-17T23:30:00+00:00,data/resultados_reais.csv
88,2026-07-03T16:00:00+00:00,official_result,21,2026-06-18T02:30:00+00:00,data/resultados_reais.csv
88,2026-07-03T16:00:00+00:00,official_result,24,2026-06-18T05:30:00+00:00,data/resultados_reais.csv
88,2026-07-03T16:00:00+00:00,official_result,25,2026-06-18T19:30:00+00:00,data/resultados_reais.csv
88,2026-07-03T16:00:00+00:00,official_result,26,2026-06-18T22:30:00+00:00,data/resultados_reais.csv
88,2026-07-03T16:00:00+00:00,official_result,27,2026-06-19T01:30:00+00:00,data/resultados_reais.csv
88,2026-07-03T16:00:00+00:00,official_result,28,2026-06-19T04:30:00+00:00,data/resultados_reais.csv
88,2026-07-03T16:00:00+00:00,official_result,32,2026-06-19T22:30:00+00:00,data/resultados_reais.csv
88,2026-07-03T16:00:00+00:00,official_result,30,2026-06-20T01:30:00+00:00,data/resultados_reais.csv
88,2026-07-03T16:00:00+00:00,official_result,29,2026-06-20T04:30:00+00:00,data/resultados_reais.csv
88,2026-07-03T16:00:00+00:00,official_result,31,2026-06-20T06:30:00+00:00,data/resultados_reais.csv
88,2026-07-03T16:00:00+00:00,official_result,35,2026-06-20T20:30:00+00:00,data/resultados_reais.csv
88,2026-07-03T16:00:00+00:00,official_result,33,2026-06-20T23:30:00+00:00,data/resultados_reais.csv
88,2026-07-03T16:00:00+00:00,official_result,34,2026-06-21T03:30:00+00:00,data/resultados_reais.csv
88,2026-07-03T16:00:00+00:00,official_result,36,2026-06-21T07:30:00+00:00,data/resultados_reais.csv
88,2026-07-03T16:00:00+00:00,official_result,38,2026-06-21T19:30:00+00:00,data/resultados_reais.csv
88,2026-07-03T16:00:00+00:00,official_result,39,2026-06-21T22:30:00+00:00,data/resultados_reais.csv
88,2026-07-03T16:00:00+00:00,official_result,37,2026-06-22T01:30:00+00:00,data/resultados_reais.csv
88,2026-07-03T16:00:00+00:00,official_result,40,2026-06-22T04:30:00+00:00,data/resultados_reais.csv
88,2026-07-03T16:00:00+00:00,official_result,43,2026-06-22T20:30:00+00:00,data/resultados_reais.csv
88,2026-07-03T16:00:00+00:00,official_result,42,2026-06-23T00:30:00+00:00,data/resultados_reais.csv
88,2026-07-03T16:00:00+00:00,official_result,41,2026-06-23T03:30:00+00:00,data/resultados_reais.csv
88,2026-07-03T16:00:00+00:00,official_result,44,2026-06-23T06:30:00+00:00,data/resultados_reais.csv
88,2026-07-03T16:00:00+00:00,official_result,47,2026-06-23T20:30:00+00:00,data/resultados_reais.csv
88,2026-07-03T16:00:00+00:00,official_result,45,2026-06-23T23:30:00+00:00,data/resultados_reais.csv
88,2026-07-03T16:00:00+00:00,official_result,46,2026-06-24T02:30:00+00:00,data/resultados_reais.csv
88,2026-07-03T16:00:00+00:00,official_result,48,2026-06-24T05:30:00+00:00,data/resultados_reais.csv
88,2026-07-03T16:00:00+00:00,official_result,51,2026-06-24T22:30:00+00:00,data/resultados_reais.csv
88,2026-07-03T16:00:00+00:00,official_result,52,2026-06-24T22:30:00+00:00,data/resultados_reais.csv
88,2026-07-03T16:00:00+00:00,official_result,49,2026-06-25T01:30:00+00:00,data/resultados_reais.csv
88,2026-07-03T16:00:00+00:00,official_result,50,2026-06-25T01:30:00+00:00,data/resultados_reais.csv
88,2026-07-03T16:00:00+00:00,official_result,53,2026-06-25T04:30:00+00:00,data/resultados_reais.csv
88,2026-07-03T16:00:00+00:00,official_result,54,2026-06-25T04:30:00+00:00,data/resultados_reais.csv
88,2026-07-03T16:00:00+00:00,official_result,55,2026-06-25T23:30:00+00:00,data/resultados_reais.csv
88,2026-07-03T16:00:00+00:00,official_result,56,2026-06-25T23:30:00+00:00,data/resultados_reais.csv
88,2026-07-03T16:00:00+00:00,official_result,57,2026-06-26T02:30:00+00:00,data/resultados_reais.csv
88,2026-07-03T16:00:00+00:00,official_result,58,2026-06-26T02:30:00+00:00,data/resultados_reais.csv
88,2026-07-03T16:00:00+00:00,official_result,59,2026-06-26T05:30:00+00:00,data/resultados_reais.csv
88,2026-07-03T16:00:00+00:00,official_result,60,2026-06-26T05:30:00+00:00,data/resultados_reais.csv
88,2026-07-03T16:00:00+00:00,official_result,61,2026-06-26T22:30:00+00:00,data/resultados_reais.csv
88,2026-07-03T16:00:00+00:00,official_result,62,2026-06-26T22:30:00+00:00,data/resultados_reais.csv
88,2026-07-03T16:00:00+00:00,official_result,65,2026-06-27T03:30:00+00:00,data/resultados_reais.csv
88,2026-07-03T16:00:00+00:00,official_result,66,2026-06-27T03:30:00+00:00,data/resultados_reais.csv
88,2026-07-03T16:00:00+00:00,official_result,63,2026-06-27T06:30:00+00:00,data/resultados_reais.csv
88,2026-07-03T16:00:00+00:00,official_result,64,2026-06-27T06:30:00+00:00,data/resultados_reais.csv
88,2026-07-03T16:00:00+00:00,official_result,67,2026-06-28T00:30:00+00:00,data/resultados_reais.csv
88,2026-07-03T16:00:00+00:00,official_result,68,2026-06-28T00:30:00+00:00,data/resultados_reais.csv
88,2026-07-03T16:00:00+00:00,official_result,71,2026-06-28T03:00:00+00:00,data/resultados_reais.csv
88,2026-07-03T16:00:00+00:00,official_result,72,2026-06-28T03:00:00+00:00,data/resultados_reais.csv
88,2026-07-03T16:00:00+00:00,official_result,69,2026-06-28T05:30:00+00:00,data/resultados_reais.csv
88,2026-07-03T16:00:00+00:00,official_result,70,2026-06-28T05:30:00+00:00,data/resultados_reais.csv
88,2026-07-03T16:00:00+00:00,official_result,73,2026-06-28T23:30:00+00:00,data/resultados_reais.csv
88,2026-07-03T16:00:00+00:00,official_result,76,2026-06-29T21:30:00+00:00,data/resultados_reais.csv
88,2026-07-03T16:00:00+00:00,official_result,74,2026-06-30T01:00:00+00:00,data/resultados_reais.csv
88,2026-07-03T16:00:00+00:00,official_result,75,2026-06-30T05:30:00+00:00,data/resultados_reais.csv
88,2026-07-03T16:00:00+00:00,official_result,78,2026-06-30T21:30:00+00:00,data/resultados_reais.csv
88,2026-07-03T16:00:00+00:00,official_result,77,2026-07-01T01:30:00+00:00,data/resultados_reais.csv
88,2026-07-03T16:00:00+00:00,official_result,79,2026-07-01T05:30:00+00:00,data/resultados_reais.csv
88,2026-07-03T16:00:00+00:00,official_result,80,2026-07-01T20:30:00+00:00,data/resultados_reais.csv
88,2026-07-03T16:00:00+00:00,official_result,82,2026-07-02T00:30:00+00:00,data/resultados_reais.csv
88,2026-07-03T16:00:00+00:00,official_result,81,2026-07-02T04:30:00+00:00,data/resultados_reais.csv
88,2026-07-03T16:00:00+00:00,official_result,84,2026-07-02T23:30:00+00:00,data/resultados_reais.csv
88,2026-07-03T16:00:00+00:00,official_result,83,2026-07-03T03:30:00+00:00,data/resultados_reais.csv
88,2026-07-03T16:00:00+00:00,official_result,85,2026-07-03T07:30:00+00:00,data/resultados_reais.csv
86,2026-07-03T20:00:00+00:00,team_profile,Argentina,2026-06-11T03:59:59+00:00,data/pre_worldcup_state/teams.csv
86,2026-07-03T20:00:00+00:00,team_profile,Cabo Verde,2026-06-11T03:59:59+00:00,data/pre_worldcup_state/teams.csv
86,2026-07-03T20:00:00+00:00,fixture,86,2026-06-28T03:00:00+00:00,data/temporal/matches_timeline.csv
86,2026-07-03T20:00:00+00:00,official_result,1,2026-06-11T22:30:00+00:00,data/resultados_reais.csv
86,2026-07-03T20:00:00+00:00,official_result,2,2026-06-12T05:30:00+00:00,data/resultados_reais.csv
86,2026-07-03T20:00:00+00:00,official_result,3,2026-06-12T22:30:00+00:00,data/resultados_reais.csv
86,2026-07-03T20:00:00+00:00,official_result,4,2026-06-13T04:30:00+00:00,data/resultados_reais.csv
86,2026-07-03T20:00:00+00:00,official_result,8,2026-06-13T22:30:00+00:00,data/resultados_reais.csv
86,2026-07-03T20:00:00+00:00,official_result,7,2026-06-14T01:30:00+00:00,data/resultados_reais.csv
86,2026-07-03T20:00:00+00:00,official_result,5,2026-06-14T04:30:00+00:00,data/resultados_reais.csv
86,2026-07-03T20:00:00+00:00,official_result,6,2026-06-14T07:30:00+00:00,data/resultados_reais.csv
86,2026-07-03T20:00:00+00:00,official_result,10,2026-06-14T20:30:00+00:00,data/resultados_reais.csv
86,2026-07-03T20:00:00+00:00,official_result,11,2026-06-14T23:30:00+00:00,data/resultados_reais.csv
86,2026-07-03T20:00:00+00:00,official_result,9,2026-06-15T02:30:00+00:00,data/resultados_reais.csv
86,2026-07-03T20:00:00+00:00,official_result,12,2026-06-15T05:30:00+00:00,data/resultados_reais.csv
86,2026-07-03T20:00:00+00:00,official_result,14,2026-06-15T19:30:00+00:00,data/resultados_reais.csv
86,2026-07-03T20:00:00+00:00,official_result,16,2026-06-15T22:30:00+00:00,data/resultados_reais.csv
86,2026-07-03T20:00:00+00:00,official_result,13,2026-06-16T01:30:00+00:00,data/resultados_reais.csv
86,2026-07-03T20:00:00+00:00,official_result,15,2026-06-16T04:30:00+00:00,data/resultados_reais.csv
86,2026-07-03T20:00:00+00:00,official_result,17,2026-06-16T22:30:00+00:00,data/resultados_reais.csv
86,2026-07-03T20:00:00+00:00,official_result,18,2026-06-17T01:30:00+00:00,data/resultados_reais.csv
86,2026-07-03T20:00:00+00:00,official_result,19,2026-06-17T04:30:00+00:00,data/resultados_reais.csv
86,2026-07-03T20:00:00+00:00,official_result,20,2026-06-17T07:30:00+00:00,data/resultados_reais.csv
86,2026-07-03T20:00:00+00:00,official_result,23,2026-06-17T20:30:00+00:00,data/resultados_reais.csv
86,2026-07-03T20:00:00+00:00,official_result,22,2026-06-17T23:30:00+00:00,data/resultados_reais.csv
86,2026-07-03T20:00:00+00:00,official_result,21,2026-06-18T02:30:00+00:00,data/resultados_reais.csv
86,2026-07-03T20:00:00+00:00,official_result,24,2026-06-18T05:30:00+00:00,data/resultados_reais.csv
86,2026-07-03T20:00:00+00:00,official_result,25,2026-06-18T19:30:00+00:00,data/resultados_reais.csv
86,2026-07-03T20:00:00+00:00,official_result,26,2026-06-18T22:30:00+00:00,data/resultados_reais.csv
86,2026-07-03T20:00:00+00:00,official_result,27,2026-06-19T01:30:00+00:00,data/resultados_reais.csv
86,2026-07-03T20:00:00+00:00,official_result,28,2026-06-19T04:30:00+00:00,data/resultados_reais.csv
86,2026-07-03T20:00:00+00:00,official_result,32,2026-06-19T22:30:00+00:00,data/resultados_reais.csv
86,2026-07-03T20:00:00+00:00,official_result,30,2026-06-20T01:30:00+00:00,data/resultados_reais.csv
86,2026-07-03T20:00:00+00:00,official_result,29,2026-06-20T04:30:00+00:00,data/resultados_reais.csv
86,2026-07-03T20:00:00+00:00,official_result,31,2026-06-20T06:30:00+00:00,data/resultados_reais.csv
86,2026-07-03T20:00:00+00:00,official_result,35,2026-06-20T20:30:00+00:00,data/resultados_reais.csv
86,2026-07-03T20:00:00+00:00,official_result,33,2026-06-20T23:30:00+00:00,data/resultados_reais.csv
86,2026-07-03T20:00:00+00:00,official_result,34,2026-06-21T03:30:00+00:00,data/resultados_reais.csv
86,2026-07-03T20:00:00+00:00,official_result,36,2026-06-21T07:30:00+00:00,data/resultados_reais.csv
86,2026-07-03T20:00:00+00:00,official_result,38,2026-06-21T19:30:00+00:00,data/resultados_reais.csv
86,2026-07-03T20:00:00+00:00,official_result,39,2026-06-21T22:30:00+00:00,data/resultados_reais.csv
86,2026-07-03T20:00:00+00:00,official_result,37,2026-06-22T01:30:00+00:00,data/resultados_reais.csv
86,2026-07-03T20:00:00+00:00,official_result,40,2026-06-22T04:30:00+00:00,data/resultados_reais.csv
86,2026-07-03T20:00:00+00:00,official_result,43,2026-06-22T20:30:00+00:00,data/resultados_reais.csv
86,2026-07-03T20:00:00+00:00,official_result,42,2026-06-23T00:30:00+00:00,data/resultados_reais.csv
86,2026-07-03T20:00:00+00:00,official_result,41,2026-06-23T03:30:00+00:00,data/resultados_reais.csv
86,2026-07-03T20:00:00+00:00,official_result,44,2026-06-23T06:30:00+00:00,data/resultados_reais.csv
86,2026-07-03T20:00:00+00:00,official_result,47,2026-06-23T20:30:00+00:00,data/resultados_reais.csv
86,2026-07-03T20:00:00+00:00,official_result,45,2026-06-23T23:30:00+00:00,data/resultados_reais.csv
86,2026-07-03T20:00:00+00:00,official_result,46,2026-06-24T02:30:00+00:00,data/resultados_reais.csv
86,2026-07-03T20:00:00+00:00,official_result,48,2026-06-24T05:30:00+00:00,data/resultados_reais.csv
86,2026-07-03T20:00:00+00:00,official_result,51,2026-06-24T22:30:00+00:00,data/resultados_reais.csv
86,2026-07-03T20:00:00+00:00,official_result,52,2026-06-24T22:30:00+00:00,data/resultados_reais.csv
86,2026-07-03T20:00:00+00:00,official_result,49,2026-06-25T01:30:00+00:00,data/resultados_reais.csv
86,2026-07-03T20:00:00+00:00,official_result,50,2026-06-25T01:30:00+00:00,data/resultados_reais.csv
86,2026-07-03T20:00:00+00:00,official_result,53,2026-06-25T04:30:00+00:00,data/resultados_reais.csv
86,2026-07-03T20:00:00+00:00,official_result,54,2026-06-25T04:30:00+00:00,data/resultados_reais.csv
86,2026-07-03T20:00:00+00:00,official_result,55,2026-06-25T23:30:00+00:00,data/resultados_reais.csv
86,2026-07-03T20:00:00+00:00,official_result,56,2026-06-25T23:30:00+00:00,data/resultados_reais.csv
86,2026-07-03T20:00:00+00:00,official_result,57,2026-06-26T02:30:00+00:00,data/resultados_reais.csv
86,2026-07-03T20:00:00+00:00,official_result,58,2026-06-26T02:30:00+00:00,data/resultados_reais.csv
86,2026-07-03T20:00:00+00:00,official_result,59,2026-06-26T05:30:00+00:00,data/resultados_reais.csv
86,2026-07-03T20:00:00+00:00,official_result,60,2026-06-26T05:30:00+00:00,data/resultados_reais.csv
86,2026-07-03T20:00:00+00:00,official_result,61,2026-06-26T22:30:00+00:00,data/resultados_reais.csv
86,2026-07-03T20:00:00+00:00,official_result,62,2026-06-26T22:30:00+00:00,data/resultados_reais.csv
86,2026-07-03T20:00:00+00:00,official_result,65,2026-06-27T03:30:00+00:00,data/resultados_reais.csv
86,2026-07-03T20:00:00+00:00,official_result,66,2026-06-27T03:30:00+00:00,data/resultados_reais.csv
86,2026-07-03T20:00:00+00:00,official_result,63,2026-06-27T06:30:00+00:00,data/resultados_reais.csv
86,2026-07-03T20:00:00+00:00,official_result,64,2026-06-27T06:30:00+00:00,data/resultados_reais.csv
86,2026-07-03T20:00:00+00:00,official_result,67,2026-06-28T00:30:00+00:00,data/resultados_reais.csv
86,2026-07-03T20:00:00+00:00,official_result,68,2026-06-28T00:30:00+00:00,data/resultados_reais.csv
86,2026-07-03T20:00:00+00:00,official_result,71,2026-06-28T03:00:00+00:00,data/resultados_reais.csv
86,2026-07-03T20:00:00+00:00,official_result,72,2026-06-28T03:00:00+00:00,data/resultados_reais.csv
86,2026-07-03T20:00:00+00:00,official_result,69,2026-06-28T05:30:00+00:00,data/resultados_reais.csv
86,2026-07-03T20:00:00+00:00,official_result,70,2026-06-28T05:30:00+00:00,data/resultados_reais.csv
86,2026-07-03T20:00:00+00:00,official_result,73,2026-06-28T23:30:00+00:00,data/resultados_reais.csv
86,2026-07-03T20:00:00+00:00,official_result,76,2026-06-29T21:30:00+00:00,data/resultados_reais.csv
86,2026-07-03T20:00:00+00:00,official_result,74,2026-06-30T01:00:00+00:00,data/resultados_reais.csv
86,2026-07-03T20:00:00+00:00,official_result,75,2026-06-30T05:30:00+00:00,data/resultados_reais.csv
86,2026-07-03T20:00:00+00:00,official_result,78,2026-06-30T21:30:00+00:00,data/resultados_reais.csv
86,2026-07-03T20:00:00+00:00,official_result,77,2026-07-01T01:30:00+00:00,data/resultados_reais.csv
86,2026-07-03T20:00:00+00:00,official_result,79,2026-07-01T05:30:00+00:00,data/resultados_reais.csv
86,2026-07-03T20:00:00+00:00,official_result,80,2026-07-01T20:30:00+00:00,data/resultados_reais.csv
86,2026-07-03T20:00:00+00:00,official_result,82,2026-07-02T00:30:00+00:00,data/resultados_reais.csv
86,2026-07-03T20:00:00+00:00,official_result,81,2026-07-02T04:30:00+00:00,data/resultados_reais.csv
86,2026-07-03T20:00:00+00:00,official_result,84,2026-07-02T23:30:00+00:00,data/resultados_reais.csv
86,2026-07-03T20:00:00+00:00,official_result,83,2026-07-03T03:30:00+00:00,data/resultados_reais.csv
86,2026-07-03T20:00:00+00:00,official_result,85,2026-07-03T07:30:00+00:00,data/resultados_reais.csv
87,2026-07-03T23:30:00+00:00,team_profile,Colômbia,2026-06-11T03:59:59+00:00,data/pre_worldcup_state/teams.csv
87,2026-07-03T23:30:00+00:00,team_profile,Gana,2026-06-11T03:59:59+00:00,data/pre_worldcup_state/teams.csv
87,2026-07-03T23:30:00+00:00,fixture,87,2026-06-28T03:00:00+00:00,data/temporal/matches_timeline.csv
87,2026-07-03T23:30:00+00:00,official_result,1,2026-06-11T22:30:00+00:00,data/resultados_reais.csv
87,2026-07-03T23:30:00+00:00,official_result,2,2026-06-12T05:30:00+00:00,data/resultados_reais.csv
87,2026-07-03T23:30:00+00:00,official_result,3,2026-06-12T22:30:00+00:00,data/resultados_reais.csv
87,2026-07-03T23:30:00+00:00,official_result,4,2026-06-13T04:30:00+00:00,data/resultados_reais.csv
87,2026-07-03T23:30:00+00:00,official_result,8,2026-06-13T22:30:00+00:00,data/resultados_reais.csv
87,2026-07-03T23:30:00+00:00,official_result,7,2026-06-14T01:30:00+00:00,data/resultados_reais.csv
87,2026-07-03T23:30:00+00:00,official_result,5,2026-06-14T04:30:00+00:00,data/resultados_reais.csv
87,2026-07-03T23:30:00+00:00,official_result,6,2026-06-14T07:30:00+00:00,data/resultados_reais.csv
87,2026-07-03T23:30:00+00:00,official_result,10,2026-06-14T20:30:00+00:00,data/resultados_reais.csv
87,2026-07-03T23:30:00+00:00,official_result,11,2026-06-14T23:30:00+00:00,data/resultados_reais.csv
87,2026-07-03T23:30:00+00:00,official_result,9,2026-06-15T02:30:00+00:00,data/resultados_reais.csv
87,2026-07-03T23:30:00+00:00,official_result,12,2026-06-15T05:30:00+00:00,data/resultados_reais.csv
87,2026-07-03T23:30:00+00:00,official_result,14,2026-06-15T19:30:00+00:00,data/resultados_reais.csv
87,2026-07-03T23:30:00+00:00,official_result,16,2026-06-15T22:30:00+00:00,data/resultados_reais.csv
87,2026-07-03T23:30:00+00:00,official_result,13,2026-06-16T01:30:00+00:00,data/resultados_reais.csv
87,2026-07-03T23:30:00+00:00,official_result,15,2026-06-16T04:30:00+00:00,data/resultados_reais.csv
87,2026-07-03T23:30:00+00:00,official_result,17,2026-06-16T22:30:00+00:00,data/resultados_reais.csv
87,2026-07-03T23:30:00+00:00,official_result,18,2026-06-17T01:30:00+00:00,data/resultados_reais.csv
87,2026-07-03T23:30:00+00:00,official_result,19,2026-06-17T04:30:00+00:00,data/resultados_reais.csv
87,2026-07-03T23:30:00+00:00,official_result,20,2026-06-17T07:30:00+00:00,data/resultados_reais.csv
87,2026-07-03T23:30:00+00:00,official_result,23,2026-06-17T20:30:00+00:00,data/resultados_reais.csv
87,2026-07-03T23:30:00+00:00,official_result,22,2026-06-17T23:30:00+00:00,data/resultados_reais.csv
87,2026-07-03T23:30:00+00:00,official_result,21,2026-06-18T02:30:00+00:00,data/resultados_reais.csv
87,2026-07-03T23:30:00+00:00,official_result,24,2026-06-18T05:30:00+00:00,data/resultados_reais.csv
87,2026-07-03T23:30:00+00:00,official_result,25,2026-06-18T19:30:00+00:00,data/resultados_reais.csv
87,2026-07-03T23:30:00+00:00,official_result,26,2026-06-18T22:30:00+00:00,data/resultados_reais.csv
87,2026-07-03T23:30:00+00:00,official_result,27,2026-06-19T01:30:00+00:00,data/resultados_reais.csv
87,2026-07-03T23:30:00+00:00,official_result,28,2026-06-19T04:30:00+00:00,data/resultados_reais.csv
87,2026-07-03T23:30:00+00:00,official_result,32,2026-06-19T22:30:00+00:00,data/resultados_reais.csv
87,2026-07-03T23:30:00+00:00,official_result,30,2026-06-20T01:30:00+00:00,data/resultados_reais.csv
87,2026-07-03T23:30:00+00:00,official_result,29,2026-06-20T04:30:00+00:00,data/resultados_reais.csv
87,2026-07-03T23:30:00+00:00,official_result,31,2026-06-20T06:30:00+00:00,data/resultados_reais.csv
87,2026-07-03T23:30:00+00:00,official_result,35,2026-06-20T20:30:00+00:00,data/resultados_reais.csv
87,2026-07-03T23:30:00+00:00,official_result,33,2026-06-20T23:30:00+00:00,data/resultados_reais.csv
87,2026-07-03T23:30:00+00:00,official_result,34,2026-06-21T03:30:00+00:00,data/resultados_reais.csv
87,2026-07-03T23:30:00+00:00,official_result,36,2026-06-21T07:30:00+00:00,data/resultados_reais.csv
87,2026-07-03T23:30:00+00:00,official_result,38,2026-06-21T19:30:00+00:00,data/resultados_reais.csv
87,2026-07-03T23:30:00+00:00,official_result,39,2026-06-21T22:30:00+00:00,data/resultados_reais.csv
87,2026-07-03T23:30:00+00:00,official_result,37,2026-06-22T01:30:00+00:00,data/resultados_reais.csv
87,2026-07-03T23:30:00+00:00,official_result,40,2026-06-22T04:30:00+00:00,data/resultados_reais.csv
87,2026-07-03T23:30:00+00:00,official_result,43,2026-06-22T20:30:00+00:00,data/resultados_reais.csv
87,2026-07-03T23:30:00+00:00,official_result,42,2026-06-23T00:30:00+00:00,data/resultados_reais.csv
87,2026-07-03T23:30:00+00:00,official_result,41,2026-06-23T03:30:00+00:00,data/resultados_reais.csv
87,2026-07-03T23:30:00+00:00,official_result,44,2026-06-23T06:30:00+00:00,data/resultados_reais.csv
87,2026-07-03T23:30:00+00:00,official_result,47,2026-06-23T20:30:00+00:00,data/resultados_reais.csv
87,2026-07-03T23:30:00+00:00,official_result,45,2026-06-23T23:30:00+00:00,data/resultados_reais.csv
87,2026-07-03T23:30:00+00:00,official_result,46,2026-06-24T02:30:00+00:00,data/resultados_reais.csv
87,2026-07-03T23:30:00+00:00,official_result,48,2026-06-24T05:30:00+00:00,data/resultados_reais.csv
87,2026-07-03T23:30:00+00:00,official_result,51,2026-06-24T22:30:00+00:00,data/resultados_reais.csv
87,2026-07-03T23:30:00+00:00,official_result,52,2026-06-24T22:30:00+00:00,data/resultados_reais.csv
87,2026-07-03T23:30:00+00:00,official_result,49,2026-06-25T01:30:00+00:00,data/resultados_reais.csv
87,2026-07-03T23:30:00+00:00,official_result,50,2026-06-25T01:30:00+00:00,data/resultados_reais.csv
87,2026-07-03T23:30:00+00:00,official_result,53,2026-06-25T04:30:00+00:00,data/resultados_reais.csv
87,2026-07-03T23:30:00+00:00,official_result,54,2026-06-25T04:30:00+00:00,data/resultados_reais.csv
87,2026-07-03T23:30:00+00:00,official_result,55,2026-06-25T23:30:00+00:00,data/resultados_reais.csv
87,2026-07-03T23:30:00+00:00,official_result,56,2026-06-25T23:30:00+00:00,data/resultados_reais.csv
87,2026-07-03T23:30:00+00:00,official_result,57,2026-06-26T02:30:00+00:00,data/resultados_reais.csv
87,2026-07-03T23:30:00+00:00,official_result,58,2026-06-26T02:30:00+00:00,data/resultados_reais.csv
87,2026-07-03T23:30:00+00:00,official_result,59,2026-06-26T05:30:00+00:00,data/resultados_reais.csv
87,2026-07-03T23:30:00+00:00,official_result,60,2026-06-26T05:30:00+00:00,data/resultados_reais.csv
87,2026-07-03T23:30:00+00:00,official_result,61,2026-06-26T22:30:00+00:00,data/resultados_reais.csv
87,2026-07-03T23:30:00+00:00,official_result,62,2026-06-26T22:30:00+00:00,data/resultados_reais.csv
87,2026-07-03T23:30:00+00:00,official_result,65,2026-06-27T03:30:00+00:00,data/resultados_reais.csv
87,2026-07-03T23:30:00+00:00,official_result,66,2026-06-27T03:30:00+00:00,data/resultados_reais.csv
87,2026-07-03T23:30:00+00:00,official_result,63,2026-06-27T06:30:00+00:00,data/resultados_reais.csv
87,2026-07-03T23:30:00+00:00,official_result,64,2026-06-27T06:30:00+00:00,data/resultados_reais.csv
87,2026-07-03T23:30:00+00:00,official_result,67,2026-06-28T00:30:00+00:00,data/resultados_reais.csv
87,2026-07-03T23:30:00+00:00,official_result,68,2026-06-28T00:30:00+00:00,data/resultados_reais.csv
87,2026-07-03T23:30:00+00:00,official_result,71,2026-06-28T03:00:00+00:00,data/resultados_reais.csv
87,2026-07-03T23:30:00+00:00,official_result,72,2026-06-28T03:00:00+00:00,data/resultados_reais.csv
87,2026-07-03T23:30:00+00:00,official_result,69,2026-06-28T05:30:00+00:00,data/resultados_reais.csv
87,2026-07-03T23:30:00+00:00,official_result,70,2026-06-28T05:30:00+00:00,data/resultados_reais.csv
87,2026-07-03T23:30:00+00:00,official_result,73,2026-06-28T23:30:00+00:00,data/resultados_reais.csv
87,2026-07-03T23:30:00+00:00,official_result,76,2026-06-29T21:30:00+00:00,data/resultados_reais.csv
87,2026-07-03T23:30:00+00:00,official_result,74,2026-06-30T01:00:00+00:00,data/resultados_reais.csv
87,2026-07-03T23:30:00+00:00,official_result,75,2026-06-30T05:30:00+00:00,data/resultados_reais.csv
87,2026-07-03T23:30:00+00:00,official_result,78,2026-06-30T21:30:00+00:00,data/resultados_reais.csv
87,2026-07-03T23:30:00+00:00,official_result,77,2026-07-01T01:30:00+00:00,data/resultados_reais.csv
87,2026-07-03T23:30:00+00:00,official_result,79,2026-07-01T05:30:00+00:00,data/resultados_reais.csv
87,2026-07-03T23:30:00+00:00,official_result,80,2026-07-01T20:30:00+00:00,data/resultados_reais.csv
87,2026-07-03T23:30:00+00:00,official_result,82,2026-07-02T00:30:00+00:00,data/resultados_reais.csv
87,2026-07-03T23:30:00+00:00,official_result,81,2026-07-02T04:30:00+00:00,data/resultados_reais.csv
87,2026-07-03T23:30:00+00:00,official_result,84,2026-07-02T23:30:00+00:00,data/resultados_reais.csv
87,2026-07-03T23:30:00+00:00,official_result,83,2026-07-03T03:30:00+00:00,data/resultados_reais.csv
87,2026-07-03T23:30:00+00:00,official_result,85,2026-07-03T07:30:00+00:00,data/resultados_reais.csv
87,2026-07-03T23:30:00+00:00,official_result,88,2026-07-03T22:30:00+00:00,data/resultados_reais.csv
90,2026-07-04T15:00:00+00:00,team_profile,Canadá,2026-06-11T03:59:59+00:00,data/pre_worldcup_state/teams.csv
90,2026-07-04T15:00:00+00:00,team_profile,Marrocos,2026-06-11T03:59:59+00:00,data/pre_worldcup_state/teams.csv
90,2026-07-04T15:00:00+00:00,fixture,90,2026-06-30T05:30:00+00:00,data/temporal/matches_timeline.csv
90,2026-07-04T15:00:00+00:00,official_result,1,2026-06-11T22:30:00+00:00,data/resultados_reais.csv
90,2026-07-04T15:00:00+00:00,official_result,2,2026-06-12T05:30:00+00:00,data/resultados_reais.csv
90,2026-07-04T15:00:00+00:00,official_result,3,2026-06-12T22:30:00+00:00,data/resultados_reais.csv
90,2026-07-04T15:00:00+00:00,official_result,4,2026-06-13T04:30:00+00:00,data/resultados_reais.csv
90,2026-07-04T15:00:00+00:00,official_result,8,2026-06-13T22:30:00+00:00,data/resultados_reais.csv
90,2026-07-04T15:00:00+00:00,official_result,7,2026-06-14T01:30:00+00:00,data/resultados_reais.csv
90,2026-07-04T15:00:00+00:00,official_result,5,2026-06-14T04:30:00+00:00,data/resultados_reais.csv
90,2026-07-04T15:00:00+00:00,official_result,6,2026-06-14T07:30:00+00:00,data/resultados_reais.csv
90,2026-07-04T15:00:00+00:00,official_result,10,2026-06-14T20:30:00+00:00,data/resultados_reais.csv
90,2026-07-04T15:00:00+00:00,official_result,11,2026-06-14T23:30:00+00:00,data/resultados_reais.csv
90,2026-07-04T15:00:00+00:00,official_result,9,2026-06-15T02:30:00+00:00,data/resultados_reais.csv
90,2026-07-04T15:00:00+00:00,official_result,12,2026-06-15T05:30:00+00:00,data/resultados_reais.csv
90,2026-07-04T15:00:00+00:00,official_result,14,2026-06-15T19:30:00+00:00,data/resultados_reais.csv
90,2026-07-04T15:00:00+00:00,official_result,16,2026-06-15T22:30:00+00:00,data/resultados_reais.csv
90,2026-07-04T15:00:00+00:00,official_result,13,2026-06-16T01:30:00+00:00,data/resultados_reais.csv
90,2026-07-04T15:00:00+00:00,official_result,15,2026-06-16T04:30:00+00:00,data/resultados_reais.csv
90,2026-07-04T15:00:00+00:00,official_result,17,2026-06-16T22:30:00+00:00,data/resultados_reais.csv
90,2026-07-04T15:00:00+00:00,official_result,18,2026-06-17T01:30:00+00:00,data/resultados_reais.csv
90,2026-07-04T15:00:00+00:00,official_result,19,2026-06-17T04:30:00+00:00,data/resultados_reais.csv
90,2026-07-04T15:00:00+00:00,official_result,20,2026-06-17T07:30:00+00:00,data/resultados_reais.csv
90,2026-07-04T15:00:00+00:00,official_result,23,2026-06-17T20:30:00+00:00,data/resultados_reais.csv
90,2026-07-04T15:00:00+00:00,official_result,22,2026-06-17T23:30:00+00:00,data/resultados_reais.csv
90,2026-07-04T15:00:00+00:00,official_result,21,2026-06-18T02:30:00+00:00,data/resultados_reais.csv
90,2026-07-04T15:00:00+00:00,official_result,24,2026-06-18T05:30:00+00:00,data/resultados_reais.csv
90,2026-07-04T15:00:00+00:00,official_result,25,2026-06-18T19:30:00+00:00,data/resultados_reais.csv
90,2026-07-04T15:00:00+00:00,official_result,26,2026-06-18T22:30:00+00:00,data/resultados_reais.csv
90,2026-07-04T15:00:00+00:00,official_result,27,2026-06-19T01:30:00+00:00,data/resultados_reais.csv
90,2026-07-04T15:00:00+00:00,official_result,28,2026-06-19T04:30:00+00:00,data/resultados_reais.csv
90,2026-07-04T15:00:00+00:00,official_result,32,2026-06-19T22:30:00+00:00,data/resultados_reais.csv
90,2026-07-04T15:00:00+00:00,official_result,30,2026-06-20T01:30:00+00:00,data/resultados_reais.csv
90,2026-07-04T15:00:00+00:00,official_result,29,2026-06-20T04:30:00+00:00,data/resultados_reais.csv
90,2026-07-04T15:00:00+00:00,official_result,31,2026-06-20T06:30:00+00:00,data/resultados_reais.csv
90,2026-07-04T15:00:00+00:00,official_result,35,2026-06-20T20:30:00+00:00,data/resultados_reais.csv
90,2026-07-04T15:00:00+00:00,official_result,33,2026-06-20T23:30:00+00:00,data/resultados_reais.csv
90,2026-07-04T15:00:00+00:00,official_result,34,2026-06-21T03:30:00+00:00,data/resultados_reais.csv
90,2026-07-04T15:00:00+00:00,official_result,36,2026-06-21T07:30:00+00:00,data/resultados_reais.csv
90,2026-07-04T15:00:00+00:00,official_result,38,2026-06-21T19:30:00+00:00,data/resultados_reais.csv
90,2026-07-04T15:00:00+00:00,official_result,39,2026-06-21T22:30:00+00:00,data/resultados_reais.csv
90,2026-07-04T15:00:00+00:00,official_result,37,2026-06-22T01:30:00+00:00,data/resultados_reais.csv
90,2026-07-04T15:00:00+00:00,official_result,40,2026-06-22T04:30:00+00:00,data/resultados_reais.csv
90,2026-07-04T15:00:00+00:00,official_result,43,2026-06-22T20:30:00+00:00,data/resultados_reais.csv
90,2026-07-04T15:00:00+00:00,official_result,42,2026-06-23T00:30:00+00:00,data/resultados_reais.csv
90,2026-07-04T15:00:00+00:00,official_result,41,2026-06-23T03:30:00+00:00,data/resultados_reais.csv
90,2026-07-04T15:00:00+00:00,official_result,44,2026-06-23T06:30:00+00:00,data/resultados_reais.csv
90,2026-07-04T15:00:00+00:00,official_result,47,2026-06-23T20:30:00+00:00,data/resultados_reais.csv
90,2026-07-04T15:00:00+00:00,official_result,45,2026-06-23T23:30:00+00:00,data/resultados_reais.csv
90,2026-07-04T15:00:00+00:00,official_result,46,2026-06-24T02:30:00+00:00,data/resultados_reais.csv
90,2026-07-04T15:00:00+00:00,official_result,48,2026-06-24T05:30:00+00:00,data/resultados_reais.csv
90,2026-07-04T15:00:00+00:00,official_result,51,2026-06-24T22:30:00+00:00,data/resultados_reais.csv
90,2026-07-04T15:00:00+00:00,official_result,52,2026-06-24T22:30:00+00:00,data/resultados_reais.csv
90,2026-07-04T15:00:00+00:00,official_result,49,2026-06-25T01:30:00+00:00,data/resultados_reais.csv
90,2026-07-04T15:00:00+00:00,official_result,50,2026-06-25T01:30:00+00:00,data/resultados_reais.csv
90,2026-07-04T15:00:00+00:00,official_result,53,2026-06-25T04:30:00+00:00,data/resultados_reais.csv
90,2026-07-04T15:00:00+00:00,official_result,54,2026-06-25T04:30:00+00:00,data/resultados_reais.csv
90,2026-07-04T15:00:00+00:00,official_result,55,2026-06-25T23:30:00+00:00,data/resultados_reais.csv
90,2026-07-04T15:00:00+00:00,official_result,56,2026-06-25T23:30:00+00:00,data/resultados_reais.csv
90,2026-07-04T15:00:00+00:00,official_result,57,2026-06-26T02:30:00+00:00,data/resultados_reais.csv
90,2026-07-04T15:00:00+00:00,official_result,58,2026-06-26T02:30:00+00:00,data/resultados_reais.csv
90,2026-07-04T15:00:00+00:00,official_result,59,2026-06-26T05:30:00+00:00,data/resultados_reais.csv
90,2026-07-04T15:00:00+00:00,official_result,60,2026-06-26T05:30:00+00:00,data/resultados_reais.csv
90,2026-07-04T15:00:00+00:00,official_result,61,2026-06-26T22:30:00+00:00,data/resultados_reais.csv
90,2026-07-04T15:00:00+00:00,official_result,62,2026-06-26T22:30:00+00:00,data/resultados_reais.csv
90,2026-07-04T15:00:00+00:00,official_result,65,2026-06-27T03:30:00+00:00,data/resultados_reais.csv
90,2026-07-04T15:00:00+00:00,official_result,66,2026-06-27T03:30:00+00:00,data/resultados_reais.csv
90,2026-07-04T15:00:00+00:00,official_result,63,2026-06-27T06:30:00+00:00,data/resultados_reais.csv
90,2026-07-04T15:00:00+00:00,official_result,64,2026-06-27T06:30:00+00:00,data/resultados_reais.csv
90,2026-07-04T15:00:00+00:00,official_result,67,2026-06-28T00:30:00+00:00,data/resultados_reais.csv
90,2026-07-04T15:00:00+00:00,official_result,68,2026-06-28T00:30:00+00:00,data/resultados_reais.csv
90,2026-07-04T15:00:00+00:00,official_result,71,2026-06-28T03:00:00+00:00,data/resultados_reais.csv
90,2026-07-04T15:00:00+00:00,official_result,72,2026-06-28T03:00:00+00:00,data/resultados_reais.csv
90,2026-07-04T15:00:00+00:00,official_result,69,2026-06-28T05:30:00+00:00,data/resultados_reais.csv
90,2026-07-04T15:00:00+00:00,official_result,70,2026-06-28T05:30:00+00:00,data/resultados_reais.csv
90,2026-07-04T15:00:00+00:00,official_result,73,2026-06-28T23:30:00+00:00,data/resultados_reais.csv
90,2026-07-04T15:00:00+00:00,official_result,76,2026-06-29T21:30:00+00:00,data/resultados_reais.csv
90,2026-07-04T15:00:00+00:00,official_result,74,2026-06-30T01:00:00+00:00,data/resultados_reais.csv
90,2026-07-04T15:00:00+00:00,official_result,75,2026-06-30T05:30:00+00:00,data/resultados_reais.csv
90,2026-07-04T15:00:00+00:00,official_result,78,2026-06-30T21:30:00+00:00,data/resultados_reais.csv
90,2026-07-04T15:00:00+00:00,official_result,77,2026-07-01T01:30:00+00:00,data/resultados_reais.csv
90,2026-07-04T15:00:00+00:00,official_result,79,2026-07-01T05:30:00+00:00,data/resultados_reais.csv
90,2026-07-04T15:00:00+00:00,official_result,80,2026-07-01T20:30:00+00:00,data/resultados_reais.csv
90,2026-07-04T15:00:00+00:00,official_result,82,2026-07-02T00:30:00+00:00,data/resultados_reais.csv
90,2026-07-04T15:00:00+00:00,official_result,81,2026-07-02T04:30:00+00:00,data/resultados_reais.csv
90,2026-07-04T15:00:00+00:00,official_result,84,2026-07-02T23:30:00+00:00,data/resultados_reais.csv
90,2026-07-04T15:00:00+00:00,official_result,83,2026-07-03T03:30:00+00:00,data/resultados_reais.csv
90,2026-07-04T15:00:00+00:00,official_result,85,2026-07-03T07:30:00+00:00,data/resultados_reais.csv
90,2026-07-04T15:00:00+00:00,official_result,88,2026-07-03T22:30:00+00:00,data/resultados_reais.csv
90,2026-07-04T15:00:00+00:00,official_result,86,2026-07-04T02:30:00+00:00,data/resultados_reais.csv
90,2026-07-04T15:00:00+00:00,official_result,87,2026-07-04T06:00:00+00:00,data/resultados_reais.csv
89,2026-07-04T19:00:00+00:00,team_profile,Paraguai,2026-06-11T03:59:59+00:00,data/pre_worldcup_state/teams.csv
89,2026-07-04T19:00:00+00:00,team_profile,França,2026-06-11T03:59:59+00:00,data/pre_worldcup_state/teams.csv
89,2026-07-04T19:00:00+00:00,fixture,89,2026-07-01T01:30:00+00:00,data/temporal/matches_timeline.csv
89,2026-07-04T19:00:00+00:00,official_result,1,2026-06-11T22:30:00+00:00,data/resultados_reais.csv
89,2026-07-04T19:00:00+00:00,official_result,2,2026-06-12T05:30:00+00:00,data/resultados_reais.csv
89,2026-07-04T19:00:00+00:00,official_result,3,2026-06-12T22:30:00+00:00,data/resultados_reais.csv
89,2026-07-04T19:00:00+00:00,official_result,4,2026-06-13T04:30:00+00:00,data/resultados_reais.csv
89,2026-07-04T19:00:00+00:00,official_result,8,2026-06-13T22:30:00+00:00,data/resultados_reais.csv
89,2026-07-04T19:00:00+00:00,official_result,7,2026-06-14T01:30:00+00:00,data/resultados_reais.csv
89,2026-07-04T19:00:00+00:00,official_result,5,2026-06-14T04:30:00+00:00,data/resultados_reais.csv
89,2026-07-04T19:00:00+00:00,official_result,6,2026-06-14T07:30:00+00:00,data/resultados_reais.csv
89,2026-07-04T19:00:00+00:00,official_result,10,2026-06-14T20:30:00+00:00,data/resultados_reais.csv
89,2026-07-04T19:00:00+00:00,official_result,11,2026-06-14T23:30:00+00:00,data/resultados_reais.csv
89,2026-07-04T19:00:00+00:00,official_result,9,2026-06-15T02:30:00+00:00,data/resultados_reais.csv
89,2026-07-04T19:00:00+00:00,official_result,12,2026-06-15T05:30:00+00:00,data/resultados_reais.csv
89,2026-07-04T19:00:00+00:00,official_result,14,2026-06-15T19:30:00+00:00,data/resultados_reais.csv
89,2026-07-04T19:00:00+00:00,official_result,16,2026-06-15T22:30:00+00:00,data/resultados_reais.csv
89,2026-07-04T19:00:00+00:00,official_result,13,2026-06-16T01:30:00+00:00,data/resultados_reais.csv
89,2026-07-04T19:00:00+00:00,official_result,15,2026-06-16T04:30:00+00:00,data/resultados_reais.csv
89,2026-07-04T19:00:00+00:00,official_result,17,2026-06-16T22:30:00+00:00,data/resultados_reais.csv
89,2026-07-04T19:00:00+00:00,official_result,18,2026-06-17T01:30:00+00:00,data/resultados_reais.csv
89,2026-07-04T19:00:00+00:00,official_result,19,2026-06-17T04:30:00+00:00,data/resultados_reais.csv
89,2026-07-04T19:00:00+00:00,official_result,20,2026-06-17T07:30:00+00:00,data/resultados_reais.csv
89,2026-07-04T19:00:00+00:00,official_result,23,2026-06-17T20:30:00+00:00,data/resultados_reais.csv
89,2026-07-04T19:00:00+00:00,official_result,22,2026-06-17T23:30:00+00:00,data/resultados_reais.csv
89,2026-07-04T19:00:00+00:00,official_result,21,2026-06-18T02:30:00+00:00,data/resultados_reais.csv
89,2026-07-04T19:00:00+00:00,official_result,24,2026-06-18T05:30:00+00:00,data/resultados_reais.csv
89,2026-07-04T19:00:00+00:00,official_result,25,2026-06-18T19:30:00+00:00,data/resultados_reais.csv
89,2026-07-04T19:00:00+00:00,official_result,26,2026-06-18T22:30:00+00:00,data/resultados_reais.csv
89,2026-07-04T19:00:00+00:00,official_result,27,2026-06-19T01:30:00+00:00,data/resultados_reais.csv
89,2026-07-04T19:00:00+00:00,official_result,28,2026-06-19T04:30:00+00:00,data/resultados_reais.csv
89,2026-07-04T19:00:00+00:00,official_result,32,2026-06-19T22:30:00+00:00,data/resultados_reais.csv
89,2026-07-04T19:00:00+00:00,official_result,30,2026-06-20T01:30:00+00:00,data/resultados_reais.csv
89,2026-07-04T19:00:00+00:00,official_result,29,2026-06-20T04:30:00+00:00,data/resultados_reais.csv
89,2026-07-04T19:00:00+00:00,official_result,31,2026-06-20T06:30:00+00:00,data/resultados_reais.csv
89,2026-07-04T19:00:00+00:00,official_result,35,2026-06-20T20:30:00+00:00,data/resultados_reais.csv
89,2026-07-04T19:00:00+00:00,official_result,33,2026-06-20T23:30:00+00:00,data/resultados_reais.csv
89,2026-07-04T19:00:00+00:00,official_result,34,2026-06-21T03:30:00+00:00,data/resultados_reais.csv
89,2026-07-04T19:00:00+00:00,official_result,36,2026-06-21T07:30:00+00:00,data/resultados_reais.csv
89,2026-07-04T19:00:00+00:00,official_result,38,2026-06-21T19:30:00+00:00,data/resultados_reais.csv
89,2026-07-04T19:00:00+00:00,official_result,39,2026-06-21T22:30:00+00:00,data/resultados_reais.csv
89,2026-07-04T19:00:00+00:00,official_result,37,2026-06-22T01:30:00+00:00,data/resultados_reais.csv
89,2026-07-04T19:00:00+00:00,official_result,40,2026-06-22T04:30:00+00:00,data/resultados_reais.csv
89,2026-07-04T19:00:00+00:00,official_result,43,2026-06-22T20:30:00+00:00,data/resultados_reais.csv
89,2026-07-04T19:00:00+00:00,official_result,42,2026-06-23T00:30:00+00:00,data/resultados_reais.csv
89,2026-07-04T19:00:00+00:00,official_result,41,2026-06-23T03:30:00+00:00,data/resultados_reais.csv
89,2026-07-04T19:00:00+00:00,official_result,44,2026-06-23T06:30:00+00:00,data/resultados_reais.csv
89,2026-07-04T19:00:00+00:00,official_result,47,2026-06-23T20:30:00+00:00,data/resultados_reais.csv
89,2026-07-04T19:00:00+00:00,official_result,45,2026-06-23T23:30:00+00:00,data/resultados_reais.csv
89,2026-07-04T19:00:00+00:00,official_result,46,2026-06-24T02:30:00+00:00,data/resultados_reais.csv
89,2026-07-04T19:00:00+00:00,official_result,48,2026-06-24T05:30:00+00:00,data/resultados_reais.csv
89,2026-07-04T19:00:00+00:00,official_result,51,2026-06-24T22:30:00+00:00,data/resultados_reais.csv
89,2026-07-04T19:00:00+00:00,official_result,52,2026-06-24T22:30:00+00:00,data/resultados_reais.csv
89,2026-07-04T19:00:00+00:00,official_result,49,2026-06-25T01:30:00+00:00,data/resultados_reais.csv
89,2026-07-04T19:00:00+00:00,official_result,50,2026-06-25T01:30:00+00:00,data/resultados_reais.csv
89,2026-07-04T19:00:00+00:00,official_result,53,2026-06-25T04:30:00+00:00,data/resultados_reais.csv
89,2026-07-04T19:00:00+00:00,official_result,54,2026-06-25T04:30:00+00:00,data/resultados_reais.csv
89,2026-07-04T19:00:00+00:00,official_result,55,2026-06-25T23:30:00+00:00,data/resultados_reais.csv
89,2026-07-04T19:00:00+00:00,official_result,56,2026-06-25T23:30:00+00:00,data/resultados_reais.csv
89,2026-07-04T19:00:00+00:00,official_result,57,2026-06-26T02:30:00+00:00,data/resultados_reais.csv
89,2026-07-04T19:00:00+00:00,official_result,58,2026-06-26T02:30:00+00:00,data/resultados_reais.csv
89,2026-07-04T19:00:00+00:00,official_result,59,2026-06-26T05:30:00+00:00,data/resultados_reais.csv
89,2026-07-04T19:00:00+00:00,official_result,60,2026-06-26T05:30:00+00:00,data/resultados_reais.csv
89,2026-07-04T19:00:00+00:00,official_result,61,2026-06-26T22:30:00+00:00,data/resultados_reais.csv
89,2026-07-04T19:00:00+00:00,official_result,62,2026-06-26T22:30:00+00:00,data/resultados_reais.csv
89,2026-07-04T19:00:00+00:00,official_result,65,2026-06-27T03:30:00+00:00,data/resultados_reais.csv
89,2026-07-04T19:00:00+00:00,official_result,66,2026-06-27T03:30:00+00:00,data/resultados_reais.csv
89,2026-07-04T19:00:00+00:00,official_result,63,2026-06-27T06:30:00+00:00,data/resultados_reais.csv
89,2026-07-04T19:00:00+00:00,official_result,64,2026-06-27T06:30:00+00:00,data/resultados_reais.csv
89,2026-07-04T19:00:00+00:00,official_result,67,2026-06-28T00:30:00+00:00,data/resultados_reais.csv
89,2026-07-04T19:00:00+00:00,official_result,68,2026-06-28T00:30:00+00:00,data/resultados_reais.csv
89,2026-07-04T19:00:00+00:00,official_result,71,2026-06-28T03:00:00+00:00,data/resultados_reais.csv
89,2026-07-04T19:00:00+00:00,official_result,72,2026-06-28T03:00:00+00:00,data/resultados_reais.csv
89,2026-07-04T19:00:00+00:00,official_result,69,2026-06-28T05:30:00+00:00,data/resultados_reais.csv
89,2026-07-04T19:00:00+00:00,official_result,70,2026-06-28T05:30:00+00:00,data/resultados_reais.csv
89,2026-07-04T19:00:00+00:00,official_result,73,2026-06-28T23:30:00+00:00,data/resultados_reais.csv
89,2026-07-04T19:00:00+00:00,official_result,76,2026-06-29T21:30:00+00:00,data/resultados_reais.csv
89,2026-07-04T19:00:00+00:00,official_result,74,2026-06-30T01:00:00+00:00,data/resultados_reais.csv
89,2026-07-04T19:00:00+00:00,official_result,75,2026-06-30T05:30:00+00:00,data/resultados_reais.csv
89,2026-07-04T19:00:00+00:00,official_result,78,2026-06-30T21:30:00+00:00,data/resultados_reais.csv
89,2026-07-04T19:00:00+00:00,official_result,77,2026-07-01T01:30:00+00:00,data/resultados_reais.csv
89,2026-07-04T19:00:00+00:00,official_result,79,2026-07-01T05:30:00+00:00,data/resultados_reais.csv
89,2026-07-04T19:00:00+00:00,official_result,80,2026-07-01T20:30:00+00:00,data/resultados_reais.csv
89,2026-07-04T19:00:00+00:00,official_result,82,2026-07-02T00:30:00+00:00,data/resultados_reais.csv
89,2026-07-04T19:00:00+00:00,official_result,81,2026-07-02T04:30:00+00:00,data/resultados_reais.csv
89,2026-07-04T19:00:00+00:00,official_result,84,2026-07-02T23:30:00+00:00,data/resultados_reais.csv
89,2026-07-04T19:00:00+00:00,official_result,83,2026-07-03T03:30:00+00:00,data/resultados_reais.csv
89,2026-07-04T19:00:00+00:00,official_result,85,2026-07-03T07:30:00+00:00,data/resultados_reais.csv
89,2026-07-04T19:00:00+00:00,official_result,88,2026-07-03T22:30:00+00:00,data/resultados_reais.csv
89,2026-07-04T19:00:00+00:00,official_result,86,2026-07-04T02:30:00+00:00,data/resultados_reais.csv
89,2026-07-04T19:00:00+00:00,official_result,87,2026-07-04T06:00:00+00:00,data/resultados_reais.csv
91,2026-07-05T18:00:00+00:00,team_profile,Brasil,2026-06-11T03:59:59+00:00,data/pre_worldcup_state/teams.csv
91,2026-07-05T18:00:00+00:00,team_profile,Noruega,2026-06-11T03:59:59+00:00,data/pre_worldcup_state/teams.csv
91,2026-07-05T18:00:00+00:00,fixture,91,2026-06-30T21:30:00+00:00,data/temporal/matches_timeline.csv
91,2026-07-05T18:00:00+00:00,official_result,1,2026-06-11T22:30:00+00:00,data/resultados_reais.csv
91,2026-07-05T18:00:00+00:00,official_result,2,2026-06-12T05:30:00+00:00,data/resultados_reais.csv
91,2026-07-05T18:00:00+00:00,official_result,3,2026-06-12T22:30:00+00:00,data/resultados_reais.csv
91,2026-07-05T18:00:00+00:00,official_result,4,2026-06-13T04:30:00+00:00,data/resultados_reais.csv
91,2026-07-05T18:00:00+00:00,official_result,8,2026-06-13T22:30:00+00:00,data/resultados_reais.csv
91,2026-07-05T18:00:00+00:00,official_result,7,2026-06-14T01:30:00+00:00,data/resultados_reais.csv
91,2026-07-05T18:00:00+00:00,official_result,5,2026-06-14T04:30:00+00:00,data/resultados_reais.csv
91,2026-07-05T18:00:00+00:00,official_result,6,2026-06-14T07:30:00+00:00,data/resultados_reais.csv
91,2026-07-05T18:00:00+00:00,official_result,10,2026-06-14T20:30:00+00:00,data/resultados_reais.csv
91,2026-07-05T18:00:00+00:00,official_result,11,2026-06-14T23:30:00+00:00,data/resultados_reais.csv
91,2026-07-05T18:00:00+00:00,official_result,9,2026-06-15T02:30:00+00:00,data/resultados_reais.csv
91,2026-07-05T18:00:00+00:00,official_result,12,2026-06-15T05:30:00+00:00,data/resultados_reais.csv
91,2026-07-05T18:00:00+00:00,official_result,14,2026-06-15T19:30:00+00:00,data/resultados_reais.csv
91,2026-07-05T18:00:00+00:00,official_result,16,2026-06-15T22:30:00+00:00,data/resultados_reais.csv
91,2026-07-05T18:00:00+00:00,official_result,13,2026-06-16T01:30:00+00:00,data/resultados_reais.csv
91,2026-07-05T18:00:00+00:00,official_result,15,2026-06-16T04:30:00+00:00,data/resultados_reais.csv
91,2026-07-05T18:00:00+00:00,official_result,17,2026-06-16T22:30:00+00:00,data/resultados_reais.csv
91,2026-07-05T18:00:00+00:00,official_result,18,2026-06-17T01:30:00+00:00,data/resultados_reais.csv
91,2026-07-05T18:00:00+00:00,official_result,19,2026-06-17T04:30:00+00:00,data/resultados_reais.csv
91,2026-07-05T18:00:00+00:00,official_result,20,2026-06-17T07:30:00+00:00,data/resultados_reais.csv
91,2026-07-05T18:00:00+00:00,official_result,23,2026-06-17T20:30:00+00:00,data/resultados_reais.csv
91,2026-07-05T18:00:00+00:00,official_result,22,2026-06-17T23:30:00+00:00,data/resultados_reais.csv
91,2026-07-05T18:00:00+00:00,official_result,21,2026-06-18T02:30:00+00:00,data/resultados_reais.csv
91,2026-07-05T18:00:00+00:00,official_result,24,2026-06-18T05:30:00+00:00,data/resultados_reais.csv
91,2026-07-05T18:00:00+00:00,official_result,25,2026-06-18T19:30:00+00:00,data/resultados_reais.csv
91,2026-07-05T18:00:00+00:00,official_result,26,2026-06-18T22:30:00+00:00,data/resultados_reais.csv
91,2026-07-05T18:00:00+00:00,official_result,27,2026-06-19T01:30:00+00:00,data/resultados_reais.csv
91,2026-07-05T18:00:00+00:00,official_result,28,2026-06-19T04:30:00+00:00,data/resultados_reais.csv
91,2026-07-05T18:00:00+00:00,official_result,32,2026-06-19T22:30:00+00:00,data/resultados_reais.csv
91,2026-07-05T18:00:00+00:00,official_result,30,2026-06-20T01:30:00+00:00,data/resultados_reais.csv
91,2026-07-05T18:00:00+00:00,official_result,29,2026-06-20T04:30:00+00:00,data/resultados_reais.csv
91,2026-07-05T18:00:00+00:00,official_result,31,2026-06-20T06:30:00+00:00,data/resultados_reais.csv
91,2026-07-05T18:00:00+00:00,official_result,35,2026-06-20T20:30:00+00:00,data/resultados_reais.csv
91,2026-07-05T18:00:00+00:00,official_result,33,2026-06-20T23:30:00+00:00,data/resultados_reais.csv
91,2026-07-05T18:00:00+00:00,official_result,34,2026-06-21T03:30:00+00:00,data/resultados_reais.csv
91,2026-07-05T18:00:00+00:00,official_result,36,2026-06-21T07:30:00+00:00,data/resultados_reais.csv
91,2026-07-05T18:00:00+00:00,official_result,38,2026-06-21T19:30:00+00:00,data/resultados_reais.csv
91,2026-07-05T18:00:00+00:00,official_result,39,2026-06-21T22:30:00+00:00,data/resultados_reais.csv
91,2026-07-05T18:00:00+00:00,official_result,37,2026-06-22T01:30:00+00:00,data/resultados_reais.csv
91,2026-07-05T18:00:00+00:00,official_result,40,2026-06-22T04:30:00+00:00,data/resultados_reais.csv
91,2026-07-05T18:00:00+00:00,official_result,43,2026-06-22T20:30:00+00:00,data/resultados_reais.csv
91,2026-07-05T18:00:00+00:00,official_result,42,2026-06-23T00:30:00+00:00,data/resultados_reais.csv
91,2026-07-05T18:00:00+00:00,official_result,41,2026-06-23T03:30:00+00:00,data/resultados_reais.csv
91,2026-07-05T18:00:00+00:00,official_result,44,2026-06-23T06:30:00+00:00,data/resultados_reais.csv
91,2026-07-05T18:00:00+00:00,official_result,47,2026-06-23T20:30:00+00:00,data/resultados_reais.csv
91,2026-07-05T18:00:00+00:00,official_result,45,2026-06-23T23:30:00+00:00,data/resultados_reais.csv
91,2026-07-05T18:00:00+00:00,official_result,46,2026-06-24T02:30:00+00:00,data/resultados_reais.csv
91,2026-07-05T18:00:00+00:00,official_result,48,2026-06-24T05:30:00+00:00,data/resultados_reais.csv
91,2026-07-05T18:00:00+00:00,official_result,51,2026-06-24T22:30:00+00:00,data/resultados_reais.csv
91,2026-07-05T18:00:00+00:00,official_result,52,2026-06-24T22:30:00+00:00,data/resultados_reais.csv
91,2026-07-05T18:00:00+00:00,official_result,49,2026-06-25T01:30:00+00:00,data/resultados_reais.csv
91,2026-07-05T18:00:00+00:00,official_result,50,2026-06-25T01:30:00+00:00,data/resultados_reais.csv
91,2026-07-05T18:00:00+00:00,official_result,53,2026-06-25T04:30:00+00:00,data/resultados_reais.csv
91,2026-07-05T18:00:00+00:00,official_result,54,2026-06-25T04:30:00+00:00,data/resultados_reais.csv
91,2026-07-05T18:00:00+00:00,official_result,55,2026-06-25T23:30:00+00:00,data/resultados_reais.csv
91,2026-07-05T18:00:00+00:00,official_result,56,2026-06-25T23:30:00+00:00,data/resultados_reais.csv
91,2026-07-05T18:00:00+00:00,official_result,57,2026-06-26T02:30:00+00:00,data/resultados_reais.csv
91,2026-07-05T18:00:00+00:00,official_result,58,2026-06-26T02:30:00+00:00,data/resultados_reais.csv
91,2026-07-05T18:00:00+00:00,official_result,59,2026-06-26T05:30:00+00:00,data/resultados_reais.csv
91,2026-07-05T18:00:00+00:00,official_result,60,2026-06-26T05:30:00+00:00,data/resultados_reais.csv
91,2026-07-05T18:00:00+00:00,official_result,61,2026-06-26T22:30:00+00:00,data/resultados_reais.csv
91,2026-07-05T18:00:00+00:00,official_result,62,2026-06-26T22:30:00+00:00,data/resultados_reais.csv
91,2026-07-05T18:00:00+00:00,official_result,65,2026-06-27T03:30:00+00:00,data/resultados_reais.csv
91,2026-07-05T18:00:00+00:00,official_result,66,2026-06-27T03:30:00+00:00,data/resultados_reais.csv
91,2026-07-05T18:00:00+00:00,official_result,63,2026-06-27T06:30:00+00:00,data/resultados_reais.csv
91,2026-07-05T18:00:00+00:00,official_result,64,2026-06-27T06:30:00+00:00,data/resultados_reais.csv
91,2026-07-05T18:00:00+00:00,official_result,67,2026-06-28T00:30:00+00:00,data/resultados_reais.csv
91,2026-07-05T18:00:00+00:00,official_result,68,2026-06-28T00:30:00+00:00,data/resultados_reais.csv
91,2026-07-05T18:00:00+00:00,official_result,71,2026-06-28T03:00:00+00:00,data/resultados_reais.csv
91,2026-07-05T18:00:00+00:00,official_result,72,2026-06-28T03:00:00+00:00,data/resultados_reais.csv
91,2026-07-05T18:00:00+00:00,official_result,69,2026-06-28T05:30:00+00:00,data/resultados_reais.csv
91,2026-07-05T18:00:00+00:00,official_result,70,2026-06-28T05:30:00+00:00,data/resultados_reais.csv
91,2026-07-05T18:00:00+00:00,official_result,73,2026-06-28T23:30:00+00:00,data/resultados_reais.csv
91,2026-07-05T18:00:00+00:00,official_result,76,2026-06-29T21:30:00+00:00,data/resultados_reais.csv
91,2026-07-05T18:00:00+00:00,official_result,74,2026-06-30T01:00:00+00:00,data/resultados_reais.csv
91,2026-07-05T18:00:00+00:00,official_result,75,2026-06-30T05:30:00+00:00,data/resultados_reais.csv
91,2026-07-05T18:00:00+00:00,official_result,78,2026-06-30T21:30:00+00:00,data/resultados_reais.csv
91,2026-07-05T18:00:00+00:00,official_result,77,2026-07-01T01:30:00+00:00,data/resultados_reais.csv
91,2026-07-05T18:00:00+00:00,official_result,79,2026-07-01T05:30:00+00:00,data/resultados_reais.csv
91,2026-07-05T18:00:00+00:00,official_result,80,2026-07-01T20:30:00+00:00,data/resultados_reais.csv
91,2026-07-05T18:00:00+00:00,official_result,82,2026-07-02T00:30:00+00:00,data/resultados_reais.csv
91,2026-07-05T18:00:00+00:00,official_result,81,2026-07-02T04:30:00+00:00,data/resultados_reais.csv
91,2026-07-05T18:00:00+00:00,official_result,84,2026-07-02T23:30:00+00:00,data/resultados_reais.csv
91,2026-07-05T18:00:00+00:00,official_result,83,2026-07-03T03:30:00+00:00,data/resultados_reais.csv
91,2026-07-05T18:00:00+00:00,official_result,85,2026-07-03T07:30:00+00:00,data/resultados_reais.csv
91,2026-07-05T18:00:00+00:00,official_result,88,2026-07-03T22:30:00+00:00,data/resultados_reais.csv
91,2026-07-05T18:00:00+00:00,official_result,86,2026-07-04T02:30:00+00:00,data/resultados_reais.csv
91,2026-07-05T18:00:00+00:00,official_result,87,2026-07-04T06:00:00+00:00,data/resultados_reais.csv
91,2026-07-05T18:00:00+00:00,official_result,90,2026-07-04T21:30:00+00:00,data/resultados_reais.csv
91,2026-07-05T18:00:00+00:00,official_result,89,2026-07-05T01:30:00+00:00,data/resultados_reais.csv
92,2026-07-05T22:00:00+00:00,team_profile,México,2026-06-11T03:59:59+00:00,data/pre_worldcup_state/teams.csv
92,2026-07-05T22:00:00+00:00,team_profile,Inglaterra,2026-06-11T03:59:59+00:00,data/pre_worldcup_state/teams.csv
92,2026-07-05T22:00:00+00:00,fixture,92,2026-07-01T20:30:00+00:00,data/temporal/matches_timeline.csv
92,2026-07-05T22:00:00+00:00,official_result,1,2026-06-11T22:30:00+00:00,data/resultados_reais.csv
92,2026-07-05T22:00:00+00:00,official_result,2,2026-06-12T05:30:00+00:00,data/resultados_reais.csv
92,2026-07-05T22:00:00+00:00,official_result,3,2026-06-12T22:30:00+00:00,data/resultados_reais.csv
92,2026-07-05T22:00:00+00:00,official_result,4,2026-06-13T04:30:00+00:00,data/resultados_reais.csv
92,2026-07-05T22:00:00+00:00,official_result,8,2026-06-13T22:30:00+00:00,data/resultados_reais.csv
92,2026-07-05T22:00:00+00:00,official_result,7,2026-06-14T01:30:00+00:00,data/resultados_reais.csv
92,2026-07-05T22:00:00+00:00,official_result,5,2026-06-14T04:30:00+00:00,data/resultados_reais.csv
92,2026-07-05T22:00:00+00:00,official_result,6,2026-06-14T07:30:00+00:00,data/resultados_reais.csv
92,2026-07-05T22:00:00+00:00,official_result,10,2026-06-14T20:30:00+00:00,data/resultados_reais.csv
92,2026-07-05T22:00:00+00:00,official_result,11,2026-06-14T23:30:00+00:00,data/resultados_reais.csv
92,2026-07-05T22:00:00+00:00,official_result,9,2026-06-15T02:30:00+00:00,data/resultados_reais.csv
92,2026-07-05T22:00:00+00:00,official_result,12,2026-06-15T05:30:00+00:00,data/resultados_reais.csv
92,2026-07-05T22:00:00+00:00,official_result,14,2026-06-15T19:30:00+00:00,data/resultados_reais.csv
92,2026-07-05T22:00:00+00:00,official_result,16,2026-06-15T22:30:00+00:00,data/resultados_reais.csv
92,2026-07-05T22:00:00+00:00,official_result,13,2026-06-16T01:30:00+00:00,data/resultados_reais.csv
92,2026-07-05T22:00:00+00:00,official_result,15,2026-06-16T04:30:00+00:00,data/resultados_reais.csv
92,2026-07-05T22:00:00+00:00,official_result,17,2026-06-16T22:30:00+00:00,data/resultados_reais.csv
92,2026-07-05T22:00:00+00:00,official_result,18,2026-06-17T01:30:00+00:00,data/resultados_reais.csv
92,2026-07-05T22:00:00+00:00,official_result,19,2026-06-17T04:30:00+00:00,data/resultados_reais.csv
92,2026-07-05T22:00:00+00:00,official_result,20,2026-06-17T07:30:00+00:00,data/resultados_reais.csv
92,2026-07-05T22:00:00+00:00,official_result,23,2026-06-17T20:30:00+00:00,data/resultados_reais.csv
92,2026-07-05T22:00:00+00:00,official_result,22,2026-06-17T23:30:00+00:00,data/resultados_reais.csv
92,2026-07-05T22:00:00+00:00,official_result,21,2026-06-18T02:30:00+00:00,data/resultados_reais.csv
92,2026-07-05T22:00:00+00:00,official_result,24,2026-06-18T05:30:00+00:00,data/resultados_reais.csv
92,2026-07-05T22:00:00+00:00,official_result,25,2026-06-18T19:30:00+00:00,data/resultados_reais.csv
92,2026-07-05T22:00:00+00:00,official_result,26,2026-06-18T22:30:00+00:00,data/resultados_reais.csv
92,2026-07-05T22:00:00+00:00,official_result,27,2026-06-19T01:30:00+00:00,data/resultados_reais.csv
92,2026-07-05T22:00:00+00:00,official_result,28,2026-06-19T04:30:00+00:00,data/resultados_reais.csv
92,2026-07-05T22:00:00+00:00,official_result,32,2026-06-19T22:30:00+00:00,data/resultados_reais.csv
92,2026-07-05T22:00:00+00:00,official_result,30,2026-06-20T01:30:00+00:00,data/resultados_reais.csv
92,2026-07-05T22:00:00+00:00,official_result,29,2026-06-20T04:30:00+00:00,data/resultados_reais.csv
92,2026-07-05T22:00:00+00:00,official_result,31,2026-06-20T06:30:00+00:00,data/resultados_reais.csv
92,2026-07-05T22:00:00+00:00,official_result,35,2026-06-20T20:30:00+00:00,data/resultados_reais.csv
92,2026-07-05T22:00:00+00:00,official_result,33,2026-06-20T23:30:00+00:00,data/resultados_reais.csv
92,2026-07-05T22:00:00+00:00,official_result,34,2026-06-21T03:30:00+00:00,data/resultados_reais.csv
92,2026-07-05T22:00:00+00:00,official_result,36,2026-06-21T07:30:00+00:00,data/resultados_reais.csv
92,2026-07-05T22:00:00+00:00,official_result,38,2026-06-21T19:30:00+00:00,data/resultados_reais.csv
92,2026-07-05T22:00:00+00:00,official_result,39,2026-06-21T22:30:00+00:00,data/resultados_reais.csv
92,2026-07-05T22:00:00+00:00,official_result,37,2026-06-22T01:30:00+00:00,data/resultados_reais.csv
92,2026-07-05T22:00:00+00:00,official_result,40,2026-06-22T04:30:00+00:00,data/resultados_reais.csv
92,2026-07-05T22:00:00+00:00,official_result,43,2026-06-22T20:30:00+00:00,data/resultados_reais.csv
92,2026-07-05T22:00:00+00:00,official_result,42,2026-06-23T00:30:00+00:00,data/resultados_reais.csv
92,2026-07-05T22:00:00+00:00,official_result,41,2026-06-23T03:30:00+00:00,data/resultados_reais.csv
92,2026-07-05T22:00:00+00:00,official_result,44,2026-06-23T06:30:00+00:00,data/resultados_reais.csv
92,2026-07-05T22:00:00+00:00,official_result,47,2026-06-23T20:30:00+00:00,data/resultados_reais.csv
92,2026-07-05T22:00:00+00:00,official_result,45,2026-06-23T23:30:00+00:00,data/resultados_reais.csv
92,2026-07-05T22:00:00+00:00,official_result,46,2026-06-24T02:30:00+00:00,data/resultados_reais.csv
92,2026-07-05T22:00:00+00:00,official_result,48,2026-06-24T05:30:00+00:00,data/resultados_reais.csv
92,2026-07-05T22:00:00+00:00,official_result,51,2026-06-24T22:30:00+00:00,data/resultados_reais.csv
92,2026-07-05T22:00:00+00:00,official_result,52,2026-06-24T22:30:00+00:00,data/resultados_reais.csv
92,2026-07-05T22:00:00+00:00,official_result,49,2026-06-25T01:30:00+00:00,data/resultados_reais.csv
92,2026-07-05T22:00:00+00:00,official_result,50,2026-06-25T01:30:00+00:00,data/resultados_reais.csv
92,2026-07-05T22:00:00+00:00,official_result,53,2026-06-25T04:30:00+00:00,data/resultados_reais.csv
92,2026-07-05T22:00:00+00:00,official_result,54,2026-06-25T04:30:00+00:00,data/resultados_reais.csv
92,2026-07-05T22:00:00+00:00,official_result,55,2026-06-25T23:30:00+00:00,data/resultados_reais.csv
92,2026-07-05T22:00:00+00:00,official_result,56,2026-06-25T23:30:00+00:00,data/resultados_reais.csv
92,2026-07-05T22:00:00+00:00,official_result,57,2026-06-26T02:30:00+00:00,data/resultados_reais.csv
92,2026-07-05T22:00:00+00:00,official_result,58,2026-06-26T02:30:00+00:00,data/resultados_reais.csv
92,2026-07-05T22:00:00+00:00,official_result,59,2026-06-26T05:30:00+00:00,data/resultados_reais.csv
92,2026-07-05T22:00:00+00:00,official_result,60,2026-06-26T05:30:00+00:00,data/resultados_reais.csv
92,2026-07-05T22:00:00+00:00,official_result,61,2026-06-26T22:30:00+00:00,data/resultados_reais.csv
92,2026-07-05T22:00:00+00:00,official_result,62,2026-06-26T22:30:00+00:00,data/resultados_reais.csv
92,2026-07-05T22:00:00+00:00,official_result,65,2026-06-27T03:30:00+00:00,data/resultados_reais.csv
92,2026-07-05T22:00:00+00:00,official_result,66,2026-06-27T03:30:00+00:00,data/resultados_reais.csv
92,2026-07-05T22:00:00+00:00,official_result,63,2026-06-27T06:30:00+00:00,data/resultados_reais.csv
92,2026-07-05T22:00:00+00:00,official_result,64,2026-06-27T06:30:00+00:00,data/resultados_reais.csv
92,2026-07-05T22:00:00+00:00,official_result,67,2026-06-28T00:30:00+00:00,data/resultados_reais.csv
92,2026-07-05T22:00:00+00:00,official_result,68,2026-06-28T00:30:00+00:00,data/resultados_reais.csv
92,2026-07-05T22:00:00+00:00,official_result,71,2026-06-28T03:00:00+00:00,data/resultados_reais.csv
92,2026-07-05T22:00:00+00:00,official_result,72,2026-06-28T03:00:00+00:00,data/resultados_reais.csv
92,2026-07-05T22:00:00+00:00,official_result,69,2026-06-28T05:30:00+00:00,data/resultados_reais.csv
92,2026-07-05T22:00:00+00:00,official_result,70,2026-06-28T05:30:00+00:00,data/resultados_reais.csv
92,2026-07-05T22:00:00+00:00,official_result,73,2026-06-28T23:30:00+00:00,data/resultados_reais.csv
92,2026-07-05T22:00:00+00:00,official_result,76,2026-06-29T21:30:00+00:00,data/resultados_reais.csv
92,2026-07-05T22:00:00+00:00,official_result,74,2026-06-30T01:00:00+00:00,data/resultados_reais.csv
92,2026-07-05T22:00:00+00:00,official_result,75,2026-06-30T05:30:00+00:00,data/resultados_reais.csv
92,2026-07-05T22:00:00+00:00,official_result,78,2026-06-30T21:30:00+00:00,data/resultados_reais.csv
92,2026-07-05T22:00:00+00:00,official_result,77,2026-07-01T01:30:00+00:00,data/resultados_reais.csv
92,2026-07-05T22:00:00+00:00,official_result,79,2026-07-01T05:30:00+00:00,data/resultados_reais.csv
92,2026-07-05T22:00:00+00:00,official_result,80,2026-07-01T20:30:00+00:00,data/resultados_reais.csv
92,2026-07-05T22:00:00+00:00,official_result,82,2026-07-02T00:30:00+00:00,data/resultados_reais.csv
92,2026-07-05T22:00:00+00:00,official_result,81,2026-07-02T04:30:00+00:00,data/resultados_reais.csv
92,2026-07-05T22:00:00+00:00,official_result,84,2026-07-02T23:30:00+00:00,data/resultados_reais.csv
92,2026-07-05T22:00:00+00:00,official_result,83,2026-07-03T03:30:00+00:00,data/resultados_reais.csv
92,2026-07-05T22:00:00+00:00,official_result,85,2026-07-03T07:30:00+00:00,data/resultados_reais.csv
92,2026-07-05T22:00:00+00:00,official_result,88,2026-07-03T22:30:00+00:00,data/resultados_reais.csv
92,2026-07-05T22:00:00+00:00,official_result,86,2026-07-04T02:30:00+00:00,data/resultados_reais.csv
92,2026-07-05T22:00:00+00:00,official_result,87,2026-07-04T06:00:00+00:00,data/resultados_reais.csv
92,2026-07-05T22:00:00+00:00,official_result,90,2026-07-04T21:30:00+00:00,data/resultados_reais.csv
92,2026-07-05T22:00:00+00:00,official_result,89,2026-07-05T01:30:00+00:00,data/resultados_reais.csv
93,2026-07-06T17:00:00+00:00,team_profile,Portugal,2026-06-11T03:59:59+00:00,data/pre_worldcup_state/teams.csv
93,2026-07-06T17:00:00+00:00,team_profile,Espanha,2026-06-11T03:59:59+00:00,data/pre_worldcup_state/teams.csv
93,2026-07-06T17:00:00+00:00,fixture,93,2026-07-03T03:30:00+00:00,data/temporal/matches_timeline.csv
93,2026-07-06T17:00:00+00:00,official_result,1,2026-06-11T22:30:00+00:00,data/resultados_reais.csv
93,2026-07-06T17:00:00+00:00,official_result,2,2026-06-12T05:30:00+00:00,data/resultados_reais.csv
93,2026-07-06T17:00:00+00:00,official_result,3,2026-06-12T22:30:00+00:00,data/resultados_reais.csv
93,2026-07-06T17:00:00+00:00,official_result,4,2026-06-13T04:30:00+00:00,data/resultados_reais.csv
93,2026-07-06T17:00:00+00:00,official_result,8,2026-06-13T22:30:00+00:00,data/resultados_reais.csv
93,2026-07-06T17:00:00+00:00,official_result,7,2026-06-14T01:30:00+00:00,data/resultados_reais.csv
93,2026-07-06T17:00:00+00:00,official_result,5,2026-06-14T04:30:00+00:00,data/resultados_reais.csv
93,2026-07-06T17:00:00+00:00,official_result,6,2026-06-14T07:30:00+00:00,data/resultados_reais.csv
93,2026-07-06T17:00:00+00:00,official_result,10,2026-06-14T20:30:00+00:00,data/resultados_reais.csv
93,2026-07-06T17:00:00+00:00,official_result,11,2026-06-14T23:30:00+00:00,data/resultados_reais.csv
93,2026-07-06T17:00:00+00:00,official_result,9,2026-06-15T02:30:00+00:00,data/resultados_reais.csv
93,2026-07-06T17:00:00+00:00,official_result,12,2026-06-15T05:30:00+00:00,data/resultados_reais.csv
93,2026-07-06T17:00:00+00:00,official_result,14,2026-06-15T19:30:00+00:00,data/resultados_reais.csv
93,2026-07-06T17:00:00+00:00,official_result,16,2026-06-15T22:30:00+00:00,data/resultados_reais.csv
93,2026-07-06T17:00:00+00:00,official_result,13,2026-06-16T01:30:00+00:00,data/resultados_reais.csv
93,2026-07-06T17:00:00+00:00,official_result,15,2026-06-16T04:30:00+00:00,data/resultados_reais.csv
93,2026-07-06T17:00:00+00:00,official_result,17,2026-06-16T22:30:00+00:00,data/resultados_reais.csv
93,2026-07-06T17:00:00+00:00,official_result,18,2026-06-17T01:30:00+00:00,data/resultados_reais.csv
93,2026-07-06T17:00:00+00:00,official_result,19,2026-06-17T04:30:00+00:00,data/resultados_reais.csv
93,2026-07-06T17:00:00+00:00,official_result,20,2026-06-17T07:30:00+00:00,data/resultados_reais.csv
93,2026-07-06T17:00:00+00:00,official_result,23,2026-06-17T20:30:00+00:00,data/resultados_reais.csv
93,2026-07-06T17:00:00+00:00,official_result,22,2026-06-17T23:30:00+00:00,data/resultados_reais.csv
93,2026-07-06T17:00:00+00:00,official_result,21,2026-06-18T02:30:00+00:00,data/resultados_reais.csv
93,2026-07-06T17:00:00+00:00,official_result,24,2026-06-18T05:30:00+00:00,data/resultados_reais.csv
93,2026-07-06T17:00:00+00:00,official_result,25,2026-06-18T19:30:00+00:00,data/resultados_reais.csv
93,2026-07-06T17:00:00+00:00,official_result,26,2026-06-18T22:30:00+00:00,data/resultados_reais.csv
93,2026-07-06T17:00:00+00:00,official_result,27,2026-06-19T01:30:00+00:00,data/resultados_reais.csv
93,2026-07-06T17:00:00+00:00,official_result,28,2026-06-19T04:30:00+00:00,data/resultados_reais.csv
93,2026-07-06T17:00:00+00:00,official_result,32,2026-06-19T22:30:00+00:00,data/resultados_reais.csv
93,2026-07-06T17:00:00+00:00,official_result,30,2026-06-20T01:30:00+00:00,data/resultados_reais.csv
93,2026-07-06T17:00:00+00:00,official_result,29,2026-06-20T04:30:00+00:00,data/resultados_reais.csv
93,2026-07-06T17:00:00+00:00,official_result,31,2026-06-20T06:30:00+00:00,data/resultados_reais.csv
93,2026-07-06T17:00:00+00:00,official_result,35,2026-06-20T20:30:00+00:00,data/resultados_reais.csv
93,2026-07-06T17:00:00+00:00,official_result,33,2026-06-20T23:30:00+00:00,data/resultados_reais.csv
93,2026-07-06T17:00:00+00:00,official_result,34,2026-06-21T03:30:00+00:00,data/resultados_reais.csv
93,2026-07-06T17:00:00+00:00,official_result,36,2026-06-21T07:30:00+00:00,data/resultados_reais.csv
93,2026-07-06T17:00:00+00:00,official_result,38,2026-06-21T19:30:00+00:00,data/resultados_reais.csv
93,2026-07-06T17:00:00+00:00,official_result,39,2026-06-21T22:30:00+00:00,data/resultados_reais.csv
93,2026-07-06T17:00:00+00:00,official_result,37,2026-06-22T01:30:00+00:00,data/resultados_reais.csv
93,2026-07-06T17:00:00+00:00,official_result,40,2026-06-22T04:30:00+00:00,data/resultados_reais.csv
93,2026-07-06T17:00:00+00:00,official_result,43,2026-06-22T20:30:00+00:00,data/resultados_reais.csv
93,2026-07-06T17:00:00+00:00,official_result,42,2026-06-23T00:30:00+00:00,data/resultados_reais.csv
93,2026-07-06T17:00:00+00:00,official_result,41,2026-06-23T03:30:00+00:00,data/resultados_reais.csv
93,2026-07-06T17:00:00+00:00,official_result,44,2026-06-23T06:30:00+00:00,data/resultados_reais.csv
93,2026-07-06T17:00:00+00:00,official_result,47,2026-06-23T20:30:00+00:00,data/resultados_reais.csv
93,2026-07-06T17:00:00+00:00,official_result,45,2026-06-23T23:30:00+00:00,data/resultados_reais.csv
93,2026-07-06T17:00:00+00:00,official_result,46,2026-06-24T02:30:00+00:00,data/resultados_reais.csv
93,2026-07-06T17:00:00+00:00,official_result,48,2026-06-24T05:30:00+00:00,data/resultados_reais.csv
93,2026-07-06T17:00:00+00:00,official_result,51,2026-06-24T22:30:00+00:00,data/resultados_reais.csv
93,2026-07-06T17:00:00+00:00,official_result,52,2026-06-24T22:30:00+00:00,data/resultados_reais.csv
93,2026-07-06T17:00:00+00:00,official_result,49,2026-06-25T01:30:00+00:00,data/resultados_reais.csv
93,2026-07-06T17:00:00+00:00,official_result,50,2026-06-25T01:30:00+00:00,data/resultados_reais.csv
93,2026-07-06T17:00:00+00:00,official_result,53,2026-06-25T04:30:00+00:00,data/resultados_reais.csv
93,2026-07-06T17:00:00+00:00,official_result,54,2026-06-25T04:30:00+00:00,data/resultados_reais.csv
93,2026-07-06T17:00:00+00:00,official_result,55,2026-06-25T23:30:00+00:00,data/resultados_reais.csv
93,2026-07-06T17:00:00+00:00,official_result,56,2026-06-25T23:30:00+00:00,data/resultados_reais.csv
93,2026-07-06T17:00:00+00:00,official_result,57,2026-06-26T02:30:00+00:00,data/resultados_reais.csv
93,2026-07-06T17:00:00+00:00,official_result,58,2026-06-26T02:30:00+00:00,data/resultados_reais.csv
93,2026-07-06T17:00:00+00:00,official_result,59,2026-06-26T05:30:00+00:00,data/resultados_reais.csv
93,2026-07-06T17:00:00+00:00,official_result,60,2026-06-26T05:30:00+00:00,data/resultados_reais.csv
93,2026-07-06T17:00:00+00:00,official_result,61,2026-06-26T22:30:00+00:00,data/resultados_reais.csv
93,2026-07-06T17:00:00+00:00,official_result,62,2026-06-26T22:30:00+00:00,data/resultados_reais.csv
93,2026-07-06T17:00:00+00:00,official_result,65,2026-06-27T03:30:00+00:00,data/resultados_reais.csv
93,2026-07-06T17:00:00+00:00,official_result,66,2026-06-27T03:30:00+00:00,data/resultados_reais.csv
93,2026-07-06T17:00:00+00:00,official_result,63,2026-06-27T06:30:00+00:00,data/resultados_reais.csv
93,2026-07-06T17:00:00+00:00,official_result,64,2026-06-27T06:30:00+00:00,data/resultados_reais.csv
93,2026-07-06T17:00:00+00:00,official_result,67,2026-06-28T00:30:00+00:00,data/resultados_reais.csv
93,2026-07-06T17:00:00+00:00,official_result,68,2026-06-28T00:30:00+00:00,data/resultados_reais.csv
93,2026-07-06T17:00:00+00:00,official_result,71,2026-06-28T03:00:00+00:00,data/resultados_reais.csv
93,2026-07-06T17:00:00+00:00,official_result,72,2026-06-28T03:00:00+00:00,data/resultados_reais.csv
93,2026-07-06T17:00:00+00:00,official_result,69,2026-06-28T05:30:00+00:00,data/resultados_reais.csv
93,2026-07-06T17:00:00+00:00,official_result,70,2026-06-28T05:30:00+00:00,data/resultados_reais.csv
93,2026-07-06T17:00:00+00:00,official_result,73,2026-06-28T23:30:00+00:00,data/resultados_reais.csv
93,2026-07-06T17:00:00+00:00,official_result,76,2026-06-29T21:30:00+00:00,data/resultados_reais.csv
93,2026-07-06T17:00:00+00:00,official_result,74,2026-06-30T01:00:00+00:00,data/resultados_reais.csv
93,2026-07-06T17:00:00+00:00,official_result,75,2026-06-30T05:30:00+00:00,data/resultados_reais.csv
93,2026-07-06T17:00:00+00:00,official_result,78,2026-06-30T21:30:00+00:00,data/resultados_reais.csv
93,2026-07-06T17:00:00+00:00,official_result,77,2026-07-01T01:30:00+00:00,data/resultados_reais.csv
93,2026-07-06T17:00:00+00:00,official_result,79,2026-07-01T05:30:00+00:00,data/resultados_reais.csv
93,2026-07-06T17:00:00+00:00,official_result,80,2026-07-01T20:30:00+00:00,data/resultados_reais.csv
93,2026-07-06T17:00:00+00:00,official_result,82,2026-07-02T00:30:00+00:00,data/resultados_reais.csv
93,2026-07-06T17:00:00+00:00,official_result,81,2026-07-02T04:30:00+00:00,data/resultados_reais.csv
93,2026-07-06T17:00:00+00:00,official_result,84,2026-07-02T23:30:00+00:00,data/resultados_reais.csv
93,2026-07-06T17:00:00+00:00,official_result,83,2026-07-03T03:30:00+00:00,data/resultados_reais.csv
93,2026-07-06T17:00:00+00:00,official_result,85,2026-07-03T07:30:00+00:00,data/resultados_reais.csv
93,2026-07-06T17:00:00+00:00,official_result,88,2026-07-03T22:30:00+00:00,data/resultados_reais.csv
93,2026-07-06T17:00:00+00:00,official_result,86,2026-07-04T02:30:00+00:00,data/resultados_reais.csv
93,2026-07-06T17:00:00+00:00,official_result,87,2026-07-04T06:00:00+00:00,data/resultados_reais.csv
93,2026-07-06T17:00:00+00:00,official_result,90,2026-07-04T21:30:00+00:00,data/resultados_reais.csv
93,2026-07-06T17:00:00+00:00,official_result,89,2026-07-05T01:30:00+00:00,data/resultados_reais.csv
93,2026-07-06T17:00:00+00:00,official_result,91,2026-07-06T00:30:00+00:00,data/resultados_reais.csv
93,2026-07-06T17:00:00+00:00,official_result,92,2026-07-06T04:30:00+00:00,data/resultados_reais.csv
94,2026-07-06T22:00:00+00:00,team_profile,Estados Unidos,2026-06-11T03:59:59+00:00,data/pre_worldcup_state/teams.csv
94,2026-07-06T22:00:00+00:00,team_profile,Bélgica,2026-06-11T03:59:59+00:00,data/pre_worldcup_state/teams.csv
94,2026-07-06T22:00:00+00:00,fixture,94,2026-07-02T04:30:00+00:00,data/temporal/matches_timeline.csv
94,2026-07-06T22:00:00+00:00,official_result,1,2026-06-11T22:30:00+00:00,data/resultados_reais.csv
94,2026-07-06T22:00:00+00:00,official_result,2,2026-06-12T05:30:00+00:00,data/resultados_reais.csv
94,2026-07-06T22:00:00+00:00,official_result,3,2026-06-12T22:30:00+00:00,data/resultados_reais.csv
94,2026-07-06T22:00:00+00:00,official_result,4,2026-06-13T04:30:00+00:00,data/resultados_reais.csv
94,2026-07-06T22:00:00+00:00,official_result,8,2026-06-13T22:30:00+00:00,data/resultados_reais.csv
94,2026-07-06T22:00:00+00:00,official_result,7,2026-06-14T01:30:00+00:00,data/resultados_reais.csv
94,2026-07-06T22:00:00+00:00,official_result,5,2026-06-14T04:30:00+00:00,data/resultados_reais.csv
94,2026-07-06T22:00:00+00:00,official_result,6,2026-06-14T07:30:00+00:00,data/resultados_reais.csv
94,2026-07-06T22:00:00+00:00,official_result,10,2026-06-14T20:30:00+00:00,data/resultados_reais.csv
94,2026-07-06T22:00:00+00:00,official_result,11,2026-06-14T23:30:00+00:00,data/resultados_reais.csv
94,2026-07-06T22:00:00+00:00,official_result,9,2026-06-15T02:30:00+00:00,data/resultados_reais.csv
94,2026-07-06T22:00:00+00:00,official_result,12,2026-06-15T05:30:00+00:00,data/resultados_reais.csv
94,2026-07-06T22:00:00+00:00,official_result,14,2026-06-15T19:30:00+00:00,data/resultados_reais.csv
94,2026-07-06T22:00:00+00:00,official_result,16,2026-06-15T22:30:00+00:00,data/resultados_reais.csv
94,2026-07-06T22:00:00+00:00,official_result,13,2026-06-16T01:30:00+00:00,data/resultados_reais.csv
94,2026-07-06T22:00:00+00:00,official_result,15,2026-06-16T04:30:00+00:00,data/resultados_reais.csv
94,2026-07-06T22:00:00+00:00,official_result,17,2026-06-16T22:30:00+00:00,data/resultados_reais.csv
94,2026-07-06T22:00:00+00:00,official_result,18,2026-06-17T01:30:00+00:00,data/resultados_reais.csv
94,2026-07-06T22:00:00+00:00,official_result,19,2026-06-17T04:30:00+00:00,data/resultados_reais.csv
94,2026-07-06T22:00:00+00:00,official_result,20,2026-06-17T07:30:00+00:00,data/resultados_reais.csv
94,2026-07-06T22:00:00+00:00,official_result,23,2026-06-17T20:30:00+00:00,data/resultados_reais.csv
94,2026-07-06T22:00:00+00:00,official_result,22,2026-06-17T23:30:00+00:00,data/resultados_reais.csv
94,2026-07-06T22:00:00+00:00,official_result,21,2026-06-18T02:30:00+00:00,data/resultados_reais.csv
94,2026-07-06T22:00:00+00:00,official_result,24,2026-06-18T05:30:00+00:00,data/resultados_reais.csv
94,2026-07-06T22:00:00+00:00,official_result,25,2026-06-18T19:30:00+00:00,data/resultados_reais.csv
94,2026-07-06T22:00:00+00:00,official_result,26,2026-06-18T22:30:00+00:00,data/resultados_reais.csv
94,2026-07-06T22:00:00+00:00,official_result,27,2026-06-19T01:30:00+00:00,data/resultados_reais.csv
94,2026-07-06T22:00:00+00:00,official_result,28,2026-06-19T04:30:00+00:00,data/resultados_reais.csv
94,2026-07-06T22:00:00+00:00,official_result,32,2026-06-19T22:30:00+00:00,data/resultados_reais.csv
94,2026-07-06T22:00:00+00:00,official_result,30,2026-06-20T01:30:00+00:00,data/resultados_reais.csv
94,2026-07-06T22:00:00+00:00,official_result,29,2026-06-20T04:30:00+00:00,data/resultados_reais.csv
94,2026-07-06T22:00:00+00:00,official_result,31,2026-06-20T06:30:00+00:00,data/resultados_reais.csv
94,2026-07-06T22:00:00+00:00,official_result,35,2026-06-20T20:30:00+00:00,data/resultados_reais.csv
94,2026-07-06T22:00:00+00:00,official_result,33,2026-06-20T23:30:00+00:00,data/resultados_reais.csv
94,2026-07-06T22:00:00+00:00,official_result,34,2026-06-21T03:30:00+00:00,data/resultados_reais.csv
94,2026-07-06T22:00:00+00:00,official_result,36,2026-06-21T07:30:00+00:00,data/resultados_reais.csv
94,2026-07-06T22:00:00+00:00,official_result,38,2026-06-21T19:30:00+00:00,data/resultados_reais.csv
94,2026-07-06T22:00:00+00:00,official_result,39,2026-06-21T22:30:00+00:00,data/resultados_reais.csv
94,2026-07-06T22:00:00+00:00,official_result,37,2026-06-22T01:30:00+00:00,data/resultados_reais.csv
94,2026-07-06T22:00:00+00:00,official_result,40,2026-06-22T04:30:00+00:00,data/resultados_reais.csv
94,2026-07-06T22:00:00+00:00,official_result,43,2026-06-22T20:30:00+00:00,data/resultados_reais.csv
94,2026-07-06T22:00:00+00:00,official_result,42,2026-06-23T00:30:00+00:00,data/resultados_reais.csv
94,2026-07-06T22:00:00+00:00,official_result,41,2026-06-23T03:30:00+00:00,data/resultados_reais.csv
94,2026-07-06T22:00:00+00:00,official_result,44,2026-06-23T06:30:00+00:00,data/resultados_reais.csv
94,2026-07-06T22:00:00+00:00,official_result,47,2026-06-23T20:30:00+00:00,data/resultados_reais.csv
94,2026-07-06T22:00:00+00:00,official_result,45,2026-06-23T23:30:00+00:00,data/resultados_reais.csv
94,2026-07-06T22:00:00+00:00,official_result,46,2026-06-24T02:30:00+00:00,data/resultados_reais.csv
94,2026-07-06T22:00:00+00:00,official_result,48,2026-06-24T05:30:00+00:00,data/resultados_reais.csv
94,2026-07-06T22:00:00+00:00,official_result,51,2026-06-24T22:30:00+00:00,data/resultados_reais.csv
94,2026-07-06T22:00:00+00:00,official_result,52,2026-06-24T22:30:00+00:00,data/resultados_reais.csv
94,2026-07-06T22:00:00+00:00,official_result,49,2026-06-25T01:30:00+00:00,data/resultados_reais.csv
94,2026-07-06T22:00:00+00:00,official_result,50,2026-06-25T01:30:00+00:00,data/resultados_reais.csv
94,2026-07-06T22:00:00+00:00,official_result,53,2026-06-25T04:30:00+00:00,data/resultados_reais.csv
94,2026-07-06T22:00:00+00:00,official_result,54,2026-06-25T04:30:00+00:00,data/resultados_reais.csv
94,2026-07-06T22:00:00+00:00,official_result,55,2026-06-25T23:30:00+00:00,data/resultados_reais.csv
94,2026-07-06T22:00:00+00:00,official_result,56,2026-06-25T23:30:00+00:00,data/resultados_reais.csv
94,2026-07-06T22:00:00+00:00,official_result,57,2026-06-26T02:30:00+00:00,data/resultados_reais.csv
94,2026-07-06T22:00:00+00:00,official_result,58,2026-06-26T02:30:00+00:00,data/resultados_reais.csv
94,2026-07-06T22:00:00+00:00,official_result,59,2026-06-26T05:30:00+00:00,data/resultados_reais.csv
94,2026-07-06T22:00:00+00:00,official_result,60,2026-06-26T05:30:00+00:00,data/resultados_reais.csv
94,2026-07-06T22:00:00+00:00,official_result,61,2026-06-26T22:30:00+00:00,data/resultados_reais.csv
94,2026-07-06T22:00:00+00:00,official_result,62,2026-06-26T22:30:00+00:00,data/resultados_reais.csv
94,2026-07-06T22:00:00+00:00,official_result,65,2026-06-27T03:30:00+00:00,data/resultados_reais.csv
94,2026-07-06T22:00:00+00:00,official_result,66,2026-06-27T03:30:00+00:00,data/resultados_reais.csv
94,2026-07-06T22:00:00+00:00,official_result,63,2026-06-27T06:30:00+00:00,data/resultados_reais.csv
94,2026-07-06T22:00:00+00:00,official_result,64,2026-06-27T06:30:00+00:00,data/resultados_reais.csv
94,2026-07-06T22:00:00+00:00,official_result,67,2026-06-28T00:30:00+00:00,data/resultados_reais.csv
94,2026-07-06T22:00:00+00:00,official_result,68,2026-06-28T00:30:00+00:00,data/resultados_reais.csv
94,2026-07-06T22:00:00+00:00,official_result,71,2026-06-28T03:00:00+00:00,data/resultados_reais.csv
94,2026-07-06T22:00:00+00:00,official_result,72,2026-06-28T03:00:00+00:00,data/resultados_reais.csv
94,2026-07-06T22:00:00+00:00,official_result,69,2026-06-28T05:30:00+00:00,data/resultados_reais.csv
94,2026-07-06T22:00:00+00:00,official_result,70,2026-06-28T05:30:00+00:00,data/resultados_reais.csv
94,2026-07-06T22:00:00+00:00,official_result,73,2026-06-28T23:30:00+00:00,data/resultados_reais.csv
94,2026-07-06T22:00:00+00:00,official_result,76,2026-06-29T21:30:00+00:00,data/resultados_reais.csv
94,2026-07-06T22:00:00+00:00,official_result,74,2026-06-30T01:00:00+00:00,data/resultados_reais.csv
94,2026-07-06T22:00:00+00:00,official_result,75,2026-06-30T05:30:00+00:00,data/resultados_reais.csv
94,2026-07-06T22:00:00+00:00,official_result,78,2026-06-30T21:30:00+00:00,data/resultados_reais.csv
94,2026-07-06T22:00:00+00:00,official_result,77,2026-07-01T01:30:00+00:00,data/resultados_reais.csv
94,2026-07-06T22:00:00+00:00,official_result,79,2026-07-01T05:30:00+00:00,data/resultados_reais.csv
94,2026-07-06T22:00:00+00:00,official_result,80,2026-07-01T20:30:00+00:00,data/resultados_reais.csv
94,2026-07-06T22:00:00+00:00,official_result,82,2026-07-02T00:30:00+00:00,data/resultados_reais.csv
94,2026-07-06T22:00:00+00:00,official_result,81,2026-07-02T04:30:00+00:00,data/resultados_reais.csv
94,2026-07-06T22:00:00+00:00,official_result,84,2026-07-02T23:30:00+00:00,data/resultados_reais.csv
94,2026-07-06T22:00:00+00:00,official_result,83,2026-07-03T03:30:00+00:00,data/resultados_reais.csv
94,2026-07-06T22:00:00+00:00,official_result,85,2026-07-03T07:30:00+00:00,data/resultados_reais.csv
94,2026-07-06T22:00:00+00:00,official_result,88,2026-07-03T22:30:00+00:00,data/resultados_reais.csv
94,2026-07-06T22:00:00+00:00,official_result,86,2026-07-04T02:30:00+00:00,data/resultados_reais.csv
94,2026-07-06T22:00:00+00:00,official_result,87,2026-07-04T06:00:00+00:00,data/resultados_reais.csv
94,2026-07-06T22:00:00+00:00,official_result,90,2026-07-04T21:30:00+00:00,data/resultados_reais.csv
94,2026-07-06T22:00:00+00:00,official_result,89,2026-07-05T01:30:00+00:00,data/resultados_reais.csv
94,2026-07-06T22:00:00+00:00,official_result,91,2026-07-06T00:30:00+00:00,data/resultados_reais.csv
94,2026-07-06T22:00:00+00:00,official_result,92,2026-07-06T04:30:00+00:00,data/resultados_reais.csv
95,2026-07-07T14:00:00+00:00,team_profile,Argentina,2026-06-11T03:59:59+00:00,data/pre_worldcup_state/teams.csv
95,2026-07-07T14:00:00+00:00,team_profile,Egito,2026-06-11T03:59:59+00:00,data/pre_worldcup_state/teams.csv
95,2026-07-07T14:00:00+00:00,fixture,95,2026-07-04T02:30:00+00:00,data/temporal/matches_timeline.csv
95,2026-07-07T14:00:00+00:00,official_result,1,2026-06-11T22:30:00+00:00,data/resultados_reais.csv
95,2026-07-07T14:00:00+00:00,official_result,2,2026-06-12T05:30:00+00:00,data/resultados_reais.csv
95,2026-07-07T14:00:00+00:00,official_result,3,2026-06-12T22:30:00+00:00,data/resultados_reais.csv
95,2026-07-07T14:00:00+00:00,official_result,4,2026-06-13T04:30:00+00:00,data/resultados_reais.csv
95,2026-07-07T14:00:00+00:00,official_result,8,2026-06-13T22:30:00+00:00,data/resultados_reais.csv
95,2026-07-07T14:00:00+00:00,official_result,7,2026-06-14T01:30:00+00:00,data/resultados_reais.csv
95,2026-07-07T14:00:00+00:00,official_result,5,2026-06-14T04:30:00+00:00,data/resultados_reais.csv
95,2026-07-07T14:00:00+00:00,official_result,6,2026-06-14T07:30:00+00:00,data/resultados_reais.csv
95,2026-07-07T14:00:00+00:00,official_result,10,2026-06-14T20:30:00+00:00,data/resultados_reais.csv
95,2026-07-07T14:00:00+00:00,official_result,11,2026-06-14T23:30:00+00:00,data/resultados_reais.csv
95,2026-07-07T14:00:00+00:00,official_result,9,2026-06-15T02:30:00+00:00,data/resultados_reais.csv
95,2026-07-07T14:00:00+00:00,official_result,12,2026-06-15T05:30:00+00:00,data/resultados_reais.csv
95,2026-07-07T14:00:00+00:00,official_result,14,2026-06-15T19:30:00+00:00,data/resultados_reais.csv
95,2026-07-07T14:00:00+00:00,official_result,16,2026-06-15T22:30:00+00:00,data/resultados_reais.csv
95,2026-07-07T14:00:00+00:00,official_result,13,2026-06-16T01:30:00+00:00,data/resultados_reais.csv
95,2026-07-07T14:00:00+00:00,official_result,15,2026-06-16T04:30:00+00:00,data/resultados_reais.csv
95,2026-07-07T14:00:00+00:00,official_result,17,2026-06-16T22:30:00+00:00,data/resultados_reais.csv
95,2026-07-07T14:00:00+00:00,official_result,18,2026-06-17T01:30:00+00:00,data/resultados_reais.csv
95,2026-07-07T14:00:00+00:00,official_result,19,2026-06-17T04:30:00+00:00,data/resultados_reais.csv
95,2026-07-07T14:00:00+00:00,official_result,20,2026-06-17T07:30:00+00:00,data/resultados_reais.csv
95,2026-07-07T14:00:00+00:00,official_result,23,2026-06-17T20:30:00+00:00,data/resultados_reais.csv
95,2026-07-07T14:00:00+00:00,official_result,22,2026-06-17T23:30:00+00:00,data/resultados_reais.csv
95,2026-07-07T14:00:00+00:00,official_result,21,2026-06-18T02:30:00+00:00,data/resultados_reais.csv
95,2026-07-07T14:00:00+00:00,official_result,24,2026-06-18T05:30:00+00:00,data/resultados_reais.csv
95,2026-07-07T14:00:00+00:00,official_result,25,2026-06-18T19:30:00+00:00,data/resultados_reais.csv
95,2026-07-07T14:00:00+00:00,official_result,26,2026-06-18T22:30:00+00:00,data/resultados_reais.csv
95,2026-07-07T14:00:00+00:00,official_result,27,2026-06-19T01:30:00+00:00,data/resultados_reais.csv
95,2026-07-07T14:00:00+00:00,official_result,28,2026-06-19T04:30:00+00:00,data/resultados_reais.csv
95,2026-07-07T14:00:00+00:00,official_result,32,2026-06-19T22:30:00+00:00,data/resultados_reais.csv
95,2026-07-07T14:00:00+00:00,official_result,30,2026-06-20T01:30:00+00:00,data/resultados_reais.csv
95,2026-07-07T14:00:00+00:00,official_result,29,2026-06-20T04:30:00+00:00,data/resultados_reais.csv
95,2026-07-07T14:00:00+00:00,official_result,31,2026-06-20T06:30:00+00:00,data/resultados_reais.csv
95,2026-07-07T14:00:00+00:00,official_result,35,2026-06-20T20:30:00+00:00,data/resultados_reais.csv
95,2026-07-07T14:00:00+00:00,official_result,33,2026-06-20T23:30:00+00:00,data/resultados_reais.csv
95,2026-07-07T14:00:00+00:00,official_result,34,2026-06-21T03:30:00+00:00,data/resultados_reais.csv
95,2026-07-07T14:00:00+00:00,official_result,36,2026-06-21T07:30:00+00:00,data/resultados_reais.csv
95,2026-07-07T14:00:00+00:00,official_result,38,2026-06-21T19:30:00+00:00,data/resultados_reais.csv
95,2026-07-07T14:00:00+00:00,official_result,39,2026-06-21T22:30:00+00:00,data/resultados_reais.csv
95,2026-07-07T14:00:00+00:00,official_result,37,2026-06-22T01:30:00+00:00,data/resultados_reais.csv
95,2026-07-07T14:00:00+00:00,official_result,40,2026-06-22T04:30:00+00:00,data/resultados_reais.csv
95,2026-07-07T14:00:00+00:00,official_result,43,2026-06-22T20:30:00+00:00,data/resultados_reais.csv
95,2026-07-07T14:00:00+00:00,official_result,42,2026-06-23T00:30:00+00:00,data/resultados_reais.csv
95,2026-07-07T14:00:00+00:00,official_result,41,2026-06-23T03:30:00+00:00,data/resultados_reais.csv
95,2026-07-07T14:00:00+00:00,official_result,44,2026-06-23T06:30:00+00:00,data/resultados_reais.csv
95,2026-07-07T14:00:00+00:00,official_result,47,2026-06-23T20:30:00+00:00,data/resultados_reais.csv
95,2026-07-07T14:00:00+00:00,official_result,45,2026-06-23T23:30:00+00:00,data/resultados_reais.csv
95,2026-07-07T14:00:00+00:00,official_result,46,2026-06-24T02:30:00+00:00,data/resultados_reais.csv
95,2026-07-07T14:00:00+00:00,official_result,48,2026-06-24T05:30:00+00:00,data/resultados_reais.csv
95,2026-07-07T14:00:00+00:00,official_result,51,2026-06-24T22:30:00+00:00,data/resultados_reais.csv
95,2026-07-07T14:00:00+00:00,official_result,52,2026-06-24T22:30:00+00:00,data/resultados_reais.csv
95,2026-07-07T14:00:00+00:00,official_result,49,2026-06-25T01:30:00+00:00,data/resultados_reais.csv
95,2026-07-07T14:00:00+00:00,official_result,50,2026-06-25T01:30:00+00:00,data/resultados_reais.csv
95,2026-07-07T14:00:00+00:00,official_result,53,2026-06-25T04:30:00+00:00,data/resultados_reais.csv
95,2026-07-07T14:00:00+00:00,official_result,54,2026-06-25T04:30:00+00:00,data/resultados_reais.csv
95,2026-07-07T14:00:00+00:00,official_result,55,2026-06-25T23:30:00+00:00,data/resultados_reais.csv
95,2026-07-07T14:00:00+00:00,official_result,56,2026-06-25T23:30:00+00:00,data/resultados_reais.csv
95,2026-07-07T14:00:00+00:00,official_result,57,2026-06-26T02:30:00+00:00,data/resultados_reais.csv
95,2026-07-07T14:00:00+00:00,official_result,58,2026-06-26T02:30:00+00:00,data/resultados_reais.csv
95,2026-07-07T14:00:00+00:00,official_result,59,2026-06-26T05:30:00+00:00,data/resultados_reais.csv
95,2026-07-07T14:00:00+00:00,official_result,60,2026-06-26T05:30:00+00:00,data/resultados_reais.csv
95,2026-07-07T14:00:00+00:00,official_result,61,2026-06-26T22:30:00+00:00,data/resultados_reais.csv
95,2026-07-07T14:00:00+00:00,official_result,62,2026-06-26T22:30:00+00:00,data/resultados_reais.csv
95,2026-07-07T14:00:00+00:00,official_result,65,2026-06-27T03:30:00+00:00,data/resultados_reais.csv
95,2026-07-07T14:00:00+00:00,official_result,66,2026-06-27T03:30:00+00:00,data/resultados_reais.csv
95,2026-07-07T14:00:00+00:00,official_result,63,2026-06-27T06:30:00+00:00,data/resultados_reais.csv
95,2026-07-07T14:00:00+00:00,official_result,64,2026-06-27T06:30:00+00:00,data/resultados_reais.csv
95,2026-07-07T14:00:00+00:00,official_result,67,2026-06-28T00:30:00+00:00,data/resultados_reais.csv
95,2026-07-07T14:00:00+00:00,official_result,68,2026-06-28T00:30:00+00:00,data/resultados_reais.csv
95,2026-07-07T14:00:00+00:00,official_result,71,2026-06-28T03:00:00+00:00,data/resultados_reais.csv
95,2026-07-07T14:00:00+00:00,official_result,72,2026-06-28T03:00:00+00:00,data/resultados_reais.csv
95,2026-07-07T14:00:00+00:00,official_result,69,2026-06-28T05:30:00+00:00,data/resultados_reais.csv
95,2026-07-07T14:00:00+00:00,official_result,70,2026-06-28T05:30:00+00:00,data/resultados_reais.csv
95,2026-07-07T14:00:00+00:00,official_result,73,2026-06-28T23:30:00+00:00,data/resultados_reais.csv
95,2026-07-07T14:00:00+00:00,official_result,76,2026-06-29T21:30:00+00:00,data/resultados_reais.csv
95,2026-07-07T14:00:00+00:00,official_result,74,2026-06-30T01:00:00+00:00,data/resultados_reais.csv
95,2026-07-07T14:00:00+00:00,official_result,75,2026-06-30T05:30:00+00:00,data/resultados_reais.csv
95,2026-07-07T14:00:00+00:00,official_result,78,2026-06-30T21:30:00+00:00,data/resultados_reais.csv
95,2026-07-07T14:00:00+00:00,official_result,77,2026-07-01T01:30:00+00:00,data/resultados_reais.csv
95,2026-07-07T14:00:00+00:00,official_result,79,2026-07-01T05:30:00+00:00,data/resultados_reais.csv
95,2026-07-07T14:00:00+00:00,official_result,80,2026-07-01T20:30:00+00:00,data/resultados_reais.csv
95,2026-07-07T14:00:00+00:00,official_result,82,2026-07-02T00:30:00+00:00,data/resultados_reais.csv
95,2026-07-07T14:00:00+00:00,official_result,81,2026-07-02T04:30:00+00:00,data/resultados_reais.csv
95,2026-07-07T14:00:00+00:00,official_result,84,2026-07-02T23:30:00+00:00,data/resultados_reais.csv
95,2026-07-07T14:00:00+00:00,official_result,83,2026-07-03T03:30:00+00:00,data/resultados_reais.csv
95,2026-07-07T14:00:00+00:00,official_result,85,2026-07-03T07:30:00+00:00,data/resultados_reais.csv
95,2026-07-07T14:00:00+00:00,official_result,88,2026-07-03T22:30:00+00:00,data/resultados_reais.csv
95,2026-07-07T14:00:00+00:00,official_result,86,2026-07-04T02:30:00+00:00,data/resultados_reais.csv
95,2026-07-07T14:00:00+00:00,official_result,87,2026-07-04T06:00:00+00:00,data/resultados_reais.csv
95,2026-07-07T14:00:00+00:00,official_result,90,2026-07-04T21:30:00+00:00,data/resultados_reais.csv
95,2026-07-07T14:00:00+00:00,official_result,89,2026-07-05T01:30:00+00:00,data/resultados_reais.csv
95,2026-07-07T14:00:00+00:00,official_result,91,2026-07-06T00:30:00+00:00,data/resultados_reais.csv
95,2026-07-07T14:00:00+00:00,official_result,92,2026-07-06T04:30:00+00:00,data/resultados_reais.csv
95,2026-07-07T14:00:00+00:00,official_result,93,2026-07-06T23:30:00+00:00,data/resultados_reais.csv
95,2026-07-07T14:00:00+00:00,official_result,94,2026-07-07T04:30:00+00:00,data/resultados_reais.csv
96,2026-07-07T18:00:00+00:00,team_profile,Suíça,2026-06-11T03:59:59+00:00,data/pre_worldcup_state/teams.csv
96,2026-07-07T18:00:00+00:00,team_profile,Colômbia,2026-06-11T03:59:59+00:00,data/pre_worldcup_state/teams.csv
96,2026-07-07T18:00:00+00:00,fixture,96,2026-07-04T06:00:00+00:00,data/temporal/matches_timeline.csv
96,2026-07-07T18:00:00+00:00,official_result,1,2026-06-11T22:30:00+00:00,data/resultados_reais.csv
96,2026-07-07T18:00:00+00:00,official_result,2,2026-06-12T05:30:00+00:00,data/resultados_reais.csv
96,2026-07-07T18:00:00+00:00,official_result,3,2026-06-12T22:30:00+00:00,data/resultados_reais.csv
96,2026-07-07T18:00:00+00:00,official_result,4,2026-06-13T04:30:00+00:00,data/resultados_reais.csv
96,2026-07-07T18:00:00+00:00,official_result,8,2026-06-13T22:30:00+00:00,data/resultados_reais.csv
96,2026-07-07T18:00:00+00:00,official_result,7,2026-06-14T01:30:00+00:00,data/resultados_reais.csv
96,2026-07-07T18:00:00+00:00,official_result,5,2026-06-14T04:30:00+00:00,data/resultados_reais.csv
96,2026-07-07T18:00:00+00:00,official_result,6,2026-06-14T07:30:00+00:00,data/resultados_reais.csv
96,2026-07-07T18:00:00+00:00,official_result,10,2026-06-14T20:30:00+00:00,data/resultados_reais.csv
96,2026-07-07T18:00:00+00:00,official_result,11,2026-06-14T23:30:00+00:00,data/resultados_reais.csv
96,2026-07-07T18:00:00+00:00,official_result,9,2026-06-15T02:30:00+00:00,data/resultados_reais.csv
96,2026-07-07T18:00:00+00:00,official_result,12,2026-06-15T05:30:00+00:00,data/resultados_reais.csv
96,2026-07-07T18:00:00+00:00,official_result,14,2026-06-15T19:30:00+00:00,data/resultados_reais.csv
96,2026-07-07T18:00:00+00:00,official_result,16,2026-06-15T22:30:00+00:00,data/resultados_reais.csv
96,2026-07-07T18:00:00+00:00,official_result,13,2026-06-16T01:30:00+00:00,data/resultados_reais.csv
96,2026-07-07T18:00:00+00:00,official_result,15,2026-06-16T04:30:00+00:00,data/resultados_reais.csv
96,2026-07-07T18:00:00+00:00,official_result,17,2026-06-16T22:30:00+00:00,data/resultados_reais.csv
96,2026-07-07T18:00:00+00:00,official_result,18,2026-06-17T01:30:00+00:00,data/resultados_reais.csv
96,2026-07-07T18:00:00+00:00,official_result,19,2026-06-17T04:30:00+00:00,data/resultados_reais.csv
96,2026-07-07T18:00:00+00:00,official_result,20,2026-06-17T07:30:00+00:00,data/resultados_reais.csv
96,2026-07-07T18:00:00+00:00,official_result,23,2026-06-17T20:30:00+00:00,data/resultados_reais.csv
96,2026-07-07T18:00:00+00:00,official_result,22,2026-06-17T23:30:00+00:00,data/resultados_reais.csv
96,2026-07-07T18:00:00+00:00,official_result,21,2026-06-18T02:30:00+00:00,data/resultados_reais.csv
96,2026-07-07T18:00:00+00:00,official_result,24,2026-06-18T05:30:00+00:00,data/resultados_reais.csv
96,2026-07-07T18:00:00+00:00,official_result,25,2026-06-18T19:30:00+00:00,data/resultados_reais.csv
96,2026-07-07T18:00:00+00:00,official_result,26,2026-06-18T22:30:00+00:00,data/resultados_reais.csv
96,2026-07-07T18:00:00+00:00,official_result,27,2026-06-19T01:30:00+00:00,data/resultados_reais.csv
96,2026-07-07T18:00:00+00:00,official_result,28,2026-06-19T04:30:00+00:00,data/resultados_reais.csv
96,2026-07-07T18:00:00+00:00,official_result,32,2026-06-19T22:30:00+00:00,data/resultados_reais.csv
96,2026-07-07T18:00:00+00:00,official_result,30,2026-06-20T01:30:00+00:00,data/resultados_reais.csv
96,2026-07-07T18:00:00+00:00,official_result,29,2026-06-20T04:30:00+00:00,data/resultados_reais.csv
96,2026-07-07T18:00:00+00:00,official_result,31,2026-06-20T06:30:00+00:00,data/resultados_reais.csv
96,2026-07-07T18:00:00+00:00,official_result,35,2026-06-20T20:30:00+00:00,data/resultados_reais.csv
96,2026-07-07T18:00:00+00:00,official_result,33,2026-06-20T23:30:00+00:00,data/resultados_reais.csv
96,2026-07-07T18:00:00+00:00,official_result,34,2026-06-21T03:30:00+00:00,data/resultados_reais.csv
96,2026-07-07T18:00:00+00:00,official_result,36,2026-06-21T07:30:00+00:00,data/resultados_reais.csv
96,2026-07-07T18:00:00+00:00,official_result,38,2026-06-21T19:30:00+00:00,data/resultados_reais.csv
96,2026-07-07T18:00:00+00:00,official_result,39,2026-06-21T22:30:00+00:00,data/resultados_reais.csv
96,2026-07-07T18:00:00+00:00,official_result,37,2026-06-22T01:30:00+00:00,data/resultados_reais.csv
96,2026-07-07T18:00:00+00:00,official_result,40,2026-06-22T04:30:00+00:00,data/resultados_reais.csv
96,2026-07-07T18:00:00+00:00,official_result,43,2026-06-22T20:30:00+00:00,data/resultados_reais.csv
96,2026-07-07T18:00:00+00:00,official_result,42,2026-06-23T00:30:00+00:00,data/resultados_reais.csv
96,2026-07-07T18:00:00+00:00,official_result,41,2026-06-23T03:30:00+00:00,data/resultados_reais.csv
96,2026-07-07T18:00:00+00:00,official_result,44,2026-06-23T06:30:00+00:00,data/resultados_reais.csv
96,2026-07-07T18:00:00+00:00,official_result,47,2026-06-23T20:30:00+00:00,data/resultados_reais.csv
96,2026-07-07T18:00:00+00:00,official_result,45,2026-06-23T23:30:00+00:00,data/resultados_reais.csv
96,2026-07-07T18:00:00+00:00,official_result,46,2026-06-24T02:30:00+00:00,data/resultados_reais.csv
96,2026-07-07T18:00:00+00:00,official_result,48,2026-06-24T05:30:00+00:00,data/resultados_reais.csv
96,2026-07-07T18:00:00+00:00,official_result,51,2026-06-24T22:30:00+00:00,data/resultados_reais.csv
96,2026-07-07T18:00:00+00:00,official_result,52,2026-06-24T22:30:00+00:00,data/resultados_reais.csv
96,2026-07-07T18:00:00+00:00,official_result,49,2026-06-25T01:30:00+00:00,data/resultados_reais.csv
96,2026-07-07T18:00:00+00:00,official_result,50,2026-06-25T01:30:00+00:00,data/resultados_reais.csv
96,2026-07-07T18:00:00+00:00,official_result,53,2026-06-25T04:30:00+00:00,data/resultados_reais.csv
96,2026-07-07T18:00:00+00:00,official_result,54,2026-06-25T04:30:00+00:00,data/resultados_reais.csv
96,2026-07-07T18:00:00+00:00,official_result,55,2026-06-25T23:30:00+00:00,data/resultados_reais.csv
96,2026-07-07T18:00:00+00:00,official_result,56,2026-06-25T23:30:00+00:00,data/resultados_reais.csv
96,2026-07-07T18:00:00+00:00,official_result,57,2026-06-26T02:30:00+00:00,data/resultados_reais.csv
96,2026-07-07T18:00:00+00:00,official_result,58,2026-06-26T02:30:00+00:00,data/resultados_reais.csv
96,2026-07-07T18:00:00+00:00,official_result,59,2026-06-26T05:30:00+00:00,data/resultados_reais.csv
96,2026-07-07T18:00:00+00:00,official_result,60,2026-06-26T05:30:00+00:00,data/resultados_reais.csv
96,2026-07-07T18:00:00+00:00,official_result,61,2026-06-26T22:30:00+00:00,data/resultados_reais.csv
96,2026-07-07T18:00:00+00:00,official_result,62,2026-06-26T22:30:00+00:00,data/resultados_reais.csv
96,2026-07-07T18:00:00+00:00,official_result,65,2026-06-27T03:30:00+00:00,data/resultados_reais.csv
96,2026-07-07T18:00:00+00:00,official_result,66,2026-06-27T03:30:00+00:00,data/resultados_reais.csv
96,2026-07-07T18:00:00+00:00,official_result,63,2026-06-27T06:30:00+00:00,data/resultados_reais.csv
96,2026-07-07T18:00:00+00:00,official_result,64,2026-06-27T06:30:00+00:00,data/resultados_reais.csv
96,2026-07-07T18:00:00+00:00,official_result,67,2026-06-28T00:30:00+00:00,data/resultados_reais.csv
96,2026-07-07T18:00:00+00:00,official_result,68,2026-06-28T00:30:00+00:00,data/resultados_reais.csv
96,2026-07-07T18:00:00+00:00,official_result,71,2026-06-28T03:00:00+00:00,data/resultados_reais.csv
96,2026-07-07T18:00:00+00:00,official_result,72,2026-06-28T03:00:00+00:00,data/resultados_reais.csv
96,2026-07-07T18:00:00+00:00,official_result,69,2026-06-28T05:30:00+00:00,data/resultados_reais.csv
96,2026-07-07T18:00:00+00:00,official_result,70,2026-06-28T05:30:00+00:00,data/resultados_reais.csv
96,2026-07-07T18:00:00+00:00,official_result,73,2026-06-28T23:30:00+00:00,data/resultados_reais.csv
96,2026-07-07T18:00:00+00:00,official_result,76,2026-06-29T21:30:00+00:00,data/resultados_reais.csv
96,2026-07-07T18:00:00+00:00,official_result,74,2026-06-30T01:00:00+00:00,data/resultados_reais.csv
96,2026-07-07T18:00:00+00:00,official_result,75,2026-06-30T05:30:00+00:00,data/resultados_reais.csv
96,2026-07-07T18:00:00+00:00,official_result,78,2026-06-30T21:30:00+00:00,data/resultados_reais.csv
96,2026-07-07T18:00:00+00:00,official_result,77,2026-07-01T01:30:00+00:00,data/resultados_reais.csv
96,2026-07-07T18:00:00+00:00,official_result,79,2026-07-01T05:30:00+00:00,data/resultados_reais.csv
96,2026-07-07T18:00:00+00:00,official_result,80,2026-07-01T20:30:00+00:00,data/resultados_reais.csv
96,2026-07-07T18:00:00+00:00,official_result,82,2026-07-02T00:30:00+00:00,data/resultados_reais.csv
96,2026-07-07T18:00:00+00:00,official_result,81,2026-07-02T04:30:00+00:00,data/resultados_reais.csv
96,2026-07-07T18:00:00+00:00,official_result,84,2026-07-02T23:30:00+00:00,data/resultados_reais.csv
96,2026-07-07T18:00:00+00:00,official_result,83,2026-07-03T03:30:00+00:00,data/resultados_reais.csv
96,2026-07-07T18:00:00+00:00,official_result,85,2026-07-03T07:30:00+00:00,data/resultados_reais.csv
96,2026-07-07T18:00:00+00:00,official_result,88,2026-07-03T22:30:00+00:00,data/resultados_reais.csv
96,2026-07-07T18:00:00+00:00,official_result,86,2026-07-04T02:30:00+00:00,data/resultados_reais.csv
96,2026-07-07T18:00:00+00:00,official_result,87,2026-07-04T06:00:00+00:00,data/resultados_reais.csv
96,2026-07-07T18:00:00+00:00,official_result,90,2026-07-04T21:30:00+00:00,data/resultados_reais.csv
96,2026-07-07T18:00:00+00:00,official_result,89,2026-07-05T01:30:00+00:00,data/resultados_reais.csv
96,2026-07-07T18:00:00+00:00,official_result,91,2026-07-06T00:30:00+00:00,data/resultados_reais.csv
96,2026-07-07T18:00:00+00:00,official_result,92,2026-07-06T04:30:00+00:00,data/resultados_reais.csv
96,2026-07-07T18:00:00+00:00,official_result,93,2026-07-06T23:30:00+00:00,data/resultados_reais.csv
96,2026-07-07T18:00:00+00:00,official_result,94,2026-07-07T04:30:00+00:00,data/resultados_reais.csv
97,2026-07-09T18:00:00+00:00,team_profile,França,2026-06-11T03:59:59+00:00,data/pre_worldcup_state/teams.csv
97,2026-07-09T18:00:00+00:00,team_profile,Marrocos,2026-06-11T03:59:59+00:00,data/pre_worldcup_state/teams.csv
97,2026-07-09T18:00:00+00:00,fixture,97,2026-07-05T01:30:00+00:00,data/temporal/matches_timeline.csv
97,2026-07-09T18:00:00+00:00,official_result,1,2026-06-11T22:30:00+00:00,data/resultados_reais.csv
97,2026-07-09T18:00:00+00:00,official_result,2,2026-06-12T05:30:00+00:00,data/resultados_reais.csv
97,2026-07-09T18:00:00+00:00,official_result,3,2026-06-12T22:30:00+00:00,data/resultados_reais.csv
97,2026-07-09T18:00:00+00:00,official_result,4,2026-06-13T04:30:00+00:00,data/resultados_reais.csv
97,2026-07-09T18:00:00+00:00,official_result,8,2026-06-13T22:30:00+00:00,data/resultados_reais.csv
97,2026-07-09T18:00:00+00:00,official_result,7,2026-06-14T01:30:00+00:00,data/resultados_reais.csv
97,2026-07-09T18:00:00+00:00,official_result,5,2026-06-14T04:30:00+00:00,data/resultados_reais.csv
97,2026-07-09T18:00:00+00:00,official_result,6,2026-06-14T07:30:00+00:00,data/resultados_reais.csv
97,2026-07-09T18:00:00+00:00,official_result,10,2026-06-14T20:30:00+00:00,data/resultados_reais.csv
97,2026-07-09T18:00:00+00:00,official_result,11,2026-06-14T23:30:00+00:00,data/resultados_reais.csv
97,2026-07-09T18:00:00+00:00,official_result,9,2026-06-15T02:30:00+00:00,data/resultados_reais.csv
97,2026-07-09T18:00:00+00:00,official_result,12,2026-06-15T05:30:00+00:00,data/resultados_reais.csv
97,2026-07-09T18:00:00+00:00,official_result,14,2026-06-15T19:30:00+00:00,data/resultados_reais.csv
97,2026-07-09T18:00:00+00:00,official_result,16,2026-06-15T22:30:00+00:00,data/resultados_reais.csv
97,2026-07-09T18:00:00+00:00,official_result,13,2026-06-16T01:30:00+00:00,data/resultados_reais.csv
97,2026-07-09T18:00:00+00:00,official_result,15,2026-06-16T04:30:00+00:00,data/resultados_reais.csv
97,2026-07-09T18:00:00+00:00,official_result,17,2026-06-16T22:30:00+00:00,data/resultados_reais.csv
97,2026-07-09T18:00:00+00:00,official_result,18,2026-06-17T01:30:00+00:00,data/resultados_reais.csv
97,2026-07-09T18:00:00+00:00,official_result,19,2026-06-17T04:30:00+00:00,data/resultados_reais.csv
97,2026-07-09T18:00:00+00:00,official_result,20,2026-06-17T07:30:00+00:00,data/resultados_reais.csv
97,2026-07-09T18:00:00+00:00,official_result,23,2026-06-17T20:30:00+00:00,data/resultados_reais.csv
97,2026-07-09T18:00:00+00:00,official_result,22,2026-06-17T23:30:00+00:00,data/resultados_reais.csv
97,2026-07-09T18:00:00+00:00,official_result,21,2026-06-18T02:30:00+00:00,data/resultados_reais.csv
97,2026-07-09T18:00:00+00:00,official_result,24,2026-06-18T05:30:00+00:00,data/resultados_reais.csv
97,2026-07-09T18:00:00+00:00,official_result,25,2026-06-18T19:30:00+00:00,data/resultados_reais.csv
97,2026-07-09T18:00:00+00:00,official_result,26,2026-06-18T22:30:00+00:00,data/resultados_reais.csv
97,2026-07-09T18:00:00+00:00,official_result,27,2026-06-19T01:30:00+00:00,data/resultados_reais.csv
97,2026-07-09T18:00:00+00:00,official_result,28,2026-06-19T04:30:00+00:00,data/resultados_reais.csv
97,2026-07-09T18:00:00+00:00,official_result,32,2026-06-19T22:30:00+00:00,data/resultados_reais.csv
97,2026-07-09T18:00:00+00:00,official_result,30,2026-06-20T01:30:00+00:00,data/resultados_reais.csv
97,2026-07-09T18:00:00+00:00,official_result,29,2026-06-20T04:30:00+00:00,data/resultados_reais.csv
97,2026-07-09T18:00:00+00:00,official_result,31,2026-06-20T06:30:00+00:00,data/resultados_reais.csv
97,2026-07-09T18:00:00+00:00,official_result,35,2026-06-20T20:30:00+00:00,data/resultados_reais.csv
97,2026-07-09T18:00:00+00:00,official_result,33,2026-06-20T23:30:00+00:00,data/resultados_reais.csv
97,2026-07-09T18:00:00+00:00,official_result,34,2026-06-21T03:30:00+00:00,data/resultados_reais.csv
97,2026-07-09T18:00:00+00:00,official_result,36,2026-06-21T07:30:00+00:00,data/resultados_reais.csv
97,2026-07-09T18:00:00+00:00,official_result,38,2026-06-21T19:30:00+00:00,data/resultados_reais.csv
97,2026-07-09T18:00:00+00:00,official_result,39,2026-06-21T22:30:00+00:00,data/resultados_reais.csv
97,2026-07-09T18:00:00+00:00,official_result,37,2026-06-22T01:30:00+00:00,data/resultados_reais.csv
97,2026-07-09T18:00:00+00:00,official_result,40,2026-06-22T04:30:00+00:00,data/resultados_reais.csv
97,2026-07-09T18:00:00+00:00,official_result,43,2026-06-22T20:30:00+00:00,data/resultados_reais.csv
97,2026-07-09T18:00:00+00:00,official_result,42,2026-06-23T00:30:00+00:00,data/resultados_reais.csv
97,2026-07-09T18:00:00+00:00,official_result,41,2026-06-23T03:30:00+00:00,data/resultados_reais.csv
97,2026-07-09T18:00:00+00:00,official_result,44,2026-06-23T06:30:00+00:00,data/resultados_reais.csv
97,2026-07-09T18:00:00+00:00,official_result,47,2026-06-23T20:30:00+00:00,data/resultados_reais.csv
97,2026-07-09T18:00:00+00:00,official_result,45,2026-06-23T23:30:00+00:00,data/resultados_reais.csv
97,2026-07-09T18:00:00+00:00,official_result,46,2026-06-24T02:30:00+00:00,data/resultados_reais.csv
97,2026-07-09T18:00:00+00:00,official_result,48,2026-06-24T05:30:00+00:00,data/resultados_reais.csv
97,2026-07-09T18:00:00+00:00,official_result,51,2026-06-24T22:30:00+00:00,data/resultados_reais.csv
97,2026-07-09T18:00:00+00:00,official_result,52,2026-06-24T22:30:00+00:00,data/resultados_reais.csv
97,2026-07-09T18:00:00+00:00,official_result,49,2026-06-25T01:30:00+00:00,data/resultados_reais.csv
97,2026-07-09T18:00:00+00:00,official_result,50,2026-06-25T01:30:00+00:00,data/resultados_reais.csv
97,2026-07-09T18:00:00+00:00,official_result,53,2026-06-25T04:30:00+00:00,data/resultados_reais.csv
97,2026-07-09T18:00:00+00:00,official_result,54,2026-06-25T04:30:00+00:00,data/resultados_reais.csv
97,2026-07-09T18:00:00+00:00,official_result,55,2026-06-25T23:30:00+00:00,data/resultados_reais.csv
97,2026-07-09T18:00:00+00:00,official_result,56,2026-06-25T23:30:00+00:00,data/resultados_reais.csv
97,2026-07-09T18:00:00+00:00,official_result,57,2026-06-26T02:30:00+00:00,data/resultados_reais.csv
97,2026-07-09T18:00:00+00:00,official_result,58,2026-06-26T02:30:00+00:00,data/resultados_reais.csv
97,2026-07-09T18:00:00+00:00,official_result,59,2026-06-26T05:30:00+00:00,data/resultados_reais.csv
97,2026-07-09T18:00:00+00:00,official_result,60,2026-06-26T05:30:00+00:00,data/resultados_reais.csv
97,2026-07-09T18:00:00+00:00,official_result,61,2026-06-26T22:30:00+00:00,data/resultados_reais.csv
97,2026-07-09T18:00:00+00:00,official_result,62,2026-06-26T22:30:00+00:00,data/resultados_reais.csv
97,2026-07-09T18:00:00+00:00,official_result,65,2026-06-27T03:30:00+00:00,data/resultados_reais.csv
97,2026-07-09T18:00:00+00:00,official_result,66,2026-06-27T03:30:00+00:00,data/resultados_reais.csv
97,2026-07-09T18:00:00+00:00,official_result,63,2026-06-27T06:30:00+00:00,data/resultados_reais.csv
97,2026-07-09T18:00:00+00:00,official_result,64,2026-06-27T06:30:00+00:00,data/resultados_reais.csv
97,2026-07-09T18:00:00+00:00,official_result,67,2026-06-28T00:30:00+00:00,data/resultados_reais.csv
97,2026-07-09T18:00:00+00:00,official_result,68,2026-06-28T00:30:00+00:00,data/resultados_reais.csv
97,2026-07-09T18:00:00+00:00,official_result,71,2026-06-28T03:00:00+00:00,data/resultados_reais.csv
97,2026-07-09T18:00:00+00:00,official_result,72,2026-06-28T03:00:00+00:00,data/resultados_reais.csv
97,2026-07-09T18:00:00+00:00,official_result,69,2026-06-28T05:30:00+00:00,data/resultados_reais.csv
97,2026-07-09T18:00:00+00:00,official_result,70,2026-06-28T05:30:00+00:00,data/resultados_reais.csv
97,2026-07-09T18:00:00+00:00,official_result,73,2026-06-28T23:30:00+00:00,data/resultados_reais.csv
97,2026-07-09T18:00:00+00:00,official_result,76,2026-06-29T21:30:00+00:00,data/resultados_reais.csv
97,2026-07-09T18:00:00+00:00,official_result,74,2026-06-30T01:00:00+00:00,data/resultados_reais.csv
97,2026-07-09T18:00:00+00:00,official_result,75,2026-06-30T05:30:00+00:00,data/resultados_reais.csv
97,2026-07-09T18:00:00+00:00,official_result,78,2026-06-30T21:30:00+00:00,data/resultados_reais.csv
97,2026-07-09T18:00:00+00:00,official_result,77,2026-07-01T01:30:00+00:00,data/resultados_reais.csv
97,2026-07-09T18:00:00+00:00,official_result,79,2026-07-01T05:30:00+00:00,data/resultados_reais.csv
97,2026-07-09T18:00:00+00:00,official_result,80,2026-07-01T20:30:00+00:00,data/resultados_reais.csv
97,2026-07-09T18:00:00+00:00,official_result,82,2026-07-02T00:30:00+00:00,data/resultados_reais.csv
97,2026-07-09T18:00:00+00:00,official_result,81,2026-07-02T04:30:00+00:00,data/resultados_reais.csv
97,2026-07-09T18:00:00+00:00,official_result,84,2026-07-02T23:30:00+00:00,data/resultados_reais.csv
97,2026-07-09T18:00:00+00:00,official_result,83,2026-07-03T03:30:00+00:00,data/resultados_reais.csv
97,2026-07-09T18:00:00+00:00,official_result,85,2026-07-03T07:30:00+00:00,data/resultados_reais.csv
97,2026-07-09T18:00:00+00:00,official_result,88,2026-07-03T22:30:00+00:00,data/resultados_reais.csv
97,2026-07-09T18:00:00+00:00,official_result,86,2026-07-04T02:30:00+00:00,data/resultados_reais.csv
97,2026-07-09T18:00:00+00:00,official_result,87,2026-07-04T06:00:00+00:00,data/resultados_reais.csv
97,2026-07-09T18:00:00+00:00,official_result,90,2026-07-04T21:30:00+00:00,data/resultados_reais.csv
97,2026-07-09T18:00:00+00:00,official_result,89,2026-07-05T01:30:00+00:00,data/resultados_reais.csv
97,2026-07-09T18:00:00+00:00,official_result,91,2026-07-06T00:30:00+00:00,data/resultados_reais.csv
97,2026-07-09T18:00:00+00:00,official_result,92,2026-07-06T04:30:00+00:00,data/resultados_reais.csv
97,2026-07-09T18:00:00+00:00,official_result,93,2026-07-06T23:30:00+00:00,data/resultados_reais.csv
97,2026-07-09T18:00:00+00:00,official_result,94,2026-07-07T04:30:00+00:00,data/resultados_reais.csv
97,2026-07-09T18:00:00+00:00,official_result,95,2026-07-07T20:30:00+00:00,data/resultados_reais.csv
97,2026-07-09T18:00:00+00:00,official_result,96,2026-07-08T00:30:00+00:00,data/resultados_reais.csv
98,2026-07-10T17:00:00+00:00,team_profile,Espanha,2026-06-11T03:59:59+00:00,data/pre_worldcup_state/teams.csv
98,2026-07-10T17:00:00+00:00,team_profile,Bélgica,2026-06-11T03:59:59+00:00,data/pre_worldcup_state/teams.csv
98,2026-07-10T17:00:00+00:00,fixture,98,2026-07-07T04:30:00+00:00,data/temporal/matches_timeline.csv
98,2026-07-10T17:00:00+00:00,official_result,1,2026-06-11T22:30:00+00:00,data/resultados_reais.csv
98,2026-07-10T17:00:00+00:00,official_result,2,2026-06-12T05:30:00+00:00,data/resultados_reais.csv
98,2026-07-10T17:00:00+00:00,official_result,3,2026-06-12T22:30:00+00:00,data/resultados_reais.csv
98,2026-07-10T17:00:00+00:00,official_result,4,2026-06-13T04:30:00+00:00,data/resultados_reais.csv
98,2026-07-10T17:00:00+00:00,official_result,8,2026-06-13T22:30:00+00:00,data/resultados_reais.csv
98,2026-07-10T17:00:00+00:00,official_result,7,2026-06-14T01:30:00+00:00,data/resultados_reais.csv
98,2026-07-10T17:00:00+00:00,official_result,5,2026-06-14T04:30:00+00:00,data/resultados_reais.csv
98,2026-07-10T17:00:00+00:00,official_result,6,2026-06-14T07:30:00+00:00,data/resultados_reais.csv
98,2026-07-10T17:00:00+00:00,official_result,10,2026-06-14T20:30:00+00:00,data/resultados_reais.csv
98,2026-07-10T17:00:00+00:00,official_result,11,2026-06-14T23:30:00+00:00,data/resultados_reais.csv
98,2026-07-10T17:00:00+00:00,official_result,9,2026-06-15T02:30:00+00:00,data/resultados_reais.csv
98,2026-07-10T17:00:00+00:00,official_result,12,2026-06-15T05:30:00+00:00,data/resultados_reais.csv
98,2026-07-10T17:00:00+00:00,official_result,14,2026-06-15T19:30:00+00:00,data/resultados_reais.csv
98,2026-07-10T17:00:00+00:00,official_result,16,2026-06-15T22:30:00+00:00,data/resultados_reais.csv
98,2026-07-10T17:00:00+00:00,official_result,13,2026-06-16T01:30:00+00:00,data/resultados_reais.csv
98,2026-07-10T17:00:00+00:00,official_result,15,2026-06-16T04:30:00+00:00,data/resultados_reais.csv
98,2026-07-10T17:00:00+00:00,official_result,17,2026-06-16T22:30:00+00:00,data/resultados_reais.csv
98,2026-07-10T17:00:00+00:00,official_result,18,2026-06-17T01:30:00+00:00,data/resultados_reais.csv
98,2026-07-10T17:00:00+00:00,official_result,19,2026-06-17T04:30:00+00:00,data/resultados_reais.csv
98,2026-07-10T17:00:00+00:00,official_result,20,2026-06-17T07:30:00+00:00,data/resultados_reais.csv
98,2026-07-10T17:00:00+00:00,official_result,23,2026-06-17T20:30:00+00:00,data/resultados_reais.csv
98,2026-07-10T17:00:00+00:00,official_result,22,2026-06-17T23:30:00+00:00,data/resultados_reais.csv
98,2026-07-10T17:00:00+00:00,official_result,21,2026-06-18T02:30:00+00:00,data/resultados_reais.csv
98,2026-07-10T17:00:00+00:00,official_result,24,2026-06-18T05:30:00+00:00,data/resultados_reais.csv
98,2026-07-10T17:00:00+00:00,official_result,25,2026-06-18T19:30:00+00:00,data/resultados_reais.csv
98,2026-07-10T17:00:00+00:00,official_result,26,2026-06-18T22:30:00+00:00,data/resultados_reais.csv
98,2026-07-10T17:00:00+00:00,official_result,27,2026-06-19T01:30:00+00:00,data/resultados_reais.csv
98,2026-07-10T17:00:00+00:00,official_result,28,2026-06-19T04:30:00+00:00,data/resultados_reais.csv
98,2026-07-10T17:00:00+00:00,official_result,32,2026-06-19T22:30:00+00:00,data/resultados_reais.csv
98,2026-07-10T17:00:00+00:00,official_result,30,2026-06-20T01:30:00+00:00,data/resultados_reais.csv
98,2026-07-10T17:00:00+00:00,official_result,29,2026-06-20T04:30:00+00:00,data/resultados_reais.csv
98,2026-07-10T17:00:00+00:00,official_result,31,2026-06-20T06:30:00+00:00,data/resultados_reais.csv
98,2026-07-10T17:00:00+00:00,official_result,35,2026-06-20T20:30:00+00:00,data/resultados_reais.csv
98,2026-07-10T17:00:00+00:00,official_result,33,2026-06-20T23:30:00+00:00,data/resultados_reais.csv
98,2026-07-10T17:00:00+00:00,official_result,34,2026-06-21T03:30:00+00:00,data/resultados_reais.csv
98,2026-07-10T17:00:00+00:00,official_result,36,2026-06-21T07:30:00+00:00,data/resultados_reais.csv
98,2026-07-10T17:00:00+00:00,official_result,38,2026-06-21T19:30:00+00:00,data/resultados_reais.csv
98,2026-07-10T17:00:00+00:00,official_result,39,2026-06-21T22:30:00+00:00,data/resultados_reais.csv
98,2026-07-10T17:00:00+00:00,official_result,37,2026-06-22T01:30:00+00:00,data/resultados_reais.csv
98,2026-07-10T17:00:00+00:00,official_result,40,2026-06-22T04:30:00+00:00,data/resultados_reais.csv
98,2026-07-10T17:00:00+00:00,official_result,43,2026-06-22T20:30:00+00:00,data/resultados_reais.csv
98,2026-07-10T17:00:00+00:00,official_result,42,2026-06-23T00:30:00+00:00,data/resultados_reais.csv
98,2026-07-10T17:00:00+00:00,official_result,41,2026-06-23T03:30:00+00:00,data/resultados_reais.csv
98,2026-07-10T17:00:00+00:00,official_result,44,2026-06-23T06:30:00+00:00,data/resultados_reais.csv
98,2026-07-10T17:00:00+00:00,official_result,47,2026-06-23T20:30:00+00:00,data/resultados_reais.csv
98,2026-07-10T17:00:00+00:00,official_result,45,2026-06-23T23:30:00+00:00,data/resultados_reais.csv
98,2026-07-10T17:00:00+00:00,official_result,46,2026-06-24T02:30:00+00:00,data/resultados_reais.csv
98,2026-07-10T17:00:00+00:00,official_result,48,2026-06-24T05:30:00+00:00,data/resultados_reais.csv
98,2026-07-10T17:00:00+00:00,official_result,51,2026-06-24T22:30:00+00:00,data/resultados_reais.csv
98,2026-07-10T17:00:00+00:00,official_result,52,2026-06-24T22:30:00+00:00,data/resultados_reais.csv
98,2026-07-10T17:00:00+00:00,official_result,49,2026-06-25T01:30:00+00:00,data/resultados_reais.csv
98,2026-07-10T17:00:00+00:00,official_result,50,2026-06-25T01:30:00+00:00,data/resultados_reais.csv
98,2026-07-10T17:00:00+00:00,official_result,53,2026-06-25T04:30:00+00:00,data/resultados_reais.csv
98,2026-07-10T17:00:00+00:00,official_result,54,2026-06-25T04:30:00+00:00,data/resultados_reais.csv
98,2026-07-10T17:00:00+00:00,official_result,55,2026-06-25T23:30:00+00:00,data/resultados_reais.csv
98,2026-07-10T17:00:00+00:00,official_result,56,2026-06-25T23:30:00+00:00,data/resultados_reais.csv
98,2026-07-10T17:00:00+00:00,official_result,57,2026-06-26T02:30:00+00:00,data/resultados_reais.csv
98,2026-07-10T17:00:00+00:00,official_result,58,2026-06-26T02:30:00+00:00,data/resultados_reais.csv
98,2026-07-10T17:00:00+00:00,official_result,59,2026-06-26T05:30:00+00:00,data/resultados_reais.csv
98,2026-07-10T17:00:00+00:00,official_result,60,2026-06-26T05:30:00+00:00,data/resultados_reais.csv
98,2026-07-10T17:00:00+00:00,official_result,61,2026-06-26T22:30:00+00:00,data/resultados_reais.csv
98,2026-07-10T17:00:00+00:00,official_result,62,2026-06-26T22:30:00+00:00,data/resultados_reais.csv
98,2026-07-10T17:00:00+00:00,official_result,65,2026-06-27T03:30:00+00:00,data/resultados_reais.csv
98,2026-07-10T17:00:00+00:00,official_result,66,2026-06-27T03:30:00+00:00,data/resultados_reais.csv
98,2026-07-10T17:00:00+00:00,official_result,63,2026-06-27T06:30:00+00:00,data/resultados_reais.csv
98,2026-07-10T17:00:00+00:00,official_result,64,2026-06-27T06:30:00+00:00,data/resultados_reais.csv
98,2026-07-10T17:00:00+00:00,official_result,67,2026-06-28T00:30:00+00:00,data/resultados_reais.csv
98,2026-07-10T17:00:00+00:00,official_result,68,2026-06-28T00:30:00+00:00,data/resultados_reais.csv
98,2026-07-10T17:00:00+00:00,official_result,71,2026-06-28T03:00:00+00:00,data/resultados_reais.csv
98,2026-07-10T17:00:00+00:00,official_result,72,2026-06-28T03:00:00+00:00,data/resultados_reais.csv
98,2026-07-10T17:00:00+00:00,official_result,69,2026-06-28T05:30:00+00:00,data/resultados_reais.csv
98,2026-07-10T17:00:00+00:00,official_result,70,2026-06-28T05:30:00+00:00,data/resultados_reais.csv
98,2026-07-10T17:00:00+00:00,official_result,73,2026-06-28T23:30:00+00:00,data/resultados_reais.csv
98,2026-07-10T17:00:00+00:00,official_result,76,2026-06-29T21:30:00+00:00,data/resultados_reais.csv
98,2026-07-10T17:00:00+00:00,official_result,74,2026-06-30T01:00:00+00:00,data/resultados_reais.csv
98,2026-07-10T17:00:00+00:00,official_result,75,2026-06-30T05:30:00+00:00,data/resultados_reais.csv
98,2026-07-10T17:00:00+00:00,official_result,78,2026-06-30T21:30:00+00:00,data/resultados_reais.csv
98,2026-07-10T17:00:00+00:00,official_result,77,2026-07-01T01:30:00+00:00,data/resultados_reais.csv
98,2026-07-10T17:00:00+00:00,official_result,79,2026-07-01T05:30:00+00:00,data/resultados_reais.csv
98,2026-07-10T17:00:00+00:00,official_result,80,2026-07-01T20:30:00+00:00,data/resultados_reais.csv
98,2026-07-10T17:00:00+00:00,official_result,82,2026-07-02T00:30:00+00:00,data/resultados_reais.csv
98,2026-07-10T17:00:00+00:00,official_result,81,2026-07-02T04:30:00+00:00,data/resultados_reais.csv
98,2026-07-10T17:00:00+00:00,official_result,84,2026-07-02T23:30:00+00:00,data/resultados_reais.csv
98,2026-07-10T17:00:00+00:00,official_result,83,2026-07-03T03:30:00+00:00,data/resultados_reais.csv
98,2026-07-10T17:00:00+00:00,official_result,85,2026-07-03T07:30:00+00:00,data/resultados_reais.csv
98,2026-07-10T17:00:00+00:00,official_result,88,2026-07-03T22:30:00+00:00,data/resultados_reais.csv
98,2026-07-10T17:00:00+00:00,official_result,86,2026-07-04T02:30:00+00:00,data/resultados_reais.csv
98,2026-07-10T17:00:00+00:00,official_result,87,2026-07-04T06:00:00+00:00,data/resultados_reais.csv
98,2026-07-10T17:00:00+00:00,official_result,90,2026-07-04T21:30:00+00:00,data/resultados_reais.csv
98,2026-07-10T17:00:00+00:00,official_result,89,2026-07-05T01:30:00+00:00,data/resultados_reais.csv
98,2026-07-10T17:00:00+00:00,official_result,91,2026-07-06T00:30:00+00:00,data/resultados_reais.csv
98,2026-07-10T17:00:00+00:00,official_result,92,2026-07-06T04:30:00+00:00,data/resultados_reais.csv
98,2026-07-10T17:00:00+00:00,official_result,93,2026-07-06T23:30:00+00:00,data/resultados_reais.csv
98,2026-07-10T17:00:00+00:00,official_result,94,2026-07-07T04:30:00+00:00,data/resultados_reais.csv
98,2026-07-10T17:00:00+00:00,official_result,95,2026-07-07T20:30:00+00:00,data/resultados_reais.csv
98,2026-07-10T17:00:00+00:00,official_result,96,2026-07-08T00:30:00+00:00,data/resultados_reais.csv
98,2026-07-10T17:00:00+00:00,official_result,97,2026-07-10T00:30:00+00:00,data/resultados_reais.csv
99,2026-07-11T19:00:00+00:00,team_profile,Noruega,2026-06-11T03:59:59+00:00,data/pre_worldcup_state/teams.csv
99,2026-07-11T19:00:00+00:00,team_profile,Inglaterra,2026-06-11T03:59:59+00:00,data/pre_worldcup_state/teams.csv
99,2026-07-11T19:00:00+00:00,fixture,99,2026-07-06T04:30:00+00:00,data/temporal/matches_timeline.csv
99,2026-07-11T19:00:00+00:00,official_result,1,2026-06-11T22:30:00+00:00,data/resultados_reais.csv
99,2026-07-11T19:00:00+00:00,official_result,2,2026-06-12T05:30:00+00:00,data/resultados_reais.csv
99,2026-07-11T19:00:00+00:00,official_result,3,2026-06-12T22:30:00+00:00,data/resultados_reais.csv
99,2026-07-11T19:00:00+00:00,official_result,4,2026-06-13T04:30:00+00:00,data/resultados_reais.csv
99,2026-07-11T19:00:00+00:00,official_result,8,2026-06-13T22:30:00+00:00,data/resultados_reais.csv
99,2026-07-11T19:00:00+00:00,official_result,7,2026-06-14T01:30:00+00:00,data/resultados_reais.csv
99,2026-07-11T19:00:00+00:00,official_result,5,2026-06-14T04:30:00+00:00,data/resultados_reais.csv
99,2026-07-11T19:00:00+00:00,official_result,6,2026-06-14T07:30:00+00:00,data/resultados_reais.csv
99,2026-07-11T19:00:00+00:00,official_result,10,2026-06-14T20:30:00+00:00,data/resultados_reais.csv
99,2026-07-11T19:00:00+00:00,official_result,11,2026-06-14T23:30:00+00:00,data/resultados_reais.csv
99,2026-07-11T19:00:00+00:00,official_result,9,2026-06-15T02:30:00+00:00,data/resultados_reais.csv
99,2026-07-11T19:00:00+00:00,official_result,12,2026-06-15T05:30:00+00:00,data/resultados_reais.csv
99,2026-07-11T19:00:00+00:00,official_result,14,2026-06-15T19:30:00+00:00,data/resultados_reais.csv
99,2026-07-11T19:00:00+00:00,official_result,16,2026-06-15T22:30:00+00:00,data/resultados_reais.csv
99,2026-07-11T19:00:00+00:00,official_result,13,2026-06-16T01:30:00+00:00,data/resultados_reais.csv
99,2026-07-11T19:00:00+00:00,official_result,15,2026-06-16T04:30:00+00:00,data/resultados_reais.csv
99,2026-07-11T19:00:00+00:00,official_result,17,2026-06-16T22:30:00+00:00,data/resultados_reais.csv
99,2026-07-11T19:00:00+00:00,official_result,18,2026-06-17T01:30:00+00:00,data/resultados_reais.csv
99,2026-07-11T19:00:00+00:00,official_result,19,2026-06-17T04:30:00+00:00,data/resultados_reais.csv
99,2026-07-11T19:00:00+00:00,official_result,20,2026-06-17T07:30:00+00:00,data/resultados_reais.csv
99,2026-07-11T19:00:00+00:00,official_result,23,2026-06-17T20:30:00+00:00,data/resultados_reais.csv
99,2026-07-11T19:00:00+00:00,official_result,22,2026-06-17T23:30:00+00:00,data/resultados_reais.csv
99,2026-07-11T19:00:00+00:00,official_result,21,2026-06-18T02:30:00+00:00,data/resultados_reais.csv
99,2026-07-11T19:00:00+00:00,official_result,24,2026-06-18T05:30:00+00:00,data/resultados_reais.csv
99,2026-07-11T19:00:00+00:00,official_result,25,2026-06-18T19:30:00+00:00,data/resultados_reais.csv
99,2026-07-11T19:00:00+00:00,official_result,26,2026-06-18T22:30:00+00:00,data/resultados_reais.csv
99,2026-07-11T19:00:00+00:00,official_result,27,2026-06-19T01:30:00+00:00,data/resultados_reais.csv
99,2026-07-11T19:00:00+00:00,official_result,28,2026-06-19T04:30:00+00:00,data/resultados_reais.csv
99,2026-07-11T19:00:00+00:00,official_result,32,2026-06-19T22:30:00+00:00,data/resultados_reais.csv
99,2026-07-11T19:00:00+00:00,official_result,30,2026-06-20T01:30:00+00:00,data/resultados_reais.csv
99,2026-07-11T19:00:00+00:00,official_result,29,2026-06-20T04:30:00+00:00,data/resultados_reais.csv
99,2026-07-11T19:00:00+00:00,official_result,31,2026-06-20T06:30:00+00:00,data/resultados_reais.csv
99,2026-07-11T19:00:00+00:00,official_result,35,2026-06-20T20:30:00+00:00,data/resultados_reais.csv
99,2026-07-11T19:00:00+00:00,official_result,33,2026-06-20T23:30:00+00:00,data/resultados_reais.csv
99,2026-07-11T19:00:00+00:00,official_result,34,2026-06-21T03:30:00+00:00,data/resultados_reais.csv
99,2026-07-11T19:00:00+00:00,official_result,36,2026-06-21T07:30:00+00:00,data/resultados_reais.csv
99,2026-07-11T19:00:00+00:00,official_result,38,2026-06-21T19:30:00+00:00,data/resultados_reais.csv
99,2026-07-11T19:00:00+00:00,official_result,39,2026-06-21T22:30:00+00:00,data/resultados_reais.csv
99,2026-07-11T19:00:00+00:00,official_result,37,2026-06-22T01:30:00+00:00,data/resultados_reais.csv
99,2026-07-11T19:00:00+00:00,official_result,40,2026-06-22T04:30:00+00:00,data/resultados_reais.csv
99,2026-07-11T19:00:00+00:00,official_result,43,2026-06-22T20:30:00+00:00,data/resultados_reais.csv
99,2026-07-11T19:00:00+00:00,official_result,42,2026-06-23T00:30:00+00:00,data/resultados_reais.csv
99,2026-07-11T19:00:00+00:00,official_result,41,2026-06-23T03:30:00+00:00,data/resultados_reais.csv
99,2026-07-11T19:00:00+00:00,official_result,44,2026-06-23T06:30:00+00:00,data/resultados_reais.csv
99,2026-07-11T19:00:00+00:00,official_result,47,2026-06-23T20:30:00+00:00,data/resultados_reais.csv
99,2026-07-11T19:00:00+00:00,official_result,45,2026-06-23T23:30:00+00:00,data/resultados_reais.csv
99,2026-07-11T19:00:00+00:00,official_result,46,2026-06-24T02:30:00+00:00,data/resultados_reais.csv
99,2026-07-11T19:00:00+00:00,official_result,48,2026-06-24T05:30:00+00:00,data/resultados_reais.csv
99,2026-07-11T19:00:00+00:00,official_result,51,2026-06-24T22:30:00+00:00,data/resultados_reais.csv
99,2026-07-11T19:00:00+00:00,official_result,52,2026-06-24T22:30:00+00:00,data/resultados_reais.csv
99,2026-07-11T19:00:00+00:00,official_result,49,2026-06-25T01:30:00+00:00,data/resultados_reais.csv
99,2026-07-11T19:00:00+00:00,official_result,50,2026-06-25T01:30:00+00:00,data/resultados_reais.csv
99,2026-07-11T19:00:00+00:00,official_result,53,2026-06-25T04:30:00+00:00,data/resultados_reais.csv
99,2026-07-11T19:00:00+00:00,official_result,54,2026-06-25T04:30:00+00:00,data/resultados_reais.csv
99,2026-07-11T19:00:00+00:00,official_result,55,2026-06-25T23:30:00+00:00,data/resultados_reais.csv
99,2026-07-11T19:00:00+00:00,official_result,56,2026-06-25T23:30:00+00:00,data/resultados_reais.csv
99,2026-07-11T19:00:00+00:00,official_result,57,2026-06-26T02:30:00+00:00,data/resultados_reais.csv
99,2026-07-11T19:00:00+00:00,official_result,58,2026-06-26T02:30:00+00:00,data/resultados_reais.csv
99,2026-07-11T19:00:00+00:00,official_result,59,2026-06-26T05:30:00+00:00,data/resultados_reais.csv
99,2026-07-11T19:00:00+00:00,official_result,60,2026-06-26T05:30:00+00:00,data/resultados_reais.csv
99,2026-07-11T19:00:00+00:00,official_result,61,2026-06-26T22:30:00+00:00,data/resultados_reais.csv
99,2026-07-11T19:00:00+00:00,official_result,62,2026-06-26T22:30:00+00:00,data/resultados_reais.csv
99,2026-07-11T19:00:00+00:00,official_result,65,2026-06-27T03:30:00+00:00,data/resultados_reais.csv
99,2026-07-11T19:00:00+00:00,official_result,66,2026-06-27T03:30:00+00:00,data/resultados_reais.csv
99,2026-07-11T19:00:00+00:00,official_result,63,2026-06-27T06:30:00+00:00,data/resultados_reais.csv
99,2026-07-11T19:00:00+00:00,official_result,64,2026-06-27T06:30:00+00:00,data/resultados_reais.csv
99,2026-07-11T19:00:00+00:00,official_result,67,2026-06-28T00:30:00+00:00,data/resultados_reais.csv
99,2026-07-11T19:00:00+00:00,official_result,68,2026-06-28T00:30:00+00:00,data/resultados_reais.csv
99,2026-07-11T19:00:00+00:00,official_result,71,2026-06-28T03:00:00+00:00,data/resultados_reais.csv
99,2026-07-11T19:00:00+00:00,official_result,72,2026-06-28T03:00:00+00:00,data/resultados_reais.csv
99,2026-07-11T19:00:00+00:00,official_result,69,2026-06-28T05:30:00+00:00,data/resultados_reais.csv
99,2026-07-11T19:00:00+00:00,official_result,70,2026-06-28T05:30:00+00:00,data/resultados_reais.csv
99,2026-07-11T19:00:00+00:00,official_result,73,2026-06-28T23:30:00+00:00,data/resultados_reais.csv
99,2026-07-11T19:00:00+00:00,official_result,76,2026-06-29T21:30:00+00:00,data/resultados_reais.csv
99,2026-07-11T19:00:00+00:00,official_result,74,2026-06-30T01:00:00+00:00,data/resultados_reais.csv
99,2026-07-11T19:00:00+00:00,official_result,75,2026-06-30T05:30:00+00:00,data/resultados_reais.csv
99,2026-07-11T19:00:00+00:00,official_result,78,2026-06-30T21:30:00+00:00,data/resultados_reais.csv
99,2026-07-11T19:00:00+00:00,official_result,77,2026-07-01T01:30:00+00:00,data/resultados_reais.csv
99,2026-07-11T19:00:00+00:00,official_result,79,2026-07-01T05:30:00+00:00,data/resultados_reais.csv
99,2026-07-11T19:00:00+00:00,official_result,80,2026-07-01T20:30:00+00:00,data/resultados_reais.csv
99,2026-07-11T19:00:00+00:00,official_result,82,2026-07-02T00:30:00+00:00,data/resultados_reais.csv
99,2026-07-11T19:00:00+00:00,official_result,81,2026-07-02T04:30:00+00:00,data/resultados_reais.csv
99,2026-07-11T19:00:00+00:00,official_result,84,2026-07-02T23:30:00+00:00,data/resultados_reais.csv
99,2026-07-11T19:00:00+00:00,official_result,83,2026-07-03T03:30:00+00:00,data/resultados_reais.csv
99,2026-07-11T19:00:00+00:00,official_result,85,2026-07-03T07:30:00+00:00,data/resultados_reais.csv
99,2026-07-11T19:00:00+00:00,official_result,88,2026-07-03T22:30:00+00:00,data/resultados_reais.csv
99,2026-07-11T19:00:00+00:00,official_result,86,2026-07-04T02:30:00+00:00,data/resultados_reais.csv
99,2026-07-11T19:00:00+00:00,official_result,87,2026-07-04T06:00:00+00:00,data/resultados_reais.csv
99,2026-07-11T19:00:00+00:00,official_result,90,2026-07-04T21:30:00+00:00,data/resultados_reais.csv
99,2026-07-11T19:00:00+00:00,official_result,89,2026-07-05T01:30:00+00:00,data/resultados_reais.csv
99,2026-07-11T19:00:00+00:00,official_result,91,2026-07-06T00:30:00+00:00,data/resultados_reais.csv
99,2026-07-11T19:00:00+00:00,official_result,92,2026-07-06T04:30:00+00:00,data/resultados_reais.csv
99,2026-07-11T19:00:00+00:00,official_result,93,2026-07-06T23:30:00+00:00,data/resultados_reais.csv
99,2026-07-11T19:00:00+00:00,official_result,94,2026-07-07T04:30:00+00:00,data/resultados_reais.csv
99,2026-07-11T19:00:00+00:00,official_result,95,2026-07-07T20:30:00+00:00,data/resultados_reais.csv
99,2026-07-11T19:00:00+00:00,official_result,96,2026-07-08T00:30:00+00:00,data/resultados_reais.csv
99,2026-07-11T19:00:00+00:00,official_result,97,2026-07-10T00:30:00+00:00,data/resultados_reais.csv
99,2026-07-11T19:00:00+00:00,official_result,98,2026-07-10T23:30:00+00:00,data/resultados_reais.csv
100,2026-07-11T23:00:00+00:00,team_profile,Argentina,2026-06-11T03:59:59+00:00,data/pre_worldcup_state/teams.csv
100,2026-07-11T23:00:00+00:00,team_profile,Suíça,2026-06-11T03:59:59+00:00,data/pre_worldcup_state/teams.csv
100,2026-07-11T23:00:00+00:00,fixture,100,2026-07-08T00:30:00+00:00,data/temporal/matches_timeline.csv
100,2026-07-11T23:00:00+00:00,official_result,1,2026-06-11T22:30:00+00:00,data/resultados_reais.csv
100,2026-07-11T23:00:00+00:00,official_result,2,2026-06-12T05:30:00+00:00,data/resultados_reais.csv
100,2026-07-11T23:00:00+00:00,official_result,3,2026-06-12T22:30:00+00:00,data/resultados_reais.csv
100,2026-07-11T23:00:00+00:00,official_result,4,2026-06-13T04:30:00+00:00,data/resultados_reais.csv
100,2026-07-11T23:00:00+00:00,official_result,8,2026-06-13T22:30:00+00:00,data/resultados_reais.csv
100,2026-07-11T23:00:00+00:00,official_result,7,2026-06-14T01:30:00+00:00,data/resultados_reais.csv
100,2026-07-11T23:00:00+00:00,official_result,5,2026-06-14T04:30:00+00:00,data/resultados_reais.csv
100,2026-07-11T23:00:00+00:00,official_result,6,2026-06-14T07:30:00+00:00,data/resultados_reais.csv
100,2026-07-11T23:00:00+00:00,official_result,10,2026-06-14T20:30:00+00:00,data/resultados_reais.csv
100,2026-07-11T23:00:00+00:00,official_result,11,2026-06-14T23:30:00+00:00,data/resultados_reais.csv
100,2026-07-11T23:00:00+00:00,official_result,9,2026-06-15T02:30:00+00:00,data/resultados_reais.csv
100,2026-07-11T23:00:00+00:00,official_result,12,2026-06-15T05:30:00+00:00,data/resultados_reais.csv
100,2026-07-11T23:00:00+00:00,official_result,14,2026-06-15T19:30:00+00:00,data/resultados_reais.csv
100,2026-07-11T23:00:00+00:00,official_result,16,2026-06-15T22:30:00+00:00,data/resultados_reais.csv
100,2026-07-11T23:00:00+00:00,official_result,13,2026-06-16T01:30:00+00:00,data/resultados_reais.csv
100,2026-07-11T23:00:00+00:00,official_result,15,2026-06-16T04:30:00+00:00,data/resultados_reais.csv
100,2026-07-11T23:00:00+00:00,official_result,17,2026-06-16T22:30:00+00:00,data/resultados_reais.csv
100,2026-07-11T23:00:00+00:00,official_result,18,2026-06-17T01:30:00+00:00,data/resultados_reais.csv
100,2026-07-11T23:00:00+00:00,official_result,19,2026-06-17T04:30:00+00:00,data/resultados_reais.csv
100,2026-07-11T23:00:00+00:00,official_result,20,2026-06-17T07:30:00+00:00,data/resultados_reais.csv
100,2026-07-11T23:00:00+00:00,official_result,23,2026-06-17T20:30:00+00:00,data/resultados_reais.csv
100,2026-07-11T23:00:00+00:00,official_result,22,2026-06-17T23:30:00+00:00,data/resultados_reais.csv
100,2026-07-11T23:00:00+00:00,official_result,21,2026-06-18T02:30:00+00:00,data/resultados_reais.csv
100,2026-07-11T23:00:00+00:00,official_result,24,2026-06-18T05:30:00+00:00,data/resultados_reais.csv
100,2026-07-11T23:00:00+00:00,official_result,25,2026-06-18T19:30:00+00:00,data/resultados_reais.csv
100,2026-07-11T23:00:00+00:00,official_result,26,2026-06-18T22:30:00+00:00,data/resultados_reais.csv
100,2026-07-11T23:00:00+00:00,official_result,27,2026-06-19T01:30:00+00:00,data/resultados_reais.csv
100,2026-07-11T23:00:00+00:00,official_result,28,2026-06-19T04:30:00+00:00,data/resultados_reais.csv
100,2026-07-11T23:00:00+00:00,official_result,32,2026-06-19T22:30:00+00:00,data/resultados_reais.csv
100,2026-07-11T23:00:00+00:00,official_result,30,2026-06-20T01:30:00+00:00,data/resultados_reais.csv
100,2026-07-11T23:00:00+00:00,official_result,29,2026-06-20T04:30:00+00:00,data/resultados_reais.csv
100,2026-07-11T23:00:00+00:00,official_result,31,2026-06-20T06:30:00+00:00,data/resultados_reais.csv
100,2026-07-11T23:00:00+00:00,official_result,35,2026-06-20T20:30:00+00:00,data/resultados_reais.csv
100,2026-07-11T23:00:00+00:00,official_result,33,2026-06-20T23:30:00+00:00,data/resultados_reais.csv
100,2026-07-11T23:00:00+00:00,official_result,34,2026-06-21T03:30:00+00:00,data/resultados_reais.csv
100,2026-07-11T23:00:00+00:00,official_result,36,2026-06-21T07:30:00+00:00,data/resultados_reais.csv
100,2026-07-11T23:00:00+00:00,official_result,38,2026-06-21T19:30:00+00:00,data/resultados_reais.csv
100,2026-07-11T23:00:00+00:00,official_result,39,2026-06-21T22:30:00+00:00,data/resultados_reais.csv
100,2026-07-11T23:00:00+00:00,official_result,37,2026-06-22T01:30:00+00:00,data/resultados_reais.csv
100,2026-07-11T23:00:00+00:00,official_result,40,2026-06-22T04:30:00+00:00,data/resultados_reais.csv
100,2026-07-11T23:00:00+00:00,official_result,43,2026-06-22T20:30:00+00:00,data/resultados_reais.csv
100,2026-07-11T23:00:00+00:00,official_result,42,2026-06-23T00:30:00+00:00,data/resultados_reais.csv
100,2026-07-11T23:00:00+00:00,official_result,41,2026-06-23T03:30:00+00:00,data/resultados_reais.csv
100,2026-07-11T23:00:00+00:00,official_result,44,2026-06-23T06:30:00+00:00,data/resultados_reais.csv
100,2026-07-11T23:00:00+00:00,official_result,47,2026-06-23T20:30:00+00:00,data/resultados_reais.csv
100,2026-07-11T23:00:00+00:00,official_result,45,2026-06-23T23:30:00+00:00,data/resultados_reais.csv
100,2026-07-11T23:00:00+00:00,official_result,46,2026-06-24T02:30:00+00:00,data/resultados_reais.csv
100,2026-07-11T23:00:00+00:00,official_result,48,2026-06-24T05:30:00+00:00,data/resultados_reais.csv
100,2026-07-11T23:00:00+00:00,official_result,51,2026-06-24T22:30:00+00:00,data/resultados_reais.csv
100,2026-07-11T23:00:00+00:00,official_result,52,2026-06-24T22:30:00+00:00,data/resultados_reais.csv
100,2026-07-11T23:00:00+00:00,official_result,49,2026-06-25T01:30:00+00:00,data/resultados_reais.csv
100,2026-07-11T23:00:00+00:00,official_result,50,2026-06-25T01:30:00+00:00,data/resultados_reais.csv
100,2026-07-11T23:00:00+00:00,official_result,53,2026-06-25T04:30:00+00:00,data/resultados_reais.csv
100,2026-07-11T23:00:00+00:00,official_result,54,2026-06-25T04:30:00+00:00,data/resultados_reais.csv
100,2026-07-11T23:00:00+00:00,official_result,55,2026-06-25T23:30:00+00:00,data/resultados_reais.csv
100,2026-07-11T23:00:00+00:00,official_result,56,2026-06-25T23:30:00+00:00,data/resultados_reais.csv
100,2026-07-11T23:00:00+00:00,official_result,57,2026-06-26T02:30:00+00:00,data/resultados_reais.csv
100,2026-07-11T23:00:00+00:00,official_result,58,2026-06-26T02:30:00+00:00,data/resultados_reais.csv
100,2026-07-11T23:00:00+00:00,official_result,59,2026-06-26T05:30:00+00:00,data/resultados_reais.csv
100,2026-07-11T23:00:00+00:00,official_result,60,2026-06-26T05:30:00+00:00,data/resultados_reais.csv
100,2026-07-11T23:00:00+00:00,official_result,61,2026-06-26T22:30:00+00:00,data/resultados_reais.csv
100,2026-07-11T23:00:00+00:00,official_result,62,2026-06-26T22:30:00+00:00,data/resultados_reais.csv
100,2026-07-11T23:00:00+00:00,official_result,65,2026-06-27T03:30:00+00:00,data/resultados_reais.csv
100,2026-07-11T23:00:00+00:00,official_result,66,2026-06-27T03:30:00+00:00,data/resultados_reais.csv
100,2026-07-11T23:00:00+00:00,official_result,63,2026-06-27T06:30:00+00:00,data/resultados_reais.csv
100,2026-07-11T23:00:00+00:00,official_result,64,2026-06-27T06:30:00+00:00,data/resultados_reais.csv
100,2026-07-11T23:00:00+00:00,official_result,67,2026-06-28T00:30:00+00:00,data/resultados_reais.csv
100,2026-07-11T23:00:00+00:00,official_result,68,2026-06-28T00:30:00+00:00,data/resultados_reais.csv
100,2026-07-11T23:00:00+00:00,official_result,71,2026-06-28T03:00:00+00:00,data/resultados_reais.csv
100,2026-07-11T23:00:00+00:00,official_result,72,2026-06-28T03:00:00+00:00,data/resultados_reais.csv
100,2026-07-11T23:00:00+00:00,official_result,69,2026-06-28T05:30:00+00:00,data/resultados_reais.csv
100,2026-07-11T23:00:00+00:00,official_result,70,2026-06-28T05:30:00+00:00,data/resultados_reais.csv
100,2026-07-11T23:00:00+00:00,official_result,73,2026-06-28T23:30:00+00:00,data/resultados_reais.csv
100,2026-07-11T23:00:00+00:00,official_result,76,2026-06-29T21:30:00+00:00,data/resultados_reais.csv
100,2026-07-11T23:00:00+00:00,official_result,74,2026-06-30T01:00:00+00:00,data/resultados_reais.csv
100,2026-07-11T23:00:00+00:00,official_result,75,2026-06-30T05:30:00+00:00,data/resultados_reais.csv
100,2026-07-11T23:00:00+00:00,official_result,78,2026-06-30T21:30:00+00:00,data/resultados_reais.csv
100,2026-07-11T23:00:00+00:00,official_result,77,2026-07-01T01:30:00+00:00,data/resultados_reais.csv
100,2026-07-11T23:00:00+00:00,official_result,79,2026-07-01T05:30:00+00:00,data/resultados_reais.csv
100,2026-07-11T23:00:00+00:00,official_result,80,2026-07-01T20:30:00+00:00,data/resultados_reais.csv
100,2026-07-11T23:00:00+00:00,official_result,82,2026-07-02T00:30:00+00:00,data/resultados_reais.csv
100,2026-07-11T23:00:00+00:00,official_result,81,2026-07-02T04:30:00+00:00,data/resultados_reais.csv
100,2026-07-11T23:00:00+00:00,official_result,84,2026-07-02T23:30:00+00:00,data/resultados_reais.csv
100,2026-07-11T23:00:00+00:00,official_result,83,2026-07-03T03:30:00+00:00,data/resultados_reais.csv
100,2026-07-11T23:00:00+00:00,official_result,85,2026-07-03T07:30:00+00:00,data/resultados_reais.csv
100,2026-07-11T23:00:00+00:00,official_result,88,2026-07-03T22:30:00+00:00,data/resultados_reais.csv
100,2026-07-11T23:00:00+00:00,official_result,86,2026-07-04T02:30:00+00:00,data/resultados_reais.csv
100,2026-07-11T23:00:00+00:00,official_result,87,2026-07-04T06:00:00+00:00,data/resultados_reais.csv
100,2026-07-11T23:00:00+00:00,official_result,90,2026-07-04T21:30:00+00:00,data/resultados_reais.csv
100,2026-07-11T23:00:00+00:00,official_result,89,2026-07-05T01:30:00+00:00,data/resultados_reais.csv
100,2026-07-11T23:00:00+00:00,official_result,91,2026-07-06T00:30:00+00:00,data/resultados_reais.csv
100,2026-07-11T23:00:00+00:00,official_result,92,2026-07-06T04:30:00+00:00,data/resultados_reais.csv
100,2026-07-11T23:00:00+00:00,official_result,93,2026-07-06T23:30:00+00:00,data/resultados_reais.csv
100,2026-07-11T23:00:00+00:00,official_result,94,2026-07-07T04:30:00+00:00,data/resultados_reais.csv
100,2026-07-11T23:00:00+00:00,official_result,95,2026-07-07T20:30:00+00:00,data/resultados_reais.csv
100,2026-07-11T23:00:00+00:00,official_result,96,2026-07-08T00:30:00+00:00,data/resultados_reais.csv
100,2026-07-11T23:00:00+00:00,official_result,97,2026-07-10T00:30:00+00:00,data/resultados_reais.csv
100,2026-07-11T23:00:00+00:00,official_result,98,2026-07-10T23:30:00+00:00,data/resultados_reais.csv
101,2026-07-14T17:00:00+00:00,team_profile,França,2026-06-11T03:59:59+00:00,data/pre_worldcup_state/teams.csv
101,2026-07-14T17:00:00+00:00,team_profile,Espanha,2026-06-11T03:59:59+00:00,data/pre_worldcup_state/teams.csv
101,2026-07-14T17:00:00+00:00,fixture,101,2026-07-10T23:30:00+00:00,data/temporal/matches_timeline.csv
101,2026-07-14T17:00:00+00:00,official_result,1,2026-06-11T22:30:00+00:00,data/resultados_reais.csv
101,2026-07-14T17:00:00+00:00,official_result,2,2026-06-12T05:30:00+00:00,data/resultados_reais.csv
101,2026-07-14T17:00:00+00:00,official_result,3,2026-06-12T22:30:00+00:00,data/resultados_reais.csv
101,2026-07-14T17:00:00+00:00,official_result,4,2026-06-13T04:30:00+00:00,data/resultados_reais.csv
101,2026-07-14T17:00:00+00:00,official_result,8,2026-06-13T22:30:00+00:00,data/resultados_reais.csv
101,2026-07-14T17:00:00+00:00,official_result,7,2026-06-14T01:30:00+00:00,data/resultados_reais.csv
101,2026-07-14T17:00:00+00:00,official_result,5,2026-06-14T04:30:00+00:00,data/resultados_reais.csv
101,2026-07-14T17:00:00+00:00,official_result,6,2026-06-14T07:30:00+00:00,data/resultados_reais.csv
101,2026-07-14T17:00:00+00:00,official_result,10,2026-06-14T20:30:00+00:00,data/resultados_reais.csv
101,2026-07-14T17:00:00+00:00,official_result,11,2026-06-14T23:30:00+00:00,data/resultados_reais.csv
101,2026-07-14T17:00:00+00:00,official_result,9,2026-06-15T02:30:00+00:00,data/resultados_reais.csv
101,2026-07-14T17:00:00+00:00,official_result,12,2026-06-15T05:30:00+00:00,data/resultados_reais.csv
101,2026-07-14T17:00:00+00:00,official_result,14,2026-06-15T19:30:00+00:00,data/resultados_reais.csv
101,2026-07-14T17:00:00+00:00,official_result,16,2026-06-15T22:30:00+00:00,data/resultados_reais.csv
101,2026-07-14T17:00:00+00:00,official_result,13,2026-06-16T01:30:00+00:00,data/resultados_reais.csv
101,2026-07-14T17:00:00+00:00,official_result,15,2026-06-16T04:30:00+00:00,data/resultados_reais.csv
101,2026-07-14T17:00:00+00:00,official_result,17,2026-06-16T22:30:00+00:00,data/resultados_reais.csv
101,2026-07-14T17:00:00+00:00,official_result,18,2026-06-17T01:30:00+00:00,data/resultados_reais.csv
101,2026-07-14T17:00:00+00:00,official_result,19,2026-06-17T04:30:00+00:00,data/resultados_reais.csv
101,2026-07-14T17:00:00+00:00,official_result,20,2026-06-17T07:30:00+00:00,data/resultados_reais.csv
101,2026-07-14T17:00:00+00:00,official_result,23,2026-06-17T20:30:00+00:00,data/resultados_reais.csv
101,2026-07-14T17:00:00+00:00,official_result,22,2026-06-17T23:30:00+00:00,data/resultados_reais.csv
101,2026-07-14T17:00:00+00:00,official_result,21,2026-06-18T02:30:00+00:00,data/resultados_reais.csv
101,2026-07-14T17:00:00+00:00,official_result,24,2026-06-18T05:30:00+00:00,data/resultados_reais.csv
101,2026-07-14T17:00:00+00:00,official_result,25,2026-06-18T19:30:00+00:00,data/resultados_reais.csv
101,2026-07-14T17:00:00+00:00,official_result,26,2026-06-18T22:30:00+00:00,data/resultados_reais.csv
101,2026-07-14T17:00:00+00:00,official_result,27,2026-06-19T01:30:00+00:00,data/resultados_reais.csv
101,2026-07-14T17:00:00+00:00,official_result,28,2026-06-19T04:30:00+00:00,data/resultados_reais.csv
101,2026-07-14T17:00:00+00:00,official_result,32,2026-06-19T22:30:00+00:00,data/resultados_reais.csv
101,2026-07-14T17:00:00+00:00,official_result,30,2026-06-20T01:30:00+00:00,data/resultados_reais.csv
101,2026-07-14T17:00:00+00:00,official_result,29,2026-06-20T04:30:00+00:00,data/resultados_reais.csv
101,2026-07-14T17:00:00+00:00,official_result,31,2026-06-20T06:30:00+00:00,data/resultados_reais.csv
101,2026-07-14T17:00:00+00:00,official_result,35,2026-06-20T20:30:00+00:00,data/resultados_reais.csv
101,2026-07-14T17:00:00+00:00,official_result,33,2026-06-20T23:30:00+00:00,data/resultados_reais.csv
101,2026-07-14T17:00:00+00:00,official_result,34,2026-06-21T03:30:00+00:00,data/resultados_reais.csv
101,2026-07-14T17:00:00+00:00,official_result,36,2026-06-21T07:30:00+00:00,data/resultados_reais.csv
101,2026-07-14T17:00:00+00:00,official_result,38,2026-06-21T19:30:00+00:00,data/resultados_reais.csv
101,2026-07-14T17:00:00+00:00,official_result,39,2026-06-21T22:30:00+00:00,data/resultados_reais.csv
101,2026-07-14T17:00:00+00:00,official_result,37,2026-06-22T01:30:00+00:00,data/resultados_reais.csv
101,2026-07-14T17:00:00+00:00,official_result,40,2026-06-22T04:30:00+00:00,data/resultados_reais.csv
101,2026-07-14T17:00:00+00:00,official_result,43,2026-06-22T20:30:00+00:00,data/resultados_reais.csv
101,2026-07-14T17:00:00+00:00,official_result,42,2026-06-23T00:30:00+00:00,data/resultados_reais.csv
101,2026-07-14T17:00:00+00:00,official_result,41,2026-06-23T03:30:00+00:00,data/resultados_reais.csv
101,2026-07-14T17:00:00+00:00,official_result,44,2026-06-23T06:30:00+00:00,data/resultados_reais.csv
101,2026-07-14T17:00:00+00:00,official_result,47,2026-06-23T20:30:00+00:00,data/resultados_reais.csv
101,2026-07-14T17:00:00+00:00,official_result,45,2026-06-23T23:30:00+00:00,data/resultados_reais.csv
101,2026-07-14T17:00:00+00:00,official_result,46,2026-06-24T02:30:00+00:00,data/resultados_reais.csv
101,2026-07-14T17:00:00+00:00,official_result,48,2026-06-24T05:30:00+00:00,data/resultados_reais.csv
101,2026-07-14T17:00:00+00:00,official_result,51,2026-06-24T22:30:00+00:00,data/resultados_reais.csv
101,2026-07-14T17:00:00+00:00,official_result,52,2026-06-24T22:30:00+00:00,data/resultados_reais.csv
101,2026-07-14T17:00:00+00:00,official_result,49,2026-06-25T01:30:00+00:00,data/resultados_reais.csv
101,2026-07-14T17:00:00+00:00,official_result,50,2026-06-25T01:30:00+00:00,data/resultados_reais.csv
101,2026-07-14T17:00:00+00:00,official_result,53,2026-06-25T04:30:00+00:00,data/resultados_reais.csv
101,2026-07-14T17:00:00+00:00,official_result,54,2026-06-25T04:30:00+00:00,data/resultados_reais.csv
101,2026-07-14T17:00:00+00:00,official_result,55,2026-06-25T23:30:00+00:00,data/resultados_reais.csv
101,2026-07-14T17:00:00+00:00,official_result,56,2026-06-25T23:30:00+00:00,data/resultados_reais.csv
101,2026-07-14T17:00:00+00:00,official_result,57,2026-06-26T02:30:00+00:00,data/resultados_reais.csv
101,2026-07-14T17:00:00+00:00,official_result,58,2026-06-26T02:30:00+00:00,data/resultados_reais.csv
101,2026-07-14T17:00:00+00:00,official_result,59,2026-06-26T05:30:00+00:00,data/resultados_reais.csv
101,2026-07-14T17:00:00+00:00,official_result,60,2026-06-26T05:30:00+00:00,data/resultados_reais.csv
101,2026-07-14T17:00:00+00:00,official_result,61,2026-06-26T22:30:00+00:00,data/resultados_reais.csv
101,2026-07-14T17:00:00+00:00,official_result,62,2026-06-26T22:30:00+00:00,data/resultados_reais.csv
101,2026-07-14T17:00:00+00:00,official_result,65,2026-06-27T03:30:00+00:00,data/resultados_reais.csv
101,2026-07-14T17:00:00+00:00,official_result,66,2026-06-27T03:30:00+00:00,data/resultados_reais.csv
101,2026-07-14T17:00:00+00:00,official_result,63,2026-06-27T06:30:00+00:00,data/resultados_reais.csv
101,2026-07-14T17:00:00+00:00,official_result,64,2026-06-27T06:30:00+00:00,data/resultados_reais.csv
101,2026-07-14T17:00:00+00:00,official_result,67,2026-06-28T00:30:00+00:00,data/resultados_reais.csv
101,2026-07-14T17:00:00+00:00,official_result,68,2026-06-28T00:30:00+00:00,data/resultados_reais.csv
101,2026-07-14T17:00:00+00:00,official_result,71,2026-06-28T03:00:00+00:00,data/resultados_reais.csv
101,2026-07-14T17:00:00+00:00,official_result,72,2026-06-28T03:00:00+00:00,data/resultados_reais.csv
101,2026-07-14T17:00:00+00:00,official_result,69,2026-06-28T05:30:00+00:00,data/resultados_reais.csv
101,2026-07-14T17:00:00+00:00,official_result,70,2026-06-28T05:30:00+00:00,data/resultados_reais.csv
101,2026-07-14T17:00:00+00:00,official_result,73,2026-06-28T23:30:00+00:00,data/resultados_reais.csv
101,2026-07-14T17:00:00+00:00,official_result,76,2026-06-29T21:30:00+00:00,data/resultados_reais.csv
101,2026-07-14T17:00:00+00:00,official_result,74,2026-06-30T01:00:00+00:00,data/resultados_reais.csv
101,2026-07-14T17:00:00+00:00,official_result,75,2026-06-30T05:30:00+00:00,data/resultados_reais.csv
101,2026-07-14T17:00:00+00:00,official_result,78,2026-06-30T21:30:00+00:00,data/resultados_reais.csv
101,2026-07-14T17:00:00+00:00,official_result,77,2026-07-01T01:30:00+00:00,data/resultados_reais.csv
101,2026-07-14T17:00:00+00:00,official_result,79,2026-07-01T05:30:00+00:00,data/resultados_reais.csv
101,2026-07-14T17:00:00+00:00,official_result,80,2026-07-01T20:30:00+00:00,data/resultados_reais.csv
101,2026-07-14T17:00:00+00:00,official_result,82,2026-07-02T00:30:00+00:00,data/resultados_reais.csv
101,2026-07-14T17:00:00+00:00,official_result,81,2026-07-02T04:30:00+00:00,data/resultados_reais.csv
101,2026-07-14T17:00:00+00:00,official_result,84,2026-07-02T23:30:00+00:00,data/resultados_reais.csv
101,2026-07-14T17:00:00+00:00,official_result,83,2026-07-03T03:30:00+00:00,data/resultados_reais.csv
101,2026-07-14T17:00:00+00:00,official_result,85,2026-07-03T07:30:00+00:00,data/resultados_reais.csv
101,2026-07-14T17:00:00+00:00,official_result,88,2026-07-03T22:30:00+00:00,data/resultados_reais.csv
101,2026-07-14T17:00:00+00:00,official_result,86,2026-07-04T02:30:00+00:00,data/resultados_reais.csv
101,2026-07-14T17:00:00+00:00,official_result,87,2026-07-04T06:00:00+00:00,data/resultados_reais.csv
101,2026-07-14T17:00:00+00:00,official_result,90,2026-07-04T21:30:00+00:00,data/resultados_reais.csv
101,2026-07-14T17:00:00+00:00,official_result,89,2026-07-05T01:30:00+00:00,data/resultados_reais.csv
101,2026-07-14T17:00:00+00:00,official_result,91,2026-07-06T00:30:00+00:00,data/resultados_reais.csv
101,2026-07-14T17:00:00+00:00,official_result,92,2026-07-06T04:30:00+00:00,data/resultados_reais.csv
101,2026-07-14T17:00:00+00:00,official_result,93,2026-07-06T23:30:00+00:00,data/resultados_reais.csv
101,2026-07-14T17:00:00+00:00,official_result,94,2026-07-07T04:30:00+00:00,data/resultados_reais.csv
101,2026-07-14T17:00:00+00:00,official_result,95,2026-07-07T20:30:00+00:00,data/resultados_reais.csv
101,2026-07-14T17:00:00+00:00,official_result,96,2026-07-08T00:30:00+00:00,data/resultados_reais.csv
101,2026-07-14T17:00:00+00:00,official_result,97,2026-07-10T00:30:00+00:00,data/resultados_reais.csv
101,2026-07-14T17:00:00+00:00,official_result,98,2026-07-10T23:30:00+00:00,data/resultados_reais.csv
101,2026-07-14T17:00:00+00:00,official_result,99,2026-07-12T01:30:00+00:00,data/resultados_reais.csv
101,2026-07-14T17:00:00+00:00,official_result,100,2026-07-12T05:30:00+00:00,data/resultados_reais.csv
102,2026-07-15T17:00:00+00:00,team_profile,Inglaterra,2026-06-11T03:59:59+00:00,data/pre_worldcup_state/teams.csv
102,2026-07-15T17:00:00+00:00,team_profile,Argentina,2026-06-11T03:59:59+00:00,data/pre_worldcup_state/teams.csv
102,2026-07-15T17:00:00+00:00,fixture,102,2026-07-12T05:30:00+00:00,data/temporal/matches_timeline.csv
102,2026-07-15T17:00:00+00:00,official_result,1,2026-06-11T22:30:00+00:00,data/resultados_reais.csv
102,2026-07-15T17:00:00+00:00,official_result,2,2026-06-12T05:30:00+00:00,data/resultados_reais.csv
102,2026-07-15T17:00:00+00:00,official_result,3,2026-06-12T22:30:00+00:00,data/resultados_reais.csv
102,2026-07-15T17:00:00+00:00,official_result,4,2026-06-13T04:30:00+00:00,data/resultados_reais.csv
102,2026-07-15T17:00:00+00:00,official_result,8,2026-06-13T22:30:00+00:00,data/resultados_reais.csv
102,2026-07-15T17:00:00+00:00,official_result,7,2026-06-14T01:30:00+00:00,data/resultados_reais.csv
102,2026-07-15T17:00:00+00:00,official_result,5,2026-06-14T04:30:00+00:00,data/resultados_reais.csv
102,2026-07-15T17:00:00+00:00,official_result,6,2026-06-14T07:30:00+00:00,data/resultados_reais.csv
102,2026-07-15T17:00:00+00:00,official_result,10,2026-06-14T20:30:00+00:00,data/resultados_reais.csv
102,2026-07-15T17:00:00+00:00,official_result,11,2026-06-14T23:30:00+00:00,data/resultados_reais.csv
102,2026-07-15T17:00:00+00:00,official_result,9,2026-06-15T02:30:00+00:00,data/resultados_reais.csv
102,2026-07-15T17:00:00+00:00,official_result,12,2026-06-15T05:30:00+00:00,data/resultados_reais.csv
102,2026-07-15T17:00:00+00:00,official_result,14,2026-06-15T19:30:00+00:00,data/resultados_reais.csv
102,2026-07-15T17:00:00+00:00,official_result,16,2026-06-15T22:30:00+00:00,data/resultados_reais.csv
102,2026-07-15T17:00:00+00:00,official_result,13,2026-06-16T01:30:00+00:00,data/resultados_reais.csv
102,2026-07-15T17:00:00+00:00,official_result,15,2026-06-16T04:30:00+00:00,data/resultados_reais.csv
102,2026-07-15T17:00:00+00:00,official_result,17,2026-06-16T22:30:00+00:00,data/resultados_reais.csv
102,2026-07-15T17:00:00+00:00,official_result,18,2026-06-17T01:30:00+00:00,data/resultados_reais.csv
102,2026-07-15T17:00:00+00:00,official_result,19,2026-06-17T04:30:00+00:00,data/resultados_reais.csv
102,2026-07-15T17:00:00+00:00,official_result,20,2026-06-17T07:30:00+00:00,data/resultados_reais.csv
102,2026-07-15T17:00:00+00:00,official_result,23,2026-06-17T20:30:00+00:00,data/resultados_reais.csv
102,2026-07-15T17:00:00+00:00,official_result,22,2026-06-17T23:30:00+00:00,data/resultados_reais.csv
102,2026-07-15T17:00:00+00:00,official_result,21,2026-06-18T02:30:00+00:00,data/resultados_reais.csv
102,2026-07-15T17:00:00+00:00,official_result,24,2026-06-18T05:30:00+00:00,data/resultados_reais.csv
102,2026-07-15T17:00:00+00:00,official_result,25,2026-06-18T19:30:00+00:00,data/resultados_reais.csv
102,2026-07-15T17:00:00+00:00,official_result,26,2026-06-18T22:30:00+00:00,data/resultados_reais.csv
102,2026-07-15T17:00:00+00:00,official_result,27,2026-06-19T01:30:00+00:00,data/resultados_reais.csv
102,2026-07-15T17:00:00+00:00,official_result,28,2026-06-19T04:30:00+00:00,data/resultados_reais.csv
102,2026-07-15T17:00:00+00:00,official_result,32,2026-06-19T22:30:00+00:00,data/resultados_reais.csv
102,2026-07-15T17:00:00+00:00,official_result,30,2026-06-20T01:30:00+00:00,data/resultados_reais.csv
102,2026-07-15T17:00:00+00:00,official_result,29,2026-06-20T04:30:00+00:00,data/resultados_reais.csv
102,2026-07-15T17:00:00+00:00,official_result,31,2026-06-20T06:30:00+00:00,data/resultados_reais.csv
102,2026-07-15T17:00:00+00:00,official_result,35,2026-06-20T20:30:00+00:00,data/resultados_reais.csv
102,2026-07-15T17:00:00+00:00,official_result,33,2026-06-20T23:30:00+00:00,data/resultados_reais.csv
102,2026-07-15T17:00:00+00:00,official_result,34,2026-06-21T03:30:00+00:00,data/resultados_reais.csv
102,2026-07-15T17:00:00+00:00,official_result,36,2026-06-21T07:30:00+00:00,data/resultados_reais.csv
102,2026-07-15T17:00:00+00:00,official_result,38,2026-06-21T19:30:00+00:00,data/resultados_reais.csv
102,2026-07-15T17:00:00+00:00,official_result,39,2026-06-21T22:30:00+00:00,data/resultados_reais.csv
102,2026-07-15T17:00:00+00:00,official_result,37,2026-06-22T01:30:00+00:00,data/resultados_reais.csv
102,2026-07-15T17:00:00+00:00,official_result,40,2026-06-22T04:30:00+00:00,data/resultados_reais.csv
102,2026-07-15T17:00:00+00:00,official_result,43,2026-06-22T20:30:00+00:00,data/resultados_reais.csv
102,2026-07-15T17:00:00+00:00,official_result,42,2026-06-23T00:30:00+00:00,data/resultados_reais.csv
102,2026-07-15T17:00:00+00:00,official_result,41,2026-06-23T03:30:00+00:00,data/resultados_reais.csv
102,2026-07-15T17:00:00+00:00,official_result,44,2026-06-23T06:30:00+00:00,data/resultados_reais.csv
102,2026-07-15T17:00:00+00:00,official_result,47,2026-06-23T20:30:00+00:00,data/resultados_reais.csv
102,2026-07-15T17:00:00+00:00,official_result,45,2026-06-23T23:30:00+00:00,data/resultados_reais.csv
102,2026-07-15T17:00:00+00:00,official_result,46,2026-06-24T02:30:00+00:00,data/resultados_reais.csv
102,2026-07-15T17:00:00+00:00,official_result,48,2026-06-24T05:30:00+00:00,data/resultados_reais.csv
102,2026-07-15T17:00:00+00:00,official_result,51,2026-06-24T22:30:00+00:00,data/resultados_reais.csv
102,2026-07-15T17:00:00+00:00,official_result,52,2026-06-24T22:30:00+00:00,data/resultados_reais.csv
102,2026-07-15T17:00:00+00:00,official_result,49,2026-06-25T01:30:00+00:00,data/resultados_reais.csv
102,2026-07-15T17:00:00+00:00,official_result,50,2026-06-25T01:30:00+00:00,data/resultados_reais.csv
102,2026-07-15T17:00:00+00:00,official_result,53,2026-06-25T04:30:00+00:00,data/resultados_reais.csv
102,2026-07-15T17:00:00+00:00,official_result,54,2026-06-25T04:30:00+00:00,data/resultados_reais.csv
102,2026-07-15T17:00:00+00:00,official_result,55,2026-06-25T23:30:00+00:00,data/resultados_reais.csv
102,2026-07-15T17:00:00+00:00,official_result,56,2026-06-25T23:30:00+00:00,data/resultados_reais.csv
102,2026-07-15T17:00:00+00:00,official_result,57,2026-06-26T02:30:00+00:00,data/resultados_reais.csv
102,2026-07-15T17:00:00+00:00,official_result,58,2026-06-26T02:30:00+00:00,data/resultados_reais.csv
102,2026-07-15T17:00:00+00:00,official_result,59,2026-06-26T05:30:00+00:00,data/resultados_reais.csv
102,2026-07-15T17:00:00+00:00,official_result,60,2026-06-26T05:30:00+00:00,data/resultados_reais.csv
102,2026-07-15T17:00:00+00:00,official_result,61,2026-06-26T22:30:00+00:00,data/resultados_reais.csv
102,2026-07-15T17:00:00+00:00,official_result,62,2026-06-26T22:30:00+00:00,data/resultados_reais.csv
102,2026-07-15T17:00:00+00:00,official_result,65,2026-06-27T03:30:00+00:00,data/resultados_reais.csv
102,2026-07-15T17:00:00+00:00,official_result,66,2026-06-27T03:30:00+00:00,data/resultados_reais.csv
102,2026-07-15T17:00:00+00:00,official_result,63,2026-06-27T06:30:00+00:00,data/resultados_reais.csv
102,2026-07-15T17:00:00+00:00,official_result,64,2026-06-27T06:30:00+00:00,data/resultados_reais.csv
102,2026-07-15T17:00:00+00:00,official_result,67,2026-06-28T00:30:00+00:00,data/resultados_reais.csv
102,2026-07-15T17:00:00+00:00,official_result,68,2026-06-28T00:30:00+00:00,data/resultados_reais.csv
102,2026-07-15T17:00:00+00:00,official_result,71,2026-06-28T03:00:00+00:00,data/resultados_reais.csv
102,2026-07-15T17:00:00+00:00,official_result,72,2026-06-28T03:00:00+00:00,data/resultados_reais.csv
102,2026-07-15T17:00:00+00:00,official_result,69,2026-06-28T05:30:00+00:00,data/resultados_reais.csv
102,2026-07-15T17:00:00+00:00,official_result,70,2026-06-28T05:30:00+00:00,data/resultados_reais.csv
102,2026-07-15T17:00:00+00:00,official_result,73,2026-06-28T23:30:00+00:00,data/resultados_reais.csv
102,2026-07-15T17:00:00+00:00,official_result,76,2026-06-29T21:30:00+00:00,data/resultados_reais.csv
102,2026-07-15T17:00:00+00:00,official_result,74,2026-06-30T01:00:00+00:00,data/resultados_reais.csv
102,2026-07-15T17:00:00+00:00,official_result,75,2026-06-30T05:30:00+00:00,data/resultados_reais.csv
102,2026-07-15T17:00:00+00:00,official_result,78,2026-06-30T21:30:00+00:00,data/resultados_reais.csv
102,2026-07-15T17:00:00+00:00,official_result,77,2026-07-01T01:30:00+00:00,data/resultados_reais.csv
102,2026-07-15T17:00:00+00:00,official_result,79,2026-07-01T05:30:00+00:00,data/resultados_reais.csv
102,2026-07-15T17:00:00+00:00,official_result,80,2026-07-01T20:30:00+00:00,data/resultados_reais.csv
102,2026-07-15T17:00:00+00:00,official_result,82,2026-07-02T00:30:00+00:00,data/resultados_reais.csv
102,2026-07-15T17:00:00+00:00,official_result,81,2026-07-02T04:30:00+00:00,data/resultados_reais.csv
102,2026-07-15T17:00:00+00:00,official_result,84,2026-07-02T23:30:00+00:00,data/resultados_reais.csv
102,2026-07-15T17:00:00+00:00,official_result,83,2026-07-03T03:30:00+00:00,data/resultados_reais.csv
102,2026-07-15T17:00:00+00:00,official_result,85,2026-07-03T07:30:00+00:00,data/resultados_reais.csv
102,2026-07-15T17:00:00+00:00,official_result,88,2026-07-03T22:30:00+00:00,data/resultados_reais.csv
102,2026-07-15T17:00:00+00:00,official_result,86,2026-07-04T02:30:00+00:00,data/resultados_reais.csv
102,2026-07-15T17:00:00+00:00,official_result,87,2026-07-04T06:00:00+00:00,data/resultados_reais.csv
102,2026-07-15T17:00:00+00:00,official_result,90,2026-07-04T21:30:00+00:00,data/resultados_reais.csv
102,2026-07-15T17:00:00+00:00,official_result,89,2026-07-05T01:30:00+00:00,data/resultados_reais.csv
102,2026-07-15T17:00:00+00:00,official_result,91,2026-07-06T00:30:00+00:00,data/resultados_reais.csv
102,2026-07-15T17:00:00+00:00,official_result,92,2026-07-06T04:30:00+00:00,data/resultados_reais.csv
102,2026-07-15T17:00:00+00:00,official_result,93,2026-07-06T23:30:00+00:00,data/resultados_reais.csv
102,2026-07-15T17:00:00+00:00,official_result,94,2026-07-07T04:30:00+00:00,data/resultados_reais.csv
102,2026-07-15T17:00:00+00:00,official_result,95,2026-07-07T20:30:00+00:00,data/resultados_reais.csv
102,2026-07-15T17:00:00+00:00,official_result,96,2026-07-08T00:30:00+00:00,data/resultados_reais.csv
102,2026-07-15T17:00:00+00:00,official_result,97,2026-07-10T00:30:00+00:00,data/resultados_reais.csv
102,2026-07-15T17:00:00+00:00,official_result,98,2026-07-10T23:30:00+00:00,data/resultados_reais.csv
102,2026-07-15T17:00:00+00:00,official_result,99,2026-07-12T01:30:00+00:00,data/resultados_reais.csv
102,2026-07-15T17:00:00+00:00,official_result,100,2026-07-12T05:30:00+00:00,data/resultados_reais.csv
102,2026-07-15T17:00:00+00:00,official_result,101,2026-07-14T23:30:00+00:00,data/resultados_reais.csv
103,2026-07-18T19:00:00+00:00,team_profile,França,2026-06-11T03:59:59+00:00,data/pre_worldcup_state/teams.csv
103,2026-07-18T19:00:00+00:00,team_profile,Inglaterra,2026-06-11T03:59:59+00:00,data/pre_worldcup_state/teams.csv
103,2026-07-18T19:00:00+00:00,fixture,103,2026-07-15T23:30:00+00:00,data/temporal/matches_timeline.csv
103,2026-07-18T19:00:00+00:00,official_result,1,2026-06-11T22:30:00+00:00,data/resultados_reais.csv
103,2026-07-18T19:00:00+00:00,official_result,2,2026-06-12T05:30:00+00:00,data/resultados_reais.csv
103,2026-07-18T19:00:00+00:00,official_result,3,2026-06-12T22:30:00+00:00,data/resultados_reais.csv
103,2026-07-18T19:00:00+00:00,official_result,4,2026-06-13T04:30:00+00:00,data/resultados_reais.csv
103,2026-07-18T19:00:00+00:00,official_result,8,2026-06-13T22:30:00+00:00,data/resultados_reais.csv
103,2026-07-18T19:00:00+00:00,official_result,7,2026-06-14T01:30:00+00:00,data/resultados_reais.csv
103,2026-07-18T19:00:00+00:00,official_result,5,2026-06-14T04:30:00+00:00,data/resultados_reais.csv
103,2026-07-18T19:00:00+00:00,official_result,6,2026-06-14T07:30:00+00:00,data/resultados_reais.csv
103,2026-07-18T19:00:00+00:00,official_result,10,2026-06-14T20:30:00+00:00,data/resultados_reais.csv
103,2026-07-18T19:00:00+00:00,official_result,11,2026-06-14T23:30:00+00:00,data/resultados_reais.csv
103,2026-07-18T19:00:00+00:00,official_result,9,2026-06-15T02:30:00+00:00,data/resultados_reais.csv
103,2026-07-18T19:00:00+00:00,official_result,12,2026-06-15T05:30:00+00:00,data/resultados_reais.csv
103,2026-07-18T19:00:00+00:00,official_result,14,2026-06-15T19:30:00+00:00,data/resultados_reais.csv
103,2026-07-18T19:00:00+00:00,official_result,16,2026-06-15T22:30:00+00:00,data/resultados_reais.csv
103,2026-07-18T19:00:00+00:00,official_result,13,2026-06-16T01:30:00+00:00,data/resultados_reais.csv
103,2026-07-18T19:00:00+00:00,official_result,15,2026-06-16T04:30:00+00:00,data/resultados_reais.csv
103,2026-07-18T19:00:00+00:00,official_result,17,2026-06-16T22:30:00+00:00,data/resultados_reais.csv
103,2026-07-18T19:00:00+00:00,official_result,18,2026-06-17T01:30:00+00:00,data/resultados_reais.csv
103,2026-07-18T19:00:00+00:00,official_result,19,2026-06-17T04:30:00+00:00,data/resultados_reais.csv
103,2026-07-18T19:00:00+00:00,official_result,20,2026-06-17T07:30:00+00:00,data/resultados_reais.csv
103,2026-07-18T19:00:00+00:00,official_result,23,2026-06-17T20:30:00+00:00,data/resultados_reais.csv
103,2026-07-18T19:00:00+00:00,official_result,22,2026-06-17T23:30:00+00:00,data/resultados_reais.csv
103,2026-07-18T19:00:00+00:00,official_result,21,2026-06-18T02:30:00+00:00,data/resultados_reais.csv
103,2026-07-18T19:00:00+00:00,official_result,24,2026-06-18T05:30:00+00:00,data/resultados_reais.csv
103,2026-07-18T19:00:00+00:00,official_result,25,2026-06-18T19:30:00+00:00,data/resultados_reais.csv
103,2026-07-18T19:00:00+00:00,official_result,26,2026-06-18T22:30:00+00:00,data/resultados_reais.csv
103,2026-07-18T19:00:00+00:00,official_result,27,2026-06-19T01:30:00+00:00,data/resultados_reais.csv
103,2026-07-18T19:00:00+00:00,official_result,28,2026-06-19T04:30:00+00:00,data/resultados_reais.csv
103,2026-07-18T19:00:00+00:00,official_result,32,2026-06-19T22:30:00+00:00,data/resultados_reais.csv
103,2026-07-18T19:00:00+00:00,official_result,30,2026-06-20T01:30:00+00:00,data/resultados_reais.csv
103,2026-07-18T19:00:00+00:00,official_result,29,2026-06-20T04:30:00+00:00,data/resultados_reais.csv
103,2026-07-18T19:00:00+00:00,official_result,31,2026-06-20T06:30:00+00:00,data/resultados_reais.csv
103,2026-07-18T19:00:00+00:00,official_result,35,2026-06-20T20:30:00+00:00,data/resultados_reais.csv
103,2026-07-18T19:00:00+00:00,official_result,33,2026-06-20T23:30:00+00:00,data/resultados_reais.csv
103,2026-07-18T19:00:00+00:00,official_result,34,2026-06-21T03:30:00+00:00,data/resultados_reais.csv
103,2026-07-18T19:00:00+00:00,official_result,36,2026-06-21T07:30:00+00:00,data/resultados_reais.csv
103,2026-07-18T19:00:00+00:00,official_result,38,2026-06-21T19:30:00+00:00,data/resultados_reais.csv
103,2026-07-18T19:00:00+00:00,official_result,39,2026-06-21T22:30:00+00:00,data/resultados_reais.csv
103,2026-07-18T19:00:00+00:00,official_result,37,2026-06-22T01:30:00+00:00,data/resultados_reais.csv
103,2026-07-18T19:00:00+00:00,official_result,40,2026-06-22T04:30:00+00:00,data/resultados_reais.csv
103,2026-07-18T19:00:00+00:00,official_result,43,2026-06-22T20:30:00+00:00,data/resultados_reais.csv
103,2026-07-18T19:00:00+00:00,official_result,42,2026-06-23T00:30:00+00:00,data/resultados_reais.csv
103,2026-07-18T19:00:00+00:00,official_result,41,2026-06-23T03:30:00+00:00,data/resultados_reais.csv
103,2026-07-18T19:00:00+00:00,official_result,44,2026-06-23T06:30:00+00:00,data/resultados_reais.csv
103,2026-07-18T19:00:00+00:00,official_result,47,2026-06-23T20:30:00+00:00,data/resultados_reais.csv
103,2026-07-18T19:00:00+00:00,official_result,45,2026-06-23T23:30:00+00:00,data/resultados_reais.csv
103,2026-07-18T19:00:00+00:00,official_result,46,2026-06-24T02:30:00+00:00,data/resultados_reais.csv
103,2026-07-18T19:00:00+00:00,official_result,48,2026-06-24T05:30:00+00:00,data/resultados_reais.csv
103,2026-07-18T19:00:00+00:00,official_result,51,2026-06-24T22:30:00+00:00,data/resultados_reais.csv
103,2026-07-18T19:00:00+00:00,official_result,52,2026-06-24T22:30:00+00:00,data/resultados_reais.csv
103,2026-07-18T19:00:00+00:00,official_result,49,2026-06-25T01:30:00+00:00,data/resultados_reais.csv
103,2026-07-18T19:00:00+00:00,official_result,50,2026-06-25T01:30:00+00:00,data/resultados_reais.csv
103,2026-07-18T19:00:00+00:00,official_result,53,2026-06-25T04:30:00+00:00,data/resultados_reais.csv
103,2026-07-18T19:00:00+00:00,official_result,54,2026-06-25T04:30:00+00:00,data/resultados_reais.csv
103,2026-07-18T19:00:00+00:00,official_result,55,2026-06-25T23:30:00+00:00,data/resultados_reais.csv
103,2026-07-18T19:00:00+00:00,official_result,56,2026-06-25T23:30:00+00:00,data/resultados_reais.csv
103,2026-07-18T19:00:00+00:00,official_result,57,2026-06-26T02:30:00+00:00,data/resultados_reais.csv
103,2026-07-18T19:00:00+00:00,official_result,58,2026-06-26T02:30:00+00:00,data/resultados_reais.csv
103,2026-07-18T19:00:00+00:00,official_result,59,2026-06-26T05:30:00+00:00,data/resultados_reais.csv
103,2026-07-18T19:00:00+00:00,official_result,60,2026-06-26T05:30:00+00:00,data/resultados_reais.csv
103,2026-07-18T19:00:00+00:00,official_result,61,2026-06-26T22:30:00+00:00,data/resultados_reais.csv
103,2026-07-18T19:00:00+00:00,official_result,62,2026-06-26T22:30:00+00:00,data/resultados_reais.csv
103,2026-07-18T19:00:00+00:00,official_result,65,2026-06-27T03:30:00+00:00,data/resultados_reais.csv
103,2026-07-18T19:00:00+00:00,official_result,66,2026-06-27T03:30:00+00:00,data/resultados_reais.csv
103,2026-07-18T19:00:00+00:00,official_result,63,2026-06-27T06:30:00+00:00,data/resultados_reais.csv
103,2026-07-18T19:00:00+00:00,official_result,64,2026-06-27T06:30:00+00:00,data/resultados_reais.csv
103,2026-07-18T19:00:00+00:00,official_result,67,2026-06-28T00:30:00+00:00,data/resultados_reais.csv
103,2026-07-18T19:00:00+00:00,official_result,68,2026-06-28T00:30:00+00:00,data/resultados_reais.csv
103,2026-07-18T19:00:00+00:00,official_result,71,2026-06-28T03:00:00+00:00,data/resultados_reais.csv
103,2026-07-18T19:00:00+00:00,official_result,72,2026-06-28T03:00:00+00:00,data/resultados_reais.csv
103,2026-07-18T19:00:00+00:00,official_result,69,2026-06-28T05:30:00+00:00,data/resultados_reais.csv
103,2026-07-18T19:00:00+00:00,official_result,70,2026-06-28T05:30:00+00:00,data/resultados_reais.csv
103,2026-07-18T19:00:00+00:00,official_result,73,2026-06-28T23:30:00+00:00,data/resultados_reais.csv
103,2026-07-18T19:00:00+00:00,official_result,76,2026-06-29T21:30:00+00:00,data/resultados_reais.csv
103,2026-07-18T19:00:00+00:00,official_result,74,2026-06-30T01:00:00+00:00,data/resultados_reais.csv
103,2026-07-18T19:00:00+00:00,official_result,75,2026-06-30T05:30:00+00:00,data/resultados_reais.csv
103,2026-07-18T19:00:00+00:00,official_result,78,2026-06-30T21:30:00+00:00,data/resultados_reais.csv
103,2026-07-18T19:00:00+00:00,official_result,77,2026-07-01T01:30:00+00:00,data/resultados_reais.csv
103,2026-07-18T19:00:00+00:00,official_result,79,2026-07-01T05:30:00+00:00,data/resultados_reais.csv
103,2026-07-18T19:00:00+00:00,official_result,80,2026-07-01T20:30:00+00:00,data/resultados_reais.csv
103,2026-07-18T19:00:00+00:00,official_result,82,2026-07-02T00:30:00+00:00,data/resultados_reais.csv
103,2026-07-18T19:00:00+00:00,official_result,81,2026-07-02T04:30:00+00:00,data/resultados_reais.csv
103,2026-07-18T19:00:00+00:00,official_result,84,2026-07-02T23:30:00+00:00,data/resultados_reais.csv
103,2026-07-18T19:00:00+00:00,official_result,83,2026-07-03T03:30:00+00:00,data/resultados_reais.csv
103,2026-07-18T19:00:00+00:00,official_result,85,2026-07-03T07:30:00+00:00,data/resultados_reais.csv
103,2026-07-18T19:00:00+00:00,official_result,88,2026-07-03T22:30:00+00:00,data/resultados_reais.csv
103,2026-07-18T19:00:00+00:00,official_result,86,2026-07-04T02:30:00+00:00,data/resultados_reais.csv
103,2026-07-18T19:00:00+00:00,official_result,87,2026-07-04T06:00:00+00:00,data/resultados_reais.csv
103,2026-07-18T19:00:00+00:00,official_result,90,2026-07-04T21:30:00+00:00,data/resultados_reais.csv
103,2026-07-18T19:00:00+00:00,official_result,89,2026-07-05T01:30:00+00:00,data/resultados_reais.csv
103,2026-07-18T19:00:00+00:00,official_result,91,2026-07-06T00:30:00+00:00,data/resultados_reais.csv
103,2026-07-18T19:00:00+00:00,official_result,92,2026-07-06T04:30:00+00:00,data/resultados_reais.csv
103,2026-07-18T19:00:00+00:00,official_result,93,2026-07-06T23:30:00+00:00,data/resultados_reais.csv
103,2026-07-18T19:00:00+00:00,official_result,94,2026-07-07T04:30:00+00:00,data/resultados_reais.csv
103,2026-07-18T19:00:00+00:00,official_result,95,2026-07-07T20:30:00+00:00,data/resultados_reais.csv
103,2026-07-18T19:00:00+00:00,official_result,96,2026-07-08T00:30:00+00:00,data/resultados_reais.csv
103,2026-07-18T19:00:00+00:00,official_result,97,2026-07-10T00:30:00+00:00,data/resultados_reais.csv
103,2026-07-18T19:00:00+00:00,official_result,98,2026-07-10T23:30:00+00:00,data/resultados_reais.csv
103,2026-07-18T19:00:00+00:00,official_result,99,2026-07-12T01:30:00+00:00,data/resultados_reais.csv
103,2026-07-18T19:00:00+00:00,official_result,100,2026-07-12T05:30:00+00:00,data/resultados_reais.csv
103,2026-07-18T19:00:00+00:00,official_result,101,2026-07-14T23:30:00+00:00,data/resultados_reais.csv
103,2026-07-18T19:00:00+00:00,official_result,102,2026-07-15T23:30:00+00:00,data/resultados_reais.csv
104,2026-07-19T17:00:00+00:00,team_profile,Espanha,2026-06-11T03:59:59+00:00,data/pre_worldcup_state/teams.csv
104,2026-07-19T17:00:00+00:00,team_profile,Argentina,2026-06-11T03:59:59+00:00,data/pre_worldcup_state/teams.csv
104,2026-07-19T17:00:00+00:00,fixture,104,2026-07-15T23:30:00+00:00,data/temporal/matches_timeline.csv
104,2026-07-19T17:00:00+00:00,official_result,1,2026-06-11T22:30:00+00:00,data/resultados_reais.csv
104,2026-07-19T17:00:00+00:00,official_result,2,2026-06-12T05:30:00+00:00,data/resultados_reais.csv
104,2026-07-19T17:00:00+00:00,official_result,3,2026-06-12T22:30:00+00:00,data/resultados_reais.csv
104,2026-07-19T17:00:00+00:00,official_result,4,2026-06-13T04:30:00+00:00,data/resultados_reais.csv
104,2026-07-19T17:00:00+00:00,official_result,8,2026-06-13T22:30:00+00:00,data/resultados_reais.csv
104,2026-07-19T17:00:00+00:00,official_result,7,2026-06-14T01:30:00+00:00,data/resultados_reais.csv
104,2026-07-19T17:00:00+00:00,official_result,5,2026-06-14T04:30:00+00:00,data/resultados_reais.csv
104,2026-07-19T17:00:00+00:00,official_result,6,2026-06-14T07:30:00+00:00,data/resultados_reais.csv
104,2026-07-19T17:00:00+00:00,official_result,10,2026-06-14T20:30:00+00:00,data/resultados_reais.csv
104,2026-07-19T17:00:00+00:00,official_result,11,2026-06-14T23:30:00+00:00,data/resultados_reais.csv
104,2026-07-19T17:00:00+00:00,official_result,9,2026-06-15T02:30:00+00:00,data/resultados_reais.csv
104,2026-07-19T17:00:00+00:00,official_result,12,2026-06-15T05:30:00+00:00,data/resultados_reais.csv
104,2026-07-19T17:00:00+00:00,official_result,14,2026-06-15T19:30:00+00:00,data/resultados_reais.csv
104,2026-07-19T17:00:00+00:00,official_result,16,2026-06-15T22:30:00+00:00,data/resultados_reais.csv
104,2026-07-19T17:00:00+00:00,official_result,13,2026-06-16T01:30:00+00:00,data/resultados_reais.csv
104,2026-07-19T17:00:00+00:00,official_result,15,2026-06-16T04:30:00+00:00,data/resultados_reais.csv
104,2026-07-19T17:00:00+00:00,official_result,17,2026-06-16T22:30:00+00:00,data/resultados_reais.csv
104,2026-07-19T17:00:00+00:00,official_result,18,2026-06-17T01:30:00+00:00,data/resultados_reais.csv
104,2026-07-19T17:00:00+00:00,official_result,19,2026-06-17T04:30:00+00:00,data/resultados_reais.csv
104,2026-07-19T17:00:00+00:00,official_result,20,2026-06-17T07:30:00+00:00,data/resultados_reais.csv
104,2026-07-19T17:00:00+00:00,official_result,23,2026-06-17T20:30:00+00:00,data/resultados_reais.csv
104,2026-07-19T17:00:00+00:00,official_result,22,2026-06-17T23:30:00+00:00,data/resultados_reais.csv
104,2026-07-19T17:00:00+00:00,official_result,21,2026-06-18T02:30:00+00:00,data/resultados_reais.csv
104,2026-07-19T17:00:00+00:00,official_result,24,2026-06-18T05:30:00+00:00,data/resultados_reais.csv
104,2026-07-19T17:00:00+00:00,official_result,25,2026-06-18T19:30:00+00:00,data/resultados_reais.csv
104,2026-07-19T17:00:00+00:00,official_result,26,2026-06-18T22:30:00+00:00,data/resultados_reais.csv
104,2026-07-19T17:00:00+00:00,official_result,27,2026-06-19T01:30:00+00:00,data/resultados_reais.csv
104,2026-07-19T17:00:00+00:00,official_result,28,2026-06-19T04:30:00+00:00,data/resultados_reais.csv
104,2026-07-19T17:00:00+00:00,official_result,32,2026-06-19T22:30:00+00:00,data/resultados_reais.csv
104,2026-07-19T17:00:00+00:00,official_result,30,2026-06-20T01:30:00+00:00,data/resultados_reais.csv
104,2026-07-19T17:00:00+00:00,official_result,29,2026-06-20T04:30:00+00:00,data/resultados_reais.csv
104,2026-07-19T17:00:00+00:00,official_result,31,2026-06-20T06:30:00+00:00,data/resultados_reais.csv
104,2026-07-19T17:00:00+00:00,official_result,35,2026-06-20T20:30:00+00:00,data/resultados_reais.csv
104,2026-07-19T17:00:00+00:00,official_result,33,2026-06-20T23:30:00+00:00,data/resultados_reais.csv
104,2026-07-19T17:00:00+00:00,official_result,34,2026-06-21T03:30:00+00:00,data/resultados_reais.csv
104,2026-07-19T17:00:00+00:00,official_result,36,2026-06-21T07:30:00+00:00,data/resultados_reais.csv
104,2026-07-19T17:00:00+00:00,official_result,38,2026-06-21T19:30:00+00:00,data/resultados_reais.csv
104,2026-07-19T17:00:00+00:00,official_result,39,2026-06-21T22:30:00+00:00,data/resultados_reais.csv
104,2026-07-19T17:00:00+00:00,official_result,37,2026-06-22T01:30:00+00:00,data/resultados_reais.csv
104,2026-07-19T17:00:00+00:00,official_result,40,2026-06-22T04:30:00+00:00,data/resultados_reais.csv
104,2026-07-19T17:00:00+00:00,official_result,43,2026-06-22T20:30:00+00:00,data/resultados_reais.csv
104,2026-07-19T17:00:00+00:00,official_result,42,2026-06-23T00:30:00+00:00,data/resultados_reais.csv
104,2026-07-19T17:00:00+00:00,official_result,41,2026-06-23T03:30:00+00:00,data/resultados_reais.csv
104,2026-07-19T17:00:00+00:00,official_result,44,2026-06-23T06:30:00+00:00,data/resultados_reais.csv
104,2026-07-19T17:00:00+00:00,official_result,47,2026-06-23T20:30:00+00:00,data/resultados_reais.csv
104,2026-07-19T17:00:00+00:00,official_result,45,2026-06-23T23:30:00+00:00,data/resultados_reais.csv
104,2026-07-19T17:00:00+00:00,official_result,46,2026-06-24T02:30:00+00:00,data/resultados_reais.csv
104,2026-07-19T17:00:00+00:00,official_result,48,2026-06-24T05:30:00+00:00,data/resultados_reais.csv
104,2026-07-19T17:00:00+00:00,official_result,51,2026-06-24T22:30:00+00:00,data/resultados_reais.csv
104,2026-07-19T17:00:00+00:00,official_result,52,2026-06-24T22:30:00+00:00,data/resultados_reais.csv
104,2026-07-19T17:00:00+00:00,official_result,49,2026-06-25T01:30:00+00:00,data/resultados_reais.csv
104,2026-07-19T17:00:00+00:00,official_result,50,2026-06-25T01:30:00+00:00,data/resultados_reais.csv
104,2026-07-19T17:00:00+00:00,official_result,53,2026-06-25T04:30:00+00:00,data/resultados_reais.csv
104,2026-07-19T17:00:00+00:00,official_result,54,2026-06-25T04:30:00+00:00,data/resultados_reais.csv
104,2026-07-19T17:00:00+00:00,official_result,55,2026-06-25T23:30:00+00:00,data/resultados_reais.csv
104,2026-07-19T17:00:00+00:00,official_result,56,2026-06-25T23:30:00+00:00,data/resultados_reais.csv
104,2026-07-19T17:00:00+00:00,official_result,57,2026-06-26T02:30:00+00:00,data/resultados_reais.csv
104,2026-07-19T17:00:00+00:00,official_result,58,2026-06-26T02:30:00+00:00,data/resultados_reais.csv
104,2026-07-19T17:00:00+00:00,official_result,59,2026-06-26T05:30:00+00:00,data/resultados_reais.csv
104,2026-07-19T17:00:00+00:00,official_result,60,2026-06-26T05:30:00+00:00,data/resultados_reais.csv
104,2026-07-19T17:00:00+00:00,official_result,61,2026-06-26T22:30:00+00:00,data/resultados_reais.csv
104,2026-07-19T17:00:00+00:00,official_result,62,2026-06-26T22:30:00+00:00,data/resultados_reais.csv
104,2026-07-19T17:00:00+00:00,official_result,65,2026-06-27T03:30:00+00:00,data/resultados_reais.csv
104,2026-07-19T17:00:00+00:00,official_result,66,2026-06-27T03:30:00+00:00,data/resultados_reais.csv
104,2026-07-19T17:00:00+00:00,official_result,63,2026-06-27T06:30:00+00:00,data/resultados_reais.csv
104,2026-07-19T17:00:00+00:00,official_result,64,2026-06-27T06:30:00+00:00,data/resultados_reais.csv
104,2026-07-19T17:00:00+00:00,official_result,67,2026-06-28T00:30:00+00:00,data/resultados_reais.csv
104,2026-07-19T17:00:00+00:00,official_result,68,2026-06-28T00:30:00+00:00,data/resultados_reais.csv
104,2026-07-19T17:00:00+00:00,official_result,71,2026-06-28T03:00:00+00:00,data/resultados_reais.csv
104,2026-07-19T17:00:00+00:00,official_result,72,2026-06-28T03:00:00+00:00,data/resultados_reais.csv
104,2026-07-19T17:00:00+00:00,official_result,69,2026-06-28T05:30:00+00:00,data/resultados_reais.csv
104,2026-07-19T17:00:00+00:00,official_result,70,2026-06-28T05:30:00+00:00,data/resultados_reais.csv
104,2026-07-19T17:00:00+00:00,official_result,73,2026-06-28T23:30:00+00:00,data/resultados_reais.csv
104,2026-07-19T17:00:00+00:00,official_result,76,2026-06-29T21:30:00+00:00,data/resultados_reais.csv
104,2026-07-19T17:00:00+00:00,official_result,74,2026-06-30T01:00:00+00:00,data/resultados_reais.csv
104,2026-07-19T17:00:00+00:00,official_result,75,2026-06-30T05:30:00+00:00,data/resultados_reais.csv
104,2026-07-19T17:00:00+00:00,official_result,78,2026-06-30T21:30:00+00:00,data/resultados_reais.csv
104,2026-07-19T17:00:00+00:00,official_result,77,2026-07-01T01:30:00+00:00,data/resultados_reais.csv
104,2026-07-19T17:00:00+00:00,official_result,79,2026-07-01T05:30:00+00:00,data/resultados_reais.csv
104,2026-07-19T17:00:00+00:00,official_result,80,2026-07-01T20:30:00+00:00,data/resultados_reais.csv
104,2026-07-19T17:00:00+00:00,official_result,82,2026-07-02T00:30:00+00:00,data/resultados_reais.csv
104,2026-07-19T17:00:00+00:00,official_result,81,2026-07-02T04:30:00+00:00,data/resultados_reais.csv
104,2026-07-19T17:00:00+00:00,official_result,84,2026-07-02T23:30:00+00:00,data/resultados_reais.csv
104,2026-07-19T17:00:00+00:00,official_result,83,2026-07-03T03:30:00+00:00,data/resultados_reais.csv
104,2026-07-19T17:00:00+00:00,official_result,85,2026-07-03T07:30:00+00:00,data/resultados_reais.csv
104,2026-07-19T17:00:00+00:00,official_result,88,2026-07-03T22:30:00+00:00,data/resultados_reais.csv
104,2026-07-19T17:00:00+00:00,official_result,86,2026-07-04T02:30:00+00:00,data/resultados_reais.csv
104,2026-07-19T17:00:00+00:00,official_result,87,2026-07-04T06:00:00+00:00,data/resultados_reais.csv
104,2026-07-19T17:00:00+00:00,official_result,90,2026-07-04T21:30:00+00:00,data/resultados_reais.csv
104,2026-07-19T17:00:00+00:00,official_result,89,2026-07-05T01:30:00+00:00,data/resultados_reais.csv
104,2026-07-19T17:00:00+00:00,official_result,91,2026-07-06T00:30:00+00:00,data/resultados_reais.csv
104,2026-07-19T17:00:00+00:00,official_result,92,2026-07-06T04:30:00+00:00,data/resultados_reais.csv
104,2026-07-19T17:00:00+00:00,official_result,93,2026-07-06T23:30:00+00:00,data/resultados_reais.csv
104,2026-07-19T17:00:00+00:00,official_result,94,2026-07-07T04:30:00+00:00,data/resultados_reais.csv
104,2026-07-19T17:00:00+00:00,official_result,95,2026-07-07T20:30:00+00:00,data/resultados_reais.csv
104,2026-07-19T17:00:00+00:00,official_result,96,2026-07-08T00:30:00+00:00,data/resultados_reais.csv
104,2026-07-19T17:00:00+00:00,official_result,97,2026-07-10T00:30:00+00:00,data/resultados_reais.csv
104,2026-07-19T17:00:00+00:00,official_result,98,2026-07-10T23:30:00+00:00,data/resultados_reais.csv
104,2026-07-19T17:00:00+00:00,official_result,99,2026-07-12T01:30:00+00:00,data/resultados_reais.csv
104,2026-07-19T17:00:00+00:00,official_result,100,2026-07-12T05:30:00+00:00,data/resultados_reais.csv
104,2026-07-19T17:00:00+00:00,official_result,101,2026-07-14T23:30:00+00:00,data/resultados_reais.csv
104,2026-07-19T17:00:00+00:00,official_result,102,2026-07-15T23:30:00+00:00,data/resultados_reais.csv
104,2026-07-19T17:00:00+00:00,official_result,103,2026-07-19T01:30:00+00:00,data/resultados_reais.csv
