path,size_bytes,sha256
README.md,1799,0d81c3c2f3210e2111373f5d36bb1b2af60fed05104b7fb6c1a73c12ce1b47df
dataset_final/audit/data_dictionary.csv,4709,0be46f268d1bd054287c75acfbabd7ae2283127a60e4ff2bed3282082001d115
dataset_final/audit/fifa_fetch_metadata.json,534,b0181008141f9a917e66e27152e5dc248df30e5cd7d73e2c7e3835a59e3bbbb0
dataset_final/audit/raw_manifest.jsonl,51326,7f4820497d49f613bb61da3a4b1f16e5a080ce2eabc7c54f196c6c74f38be575
dataset_final/audit/validation_summary.json,1155,03ce8c68e5639d1b8d0c097f1842975c91e8084633dad685f4a7f0d3af057fe9
dataset_final/processed/calendar_seed.csv,15867,120324cf1fdfa1075c0479d34d27691bb1fef2fb6d55999452a10504372b29f9
dataset_final/processed/espn_matches.csv,55910,eaa457373b082652b74c11f33d4eb56a754b3acfd2506f4e46a00af7bc10b067
dataset_final/processed/event_mapping_report.csv,11349,d9bcb2a83e1f0b3f54b77e7c2be0431e215153fe716ca2c0f07a239c53654df9
dataset_final/processed/fifa_verification.csv,11010,c6b69624fe97810292d7589c8a6f87137ccf590a24b28d9df35975d7d24b3442
dataset_final/processed/match_commentary.csv,2519033,5822def79dbfdeff9da22bdd077fa606e64d6079d0ad0980459203336655417a
dataset_final/processed/match_events.csv,1204100,9b05312a5421c53afa91177d113fceb64304755bad5c0bbde93e59e2e655996c
dataset_final/processed/match_metadata.csv,18211,c7dfb03dddd60dc0736ca972688f8d566b39acea6438ab03a54d5760f41e20d7
dataset_final/processed/match_officials.csv,16049,d15f1193527c51d371430fdd2e0f5b6205cc45e4ca61cab97f08b57ede1a7adf
dataset_final/processed/matches_full.json,14185466,000e9a9bfc9e0ecf982ad8dc95f51175e7e38e4edc30fdfba1948bc622676b0b
dataset_final/processed/matches_master.csv,66950,ee5a5ee7b16922ef65f4895019a33bf77fd62e726c5b167204b0bd420d38e733
dataset_final/processed/penalty_shootouts.csv,8194,878b53d03502a4ed6f0493745f86b5f0138c8bbd80180db1a96a0ab22c1463ee
dataset_final/processed/player_match_stats.csv,1355950,9b5b45c440f53c12cba37df4e51767c023212fd0aba97226096b5f624d8e0344
dataset_final/processed/results_validated.csv,47478,c028467b15dd3d7112c192d1aea38a27a0e2ae9792df26afc1b2e78710ce7483
dataset_final/processed/team_match_stats.csv,47781,0cfc45852e79a018488fbb2aa2d0b4f5962c069d92d29750ca3b85de5e9cb106
dataset_final/processed/team_name_aliases.csv,1197,e34767d51164eaf0bc45d93e65924a90667d2abf67ac9a9ec9acc9aeff5f1dcc
dataset_final/raw/espn_scoreboard/world_cup_2026_scoreboard__364bf327db4fa4fd.json,1142017,364bf327db4fa4fd5e7e2c22a30e855d0938a5e9f7f27cc5a88bff43bf4f3062
dataset_final/raw/espn_summary/summary_event_760414__03b799059385b311.json,406818,03b799059385b3114800f7f72872117044375bad7eea358b6be3ad85c042afe6
dataset_final/raw/espn_summary/summary_event_760415__42821309b25c1394.json,413544,42821309b25c1394dbc57508d244bdf328a2938e309faa9c84a6447611675349
dataset_final/raw/espn_summary/summary_event_760416__72d2345af9f4f1de.json,434218,72d2345af9f4f1de42c7692f7db20a14208fcfefc3143de25234ae11a3bdb6a3
dataset_final/raw/espn_summary/summary_event_760417__010e1016083c1dbf.json,454871,010e1016083c1dbf3f94258dd8baa4383b6ca7b64898d0d42fd04778ea3b98d6
dataset_final/raw/espn_summary/summary_event_760418__2d3436ec86ea7a74.json,419865,2d3436ec86ea7a74befcfd812cd617db438334af86d3d8512363c6668cc73e0a
dataset_final/raw/espn_summary/summary_event_760419__31ded61d5db77506.json,426701,31ded61d5db77506bee744ebefafa099a968bb97630aec69040253234bcba002
dataset_final/raw/espn_summary/summary_event_760420__b69d34406b912293.json,422962,b69d34406b912293d0fb6e112e10ec5365fa3360efea7c510db1c29efe6456f0
dataset_final/raw/espn_summary/summary_event_760421__9f01db8a0d6e33d4.json,401196,9f01db8a0d6e33d42252547791814a6dd3b0579a106f10ac2729c11d08aa02b1
dataset_final/raw/espn_summary/summary_event_760422__befb6cc31851ade2.json,422217,befb6cc31851ade2e92b759fd937133fbd59d0052bf98a00c803e40d72e31d03
dataset_final/raw/espn_summary/summary_event_760423__00dcd92e69ccb35a.json,406837,00dcd92e69ccb35a3f9faa9a56603617d91f1281b38b7536e9fb39f8104c636b
dataset_final/raw/espn_summary/summary_event_760424__3151b4a80b018a3b.json,404527,3151b4a80b018a3b68b3d06fbf2c1a3b7b95fffc9a72ca7907f0aa99874294b0
dataset_final/raw/espn_summary/summary_event_760425__710d99c286e874bd.json,409582,710d99c286e874bdde5f6fd41a54f07657b139f749e7af728e246f44a2f23b70
dataset_final/raw/espn_summary/summary_event_760426__4e41fe238da60001.json,412734,4e41fe238da60001cac5e96013fe9f7b8d3e7be82343be258eb33a73ef01fa71
dataset_final/raw/espn_summary/summary_event_760427__9828372fd281d242.json,399655,9828372fd281d2420fa4e570d02dceb2ccf935e8f94a50c5a59d20a0c47ae691
dataset_final/raw/espn_summary/summary_event_760428__c0f06079bd0ba9d0.json,390221,c0f06079bd0ba9d0e73a5bd3e4498c2d49e0fb8ba9ba66907aa7ff4003eda00f
dataset_final/raw/espn_summary/summary_event_760429__1724a8248844b503.json,396850,1724a8248844b50375b8830834646a07b031e31915de0ee8d03dc264df7740c0
dataset_final/raw/espn_summary/summary_event_760430__0f8b087fb2126c75.json,415999,0f8b087fb2126c75fbe6e2636c237bff5a4bea74249400e128aaeca0ba9dea52
dataset_final/raw/espn_summary/summary_event_760431__a996f555a1079637.json,395843,a996f555a1079637664835088bb3e55ec6b9b315950f108a62d60ef0878e470f
dataset_final/raw/espn_summary/summary_event_760432__7a446a454da47539.json,395965,7a446a454da47539b94fe7e97d45ec9cf23a6b7d8ff2fcade969426989d9e2a8
dataset_final/raw/espn_summary/summary_event_760433__983ce510ce635f98.json,419714,983ce510ce635f9866262d9fdf0be634a3d4ac5545ffe5392584067fb765fcb3
dataset_final/raw/espn_summary/summary_event_760434__5436201436ec4c13.json,384666,5436201436ec4c1328ff626b998a573d8b6ce7a90d4f2135cf8212f9b280c583
dataset_final/raw/espn_summary/summary_event_760435__0e0b6c4b6e0f2d62.json,417630,0e0b6c4b6e0f2d62ca41d784f5477ca5930dc16423958578954410c9e6081724
dataset_final/raw/espn_summary/summary_event_760436__380117874993654c.json,406243,380117874993654c817af317a64117ba51de0a2d8a4096230758a08188daaa78
dataset_final/raw/espn_summary/summary_event_760437__de79b3e009f16c2e.json,440202,de79b3e009f16c2e87d8b553f1fa0080d3915717f69cffa97748169f157c39b6
dataset_final/raw/espn_summary/summary_event_760438__a651a80273861ac8.json,411080,a651a80273861ac8816f687ba15bd2427fc5cab84912daf96795fc22c0d751da
dataset_final/raw/espn_summary/summary_event_760439__c39062cc8b7e1ef5.json,397696,c39062cc8b7e1ef519debb8bad85bb9f3d9f9651fe3f6b40b8b5057345f81476
dataset_final/raw/espn_summary/summary_event_760440__e9eca8e107e5470d.json,436338,e9eca8e107e5470dbb69a5375daa239db65048ad479a907e9a6aa2c351e0bdc4
dataset_final/raw/espn_summary/summary_event_760441__92137b0ad455c2ff.json,386521,92137b0ad455c2ffa6765f4daa3e2424487f5347fb83fe06054ca247172ced81
dataset_final/raw/espn_summary/summary_event_760442__3b841fa2875435de.json,435672,3b841fa2875435de77c21b2cda55f09b680caebd224f6f61799630596734b6c3
dataset_final/raw/espn_summary/summary_event_760443__d3d0c3212aaed656.json,436422,d3d0c3212aaed656c7e4b1fc26bb8d074d47e3ce04e002ce78fa77f518874cf3
dataset_final/raw/espn_summary/summary_event_760444__72cfb11a643e6cd0.json,417007,72cfb11a643e6cd0794fd97aaa79e2413b85dea2a36cc516adf9c15a272f653c
dataset_final/raw/espn_summary/summary_event_760445__09ede1d1ef0c9517.json,389656,09ede1d1ef0c95170760d7d3a22405ec6b27e0065bcb712f7d826f7c648c575b
dataset_final/raw/espn_summary/summary_event_760446__4989b79e1999aa3b.json,407038,4989b79e1999aa3bd873327e3855349dd4cd752902d18e1a9a61b0e517a81eaa
dataset_final/raw/espn_summary/summary_event_760447__8f18acf65cee1ba1.json,429415,8f18acf65cee1ba146be67656f02d71ae2f89aff1e6d5bf4b4a5b4dd3be449f4
dataset_final/raw/espn_summary/summary_event_760448__055c8e970994ce74.json,400184,055c8e970994ce7418124cef5f1405cefc4177a758607556e5aac82b47543729
dataset_final/raw/espn_summary/summary_event_760449__9acf2d7c5fb896a4.json,373747,9acf2d7c5fb896a4ca1c90bdd7fb6661d5a1ba2c5b0f571fe696008294bd9dbb
dataset_final/raw/espn_summary/summary_event_760450__0b7b2f5c0df0afdc.json,392676,0b7b2f5c0df0afdc444cd3528f065230a436eaa811bc8c0019c1772508cf83fd
dataset_final/raw/espn_summary/summary_event_760451__090a6ceeaaf51595.json,396592,090a6ceeaaf515955f71c1c0d2a57139fb74cb7a8bca326e47232e5c282bcb0c
dataset_final/raw/espn_summary/summary_event_760452__9bf8a0830993daf4.json,423631,9bf8a0830993daf4334895b66a606297b42306b63e3a8381dfaa486cee98b612
dataset_final/raw/espn_summary/summary_event_760453__221def637b8e4150.json,392703,221def637b8e4150c1ce3064e611632319a9564db100df211657a38033f0aacc
dataset_final/raw/espn_summary/summary_event_760454__dac43080093ab644.json,403500,dac43080093ab644ff515353e43d3c194fd79081ed43929c87cc92e70f37465f
dataset_final/raw/espn_summary/summary_event_760455__338f59954bb9d1ae.json,378119,338f59954bb9d1ae6c546afa9be7c303915cb520fce2d1bb750a9e38971ee3fc
dataset_final/raw/espn_summary/summary_event_760456__3b1861ea53c18e0f.json,414161,3b1861ea53c18e0f24326fa1c5973e3b58e913d914687358e7dfb8edfb9ee266
dataset_final/raw/espn_summary/summary_event_760457__0c790e5443451468.json,376058,0c790e5443451468b0c1f805cd28597e5d105c5265199d1a6feb6f11f65bd2c5
dataset_final/raw/espn_summary/summary_event_760458__f8cd4fa00c5ae38c.json,429719,f8cd4fa00c5ae38c8ea9c20e93263893b02c24e1e4e2b785a344682716872760
dataset_final/raw/espn_summary/summary_event_760459__b8bbc1bde3ec75a6.json,407429,b8bbc1bde3ec75a6fe3d9ed3d755e66f7d68b9d0af08c38135c6b14b4bc00573
dataset_final/raw/espn_summary/summary_event_760460__8572e9d272faff1f.json,388210,8572e9d272faff1f6a1e6397c5752865f0155f359a0b3735d2f840d09463964e
dataset_final/raw/espn_summary/summary_event_760461__ad4f9c7ba681ab50.json,429423,ad4f9c7ba681ab50fe65114cf1d1848ac167abacfac5d811deed0473c001331d
dataset_final/raw/espn_summary/summary_event_760462__d070483239ab9dfd.json,410311,d070483239ab9dfda74882205794f3977c62ae09b61666ab2bea50ce1b330209
dataset_final/raw/espn_summary/summary_event_760463__815600f594f1437e.json,409644,815600f594f1437ecba763f023c1dc9c3f03125024c1a34413017625fe7b89ab
dataset_final/raw/espn_summary/summary_event_760464__94c3e3d69797949e.json,432825,94c3e3d69797949ef9078b78b4becea741df9d03e0e9f98a81666ecf30c889bb
dataset_final/raw/espn_summary/summary_event_760465__fbc950bb07a5456e.json,446724,fbc950bb07a5456ebcc3465d089e43a2867c34356548cd70eb4037fb84dd8c2b
dataset_final/raw/espn_summary/summary_event_760466__0224cf684669b3e4.json,381664,0224cf684669b3e44105f781d4cf5a09d6ac3c3ee92b1ba97e536b6e9596d279
dataset_final/raw/espn_summary/summary_event_760467__598d92bfbf4cf6ad.json,400566,598d92bfbf4cf6ade523602b5f76818810e3814c8bfcef4bd5bf21c8b29b6e21
dataset_final/raw/espn_summary/summary_event_760468__905b68f4bb87b1d9.json,401772,905b68f4bb87b1d921eea67e9f2c3169ff03ba8b013a8375c7e2a0f55644216d
dataset_final/raw/espn_summary/summary_event_760469__8297d3a4994025a7.json,375167,8297d3a4994025a77f771af61c058e1bc39a9a9d10d74f4266beaf18448b9d57
dataset_final/raw/espn_summary/summary_event_760470__820cc52d81aa6aa3.json,427423,820cc52d81aa6aa31755475c7cf2ef9d1a2376485e61ec65ff1fbb4efaba8515
dataset_final/raw/espn_summary/summary_event_760471__3a2ca2364404e728.json,411883,3a2ca2364404e7281ae922714e6d5d12f4b2b3fa95f4a61d5f7407d1b148a57d
dataset_final/raw/espn_summary/summary_event_760472__b2c797030e8796db.json,390459,b2c797030e8796db492d73298ae5b937e045a31a587dd3d8fbcc430dab5fd868
dataset_final/raw/espn_summary/summary_event_760473__f6a514f1ad77ae9b.json,397646,f6a514f1ad77ae9bb0d48be08ad0ee2561a27be268211aa16a74385f5ce0feb7
dataset_final/raw/espn_summary/summary_event_760474__81b10a7b065836a1.json,405835,81b10a7b065836a1b7eef6515db427a694534178a9798d42f7dffe5bc36161b8
dataset_final/raw/espn_summary/summary_event_760475__39bcbb6f113e7213.json,429278,39bcbb6f113e721356f44840fcd199649e057b9653912da9d243519f29ba903f
dataset_final/raw/espn_summary/summary_event_760476__a9b67fe45fc186e1.json,397315,a9b67fe45fc186e1a720df262a42ef09cdd5ed3d091477885dd03754728010fe
dataset_final/raw/espn_summary/summary_event_760477__8bf313408614375a.json,418956,8bf313408614375a5ac2df1938a7650c1999acc0613de6a3d90d1fa9114785ce
dataset_final/raw/espn_summary/summary_event_760478__95e982dbde2f1fbf.json,400958,95e982dbde2f1fbf6f437410b22e2fb7aaf915340d2fa509d4e2f1ce16b1ebf2
dataset_final/raw/espn_summary/summary_event_760479__db85ba9932920a38.json,406899,db85ba9932920a3847fcb2a082f2d19df4a4a4e25264e2763802fa18aaf89ee1
dataset_final/raw/espn_summary/summary_event_760480__1847365633ee1b09.json,394804,1847365633ee1b0940dd4dd97dbc0d9aaae94b69d94dcc58cb941da8ab547d58
dataset_final/raw/espn_summary/summary_event_760481__e1521b0998d8a052.json,417359,e1521b0998d8a0524c91771f4d8c9fc9978496c429df293b62a525fda1caacc9
dataset_final/raw/espn_summary/summary_event_760482__ecb662500a79bebd.json,413668,ecb662500a79bebdbdd48e1deded7c6056d4058a2a8f1909612f3f19cd6acc6b
dataset_final/raw/espn_summary/summary_event_760483__6993486901030802.json,412105,6993486901030802cc997f144406a25057bcb9a9f2b4160a063ce2e5a84a47e5
dataset_final/raw/espn_summary/summary_event_760484__a203d6b692c8400c.json,387102,a203d6b692c8400c8943557372657f13244c79925e06b047c918f8b57571382e
dataset_final/raw/espn_summary/summary_event_760485__a8072f9d6b11f1d8.json,441012,a8072f9d6b11f1d8a9b6f4fb99d38d09cecb66f6aa2b7c78d9696ac8d627a0a3
dataset_final/raw/espn_summary/summary_event_760486__753b607fbe8b2671.json,427097,753b607fbe8b2671f33b1861f75ed570a70c09bf781015466b51ba0ecec571fa
dataset_final/raw/espn_summary/summary_event_760487__ea665ebb992c3f8a.json,410054,ea665ebb992c3f8aa41f9ee3f78a2aa704999587bf1054f693626540ec1b9d9f
dataset_final/raw/espn_summary/summary_event_760488__ab0489c958e39fcf.json,448016,ab0489c958e39fcf22ea4402687fc1d7f091ff4f4c6d32de67278e07cab493d0
dataset_final/raw/espn_summary/summary_event_760489__a45988eff1fee296.json,467875,a45988eff1fee296fa8d934c6943d5b5707f437907b8c4fd57419281081447b0
dataset_final/raw/espn_summary/summary_event_760490__13389cf9e48c7796.json,392907,13389cf9e48c7796683dd8658e3d1a38c6cec96cbdc5a4e91e8b9275579dd273
dataset_final/raw/espn_summary/summary_event_760491__d8e1c1f37752be35.json,403211,d8e1c1f37752be35c84f156b640fa8c41caba277a8396513bfb73fd948681a19
dataset_final/raw/espn_summary/summary_event_760492__b040b94346951018.json,416013,b040b94346951018fb0d2d35a0548f182dceb7f72da2ce5b3526708e17315088
dataset_final/raw/espn_summary/summary_event_760493__082ed0405ec7dac8.json,440891,082ed0405ec7dac8367d09db6d9af9343b530a04e0774388829338c0095c1edb
dataset_final/raw/espn_summary/summary_event_760494__97669be123b29d65.json,435348,97669be123b29d65adfa97d112e8f49f7372b48b4b58b2d0afed2fc62c61e10b
dataset_final/raw/espn_summary/summary_event_760495__cd857b3fed03a451.json,418401,cd857b3fed03a4513df8a45e8bd0fd29e12dec71c39f936708420edeaf7b9a91
dataset_final/raw/espn_summary/summary_event_760496__07dd5583dc09153c.json,423305,07dd5583dc09153cf6831341a67d759a4b51f727dc441cf413caeb871d9b0de3
dataset_final/raw/espn_summary/summary_event_760497__99b7246a378a0d17.json,411176,99b7246a378a0d1781bdd4fca9a7757a9ac1d6395b9d450be0295028b887edff
dataset_final/raw/espn_summary/summary_event_760498__988005045feef35a.json,389173,988005045feef35afac217cd0a02690662f730e9c71092b39dec4db6f6146b5a
dataset_final/raw/espn_summary/summary_event_760499__e5a581f3ce01c425.json,416182,e5a581f3ce01c425c9444e09efaba7970698425140599b4571c2fbdeb4fd98f3
dataset_final/raw/espn_summary/summary_event_760500__5b5fe61a991d9782.json,438883,5b5fe61a991d978247770cd0873ff627ad478d55a172cb2778aee1b586b68e5b
dataset_final/raw/espn_summary/summary_event_760501__ca3aa2cb902d9e6f.json,409190,ca3aa2cb902d9e6f4292232605f0fd58869d17a0a3d6f090845192953419948c
dataset_final/raw/espn_summary/summary_event_760502__ec647410a643c84f.json,427137,ec647410a643c84f2f450bededf4e9aff7c564ddf23a822d88ecdb01ab7146c3
dataset_final/raw/espn_summary/summary_event_760503__0e47b5f9610fbd65.json,396095,0e47b5f9610fbd65ddf176ef62e3df38a4e06d67f8e79e1969c5feb174356c44
dataset_final/raw/espn_summary/summary_event_760504__86e4962675f26ea2.json,391402,86e4962675f26ea2980e6ef59ea1f3ac1ed0302f5ac3edcffabe072f2c5e74bc
dataset_final/raw/espn_summary/summary_event_760505__40e882ee37eedaba.json,423775,40e882ee37eedaba1b2a0b059c18de3f5c7d4c977f41bea0c19aaa9fc420814f
dataset_final/raw/espn_summary/summary_event_760506__adcc4d1ca185e129.json,411655,adcc4d1ca185e1290d87bcf1d61a487e209f2387e90d12f77d4bc723467aae54
dataset_final/raw/espn_summary/summary_event_760507__568652a67e59fd0e.json,449518,568652a67e59fd0ea2a73d29a86a2ba8a906e30d62813b9c7d9e842d3f0347b6
dataset_final/raw/espn_summary/summary_event_760508__5c4879696c8c309a.json,433494,5c4879696c8c309aa8e51c18b61aecbcc6562da4513cd79f576463c70f4bdee5
dataset_final/raw/espn_summary/summary_event_760509__72a2d141e7be54eb.json,427145,72a2d141e7be54eb0b9de18b069b7a2d0f8ede5268462135bacb9ba1b205f20a
dataset_final/raw/espn_summary/summary_event_760510__04adbb32568b28a3.json,425142,04adbb32568b28a33b913222f699a20680fb9dd4332896293b15aa7f565a5bdf
dataset_final/raw/espn_summary/summary_event_760511__24094c879eacbc2b.json,437146,24094c879eacbc2bc317d200ce3c7a8b5c9aa8c99365891c7700cbfb9a094a40
dataset_final/raw/espn_summary/summary_event_760512__4c874e13cb5e1191.json,449170,4c874e13cb5e1191e274b25dd86bec92df4c745ceb17250d62eefaa0ff7ccf33
dataset_final/raw/espn_summary/summary_event_760513__912b3e56fdc24fcb.json,482765,912b3e56fdc24fcb3d8bf430333884e13d0b212b66e176001308844626ff9dea
dataset_final/raw/espn_summary/summary_event_760514__9e01d6f2b6460921.json,432057,9e01d6f2b6460921fbb0e80ace07087b5500510f352af083032756debc083c35
dataset_final/raw/espn_summary/summary_event_760515__28681b6559fafd5f.json,459010,28681b6559fafd5f4366f24873f5969ad8461cda1c5ac96c4b7bdb37a705c264
dataset_final/raw/espn_summary/summary_event_760516__643c02200b1b12a5.json,468683,643c02200b1b12a57bae84acc8db9f72a3706271ca7539e260e995e9b8ef2c9c
dataset_final/raw/espn_summary/summary_event_760517__a7bf90b0c8b2018f.json,489360,a7bf90b0c8b2018f9ac7922827bfbba6e66599eae18d73f8654a5746fe33f7d2
dataset_final/raw/fifa_official/official_results_page_1__128df9d3c828baaf.html,4552,128df9d3c828baaf54e699e753e820c532b5087735d79d8b263f554f550cfb0c
dataset_final/raw/fifa_official/official_results_page_2__01ef9c902fca9ebe.html,4552,01ef9c902fca9ebe15a0149424940aae8cb88426b152bfc1ddb3a5e3a1073b71
dataset_final/reports/data_conflicts.csv,381,77d19c17bf0cd2c5d807f79c1f5804f7c55972941044744478b4b2f52622f726
dataset_final/reports/data_gaps.csv,43,7bd45b357b2b3cd7a5448d31b3d1e5a70ee8b03c16e4ce2396021972b3254efd
dataset_final/reports/extraction_summary.json,422,a78974f6ae400bb61e17acffa56f8e84e6fa01c15f2ac930a9a7a8cd26f01a97
dataset_final/reports/quality_checks.csv,692,e149f6e013286385dd48e14733f32c98f7d684a7ed282491a389ca4fe57adead
dataset_final/reports/summary_failures.csv,56,1a2b8cd8e892ed85b4cf87527ea8e91374cb3a102bbb006fc04a202ca8a7d1d2
dataset_final/repository_patch/matches.csv,15867,120324cf1fdfa1075c0479d34d27691bb1fef2fb6d55999452a10504372b29f9
dataset_final/repository_patch/matches.json,45447,7667af61c7481d79a91b4f30cb43ebb711208764119510c2cc6fa87021109921
dataset_final/repository_patch/novos_resultados_extraidos.csv,31392,9ba7c4d5feb41458271d5dcadbd74c3e38ca848940a97affad8c4dbd9d7613dc
dataset_final/repository_patch/resultados_reais.csv,29643,5afef8c0421d251d4474dd3a9bf20483ee55b544826fe7ff738ef54249b6fa4f
extracao_original/20260720T172321Z/fifa_fetch_metadata.json,534,b0181008141f9a917e66e27152e5dc248df30e5cd7d73e2c7e3835a59e3bbbb0
extracao_original/20260720T172321Z/normalized/calendar_seed.csv,15867,120324cf1fdfa1075c0479d34d27691bb1fef2fb6d55999452a10504372b29f9
extracao_original/20260720T172321Z/normalized/espn_match_commentary.csv,2519033,5822def79dbfdeff9da22bdd077fa606e64d6079d0ad0980459203336655417a
extracao_original/20260720T172321Z/normalized/espn_match_events.csv,1204100,9b05312a5421c53afa91177d113fceb64304755bad5c0bbde93e59e2e655996c
extracao_original/20260720T172321Z/normalized/espn_match_officials.csv,16049,d15f1193527c51d371430fdd2e0f5b6205cc45e4ca61cab97f08b57ede1a7adf
extracao_original/20260720T172321Z/normalized/espn_matches.csv,55910,eaa457373b082652b74c11f33d4eb56a754b3acfd2506f4e46a00af7bc10b067
extracao_original/20260720T172321Z/normalized/espn_penalty_shootouts.csv,8194,878b53d03502a4ed6f0493745f86b5f0138c8bbd80180db1a96a0ab22c1463ee
extracao_original/20260720T172321Z/normalized/espn_player_match_stats.csv,1355950,9b5b45c440f53c12cba37df4e51767c023212fd0aba97226096b5f624d8e0344
extracao_original/20260720T172321Z/normalized/espn_summary_match_meta.csv,18211,c7dfb03dddd60dc0736ca972688f8d566b39acea6438ab03a54d5760f41e20d7
extracao_original/20260720T172321Z/normalized/espn_team_match_stats.csv,47781,0cfc45852e79a018488fbb2aa2d0b4f5962c069d92d29750ca3b85de5e9cb106
extracao_original/20260720T172321Z/normalized/event_mapping_report.csv,11349,d9bcb2a83e1f0b3f54b77e7c2be0431e215153fe716ca2c0f07a239c53654df9
extracao_original/20260720T172321Z/normalized/fifa_verification.csv,11010,c6b69624fe97810292d7589c8a6f87137ccf590a24b28d9df35975d7d24b3442
extracao_original/20260720T172321Z/normalized/team_name_aliases.csv,1197,e34767d51164eaf0bc45d93e65924a90667d2abf67ac9a9ec9acc9aeff5f1dcc
extracao_original/20260720T172321Z/raw/espn_scoreboard/world_cup_2026_scoreboard__364bf327db4fa4fd.json,1142017,364bf327db4fa4fd5e7e2c22a30e855d0938a5e9f7f27cc5a88bff43bf4f3062
extracao_original/20260720T172321Z/raw/espn_summary/summary_event_760414__03b799059385b311.json,406818,03b799059385b3114800f7f72872117044375bad7eea358b6be3ad85c042afe6
extracao_original/20260720T172321Z/raw/espn_summary/summary_event_760415__42821309b25c1394.json,413544,42821309b25c1394dbc57508d244bdf328a2938e309faa9c84a6447611675349
extracao_original/20260720T172321Z/raw/espn_summary/summary_event_760416__72d2345af9f4f1de.json,434218,72d2345af9f4f1de42c7692f7db20a14208fcfefc3143de25234ae11a3bdb6a3
extracao_original/20260720T172321Z/raw/espn_summary/summary_event_760417__010e1016083c1dbf.json,454871,010e1016083c1dbf3f94258dd8baa4383b6ca7b64898d0d42fd04778ea3b98d6
extracao_original/20260720T172321Z/raw/espn_summary/summary_event_760418__2d3436ec86ea7a74.json,419865,2d3436ec86ea7a74befcfd812cd617db438334af86d3d8512363c6668cc73e0a
extracao_original/20260720T172321Z/raw/espn_summary/summary_event_760419__31ded61d5db77506.json,426701,31ded61d5db77506bee744ebefafa099a968bb97630aec69040253234bcba002
extracao_original/20260720T172321Z/raw/espn_summary/summary_event_760420__b69d34406b912293.json,422962,b69d34406b912293d0fb6e112e10ec5365fa3360efea7c510db1c29efe6456f0
extracao_original/20260720T172321Z/raw/espn_summary/summary_event_760421__9f01db8a0d6e33d4.json,401196,9f01db8a0d6e33d42252547791814a6dd3b0579a106f10ac2729c11d08aa02b1
extracao_original/20260720T172321Z/raw/espn_summary/summary_event_760422__befb6cc31851ade2.json,422217,befb6cc31851ade2e92b759fd937133fbd59d0052bf98a00c803e40d72e31d03
extracao_original/20260720T172321Z/raw/espn_summary/summary_event_760423__00dcd92e69ccb35a.json,406837,00dcd92e69ccb35a3f9faa9a56603617d91f1281b38b7536e9fb39f8104c636b
extracao_original/20260720T172321Z/raw/espn_summary/summary_event_760424__3151b4a80b018a3b.json,404527,3151b4a80b018a3b68b3d06fbf2c1a3b7b95fffc9a72ca7907f0aa99874294b0
extracao_original/20260720T172321Z/raw/espn_summary/summary_event_760425__710d99c286e874bd.json,409582,710d99c286e874bdde5f6fd41a54f07657b139f749e7af728e246f44a2f23b70
extracao_original/20260720T172321Z/raw/espn_summary/summary_event_760426__4e41fe238da60001.json,412734,4e41fe238da60001cac5e96013fe9f7b8d3e7be82343be258eb33a73ef01fa71
extracao_original/20260720T172321Z/raw/espn_summary/summary_event_760427__9828372fd281d242.json,399655,9828372fd281d2420fa4e570d02dceb2ccf935e8f94a50c5a59d20a0c47ae691
extracao_original/20260720T172321Z/raw/espn_summary/summary_event_760428__c0f06079bd0ba9d0.json,390221,c0f06079bd0ba9d0e73a5bd3e4498c2d49e0fb8ba9ba66907aa7ff4003eda00f
extracao_original/20260720T172321Z/raw/espn_summary/summary_event_760429__1724a8248844b503.json,396850,1724a8248844b50375b8830834646a07b031e31915de0ee8d03dc264df7740c0
extracao_original/20260720T172321Z/raw/espn_summary/summary_event_760430__0f8b087fb2126c75.json,415999,0f8b087fb2126c75fbe6e2636c237bff5a4bea74249400e128aaeca0ba9dea52
extracao_original/20260720T172321Z/raw/espn_summary/summary_event_760431__a996f555a1079637.json,395843,a996f555a1079637664835088bb3e55ec6b9b315950f108a62d60ef0878e470f
extracao_original/20260720T172321Z/raw/espn_summary/summary_event_760432__7a446a454da47539.json,395965,7a446a454da47539b94fe7e97d45ec9cf23a6b7d8ff2fcade969426989d9e2a8
extracao_original/20260720T172321Z/raw/espn_summary/summary_event_760433__983ce510ce635f98.json,419714,983ce510ce635f9866262d9fdf0be634a3d4ac5545ffe5392584067fb765fcb3
extracao_original/20260720T172321Z/raw/espn_summary/summary_event_760434__5436201436ec4c13.json,384666,5436201436ec4c1328ff626b998a573d8b6ce7a90d4f2135cf8212f9b280c583
extracao_original/20260720T172321Z/raw/espn_summary/summary_event_760435__0e0b6c4b6e0f2d62.json,417630,0e0b6c4b6e0f2d62ca41d784f5477ca5930dc16423958578954410c9e6081724
extracao_original/20260720T172321Z/raw/espn_summary/summary_event_760436__380117874993654c.json,406243,380117874993654c817af317a64117ba51de0a2d8a4096230758a08188daaa78
extracao_original/20260720T172321Z/raw/espn_summary/summary_event_760437__de79b3e009f16c2e.json,440202,de79b3e009f16c2e87d8b553f1fa0080d3915717f69cffa97748169f157c39b6
extracao_original/20260720T172321Z/raw/espn_summary/summary_event_760438__a651a80273861ac8.json,411080,a651a80273861ac8816f687ba15bd2427fc5cab84912daf96795fc22c0d751da
extracao_original/20260720T172321Z/raw/espn_summary/summary_event_760439__c39062cc8b7e1ef5.json,397696,c39062cc8b7e1ef519debb8bad85bb9f3d9f9651fe3f6b40b8b5057345f81476
extracao_original/20260720T172321Z/raw/espn_summary/summary_event_760440__e9eca8e107e5470d.json,436338,e9eca8e107e5470dbb69a5375daa239db65048ad479a907e9a6aa2c351e0bdc4
extracao_original/20260720T172321Z/raw/espn_summary/summary_event_760441__92137b0ad455c2ff.json,386521,92137b0ad455c2ffa6765f4daa3e2424487f5347fb83fe06054ca247172ced81
extracao_original/20260720T172321Z/raw/espn_summary/summary_event_760442__3b841fa2875435de.json,435672,3b841fa2875435de77c21b2cda55f09b680caebd224f6f61799630596734b6c3
extracao_original/20260720T172321Z/raw/espn_summary/summary_event_760443__d3d0c3212aaed656.json,436422,d3d0c3212aaed656c7e4b1fc26bb8d074d47e3ce04e002ce78fa77f518874cf3
extracao_original/20260720T172321Z/raw/espn_summary/summary_event_760444__72cfb11a643e6cd0.json,417007,72cfb11a643e6cd0794fd97aaa79e2413b85dea2a36cc516adf9c15a272f653c
extracao_original/20260720T172321Z/raw/espn_summary/summary_event_760445__09ede1d1ef0c9517.json,389656,09ede1d1ef0c95170760d7d3a22405ec6b27e0065bcb712f7d826f7c648c575b
extracao_original/20260720T172321Z/raw/espn_summary/summary_event_760446__4989b79e1999aa3b.json,407038,4989b79e1999aa3bd873327e3855349dd4cd752902d18e1a9a61b0e517a81eaa
extracao_original/20260720T172321Z/raw/espn_summary/summary_event_760447__8f18acf65cee1ba1.json,429415,8f18acf65cee1ba146be67656f02d71ae2f89aff1e6d5bf4b4a5b4dd3be449f4
extracao_original/20260720T172321Z/raw/espn_summary/summary_event_760448__055c8e970994ce74.json,400184,055c8e970994ce7418124cef5f1405cefc4177a758607556e5aac82b47543729
extracao_original/20260720T172321Z/raw/espn_summary/summary_event_760449__9acf2d7c5fb896a4.json,373747,9acf2d7c5fb896a4ca1c90bdd7fb6661d5a1ba2c5b0f571fe696008294bd9dbb
extracao_original/20260720T172321Z/raw/espn_summary/summary_event_760450__0b7b2f5c0df0afdc.json,392676,0b7b2f5c0df0afdc444cd3528f065230a436eaa811bc8c0019c1772508cf83fd
extracao_original/20260720T172321Z/raw/espn_summary/summary_event_760451__090a6ceeaaf51595.json,396592,090a6ceeaaf515955f71c1c0d2a57139fb74cb7a8bca326e47232e5c282bcb0c
extracao_original/20260720T172321Z/raw/espn_summary/summary_event_760452__9bf8a0830993daf4.json,423631,9bf8a0830993daf4334895b66a606297b42306b63e3a8381dfaa486cee98b612
extracao_original/20260720T172321Z/raw/espn_summary/summary_event_760453__221def637b8e4150.json,392703,221def637b8e4150c1ce3064e611632319a9564db100df211657a38033f0aacc
extracao_original/20260720T172321Z/raw/espn_summary/summary_event_760454__dac43080093ab644.json,403500,dac43080093ab644ff515353e43d3c194fd79081ed43929c87cc92e70f37465f
extracao_original/20260720T172321Z/raw/espn_summary/summary_event_760455__338f59954bb9d1ae.json,378119,338f59954bb9d1ae6c546afa9be7c303915cb520fce2d1bb750a9e38971ee3fc
extracao_original/20260720T172321Z/raw/espn_summary/summary_event_760456__3b1861ea53c18e0f.json,414161,3b1861ea53c18e0f24326fa1c5973e3b58e913d914687358e7dfb8edfb9ee266
extracao_original/20260720T172321Z/raw/espn_summary/summary_event_760457__0c790e5443451468.json,376058,0c790e5443451468b0c1f805cd28597e5d105c5265199d1a6feb6f11f65bd2c5
extracao_original/20260720T172321Z/raw/espn_summary/summary_event_760458__f8cd4fa00c5ae38c.json,429719,f8cd4fa00c5ae38c8ea9c20e93263893b02c24e1e4e2b785a344682716872760
extracao_original/20260720T172321Z/raw/espn_summary/summary_event_760459__b8bbc1bde3ec75a6.json,407429,b8bbc1bde3ec75a6fe3d9ed3d755e66f7d68b9d0af08c38135c6b14b4bc00573
extracao_original/20260720T172321Z/raw/espn_summary/summary_event_760460__8572e9d272faff1f.json,388210,8572e9d272faff1f6a1e6397c5752865f0155f359a0b3735d2f840d09463964e
extracao_original/20260720T172321Z/raw/espn_summary/summary_event_760461__ad4f9c7ba681ab50.json,429423,ad4f9c7ba681ab50fe65114cf1d1848ac167abacfac5d811deed0473c001331d
extracao_original/20260720T172321Z/raw/espn_summary/summary_event_760462__d070483239ab9dfd.json,410311,d070483239ab9dfda74882205794f3977c62ae09b61666ab2bea50ce1b330209
extracao_original/20260720T172321Z/raw/espn_summary/summary_event_760463__815600f594f1437e.json,409644,815600f594f1437ecba763f023c1dc9c3f03125024c1a34413017625fe7b89ab
extracao_original/20260720T172321Z/raw/espn_summary/summary_event_760464__94c3e3d69797949e.json,432825,94c3e3d69797949ef9078b78b4becea741df9d03e0e9f98a81666ecf30c889bb
extracao_original/20260720T172321Z/raw/espn_summary/summary_event_760465__fbc950bb07a5456e.json,446724,fbc950bb07a5456ebcc3465d089e43a2867c34356548cd70eb4037fb84dd8c2b
extracao_original/20260720T172321Z/raw/espn_summary/summary_event_760466__0224cf684669b3e4.json,381664,0224cf684669b3e44105f781d4cf5a09d6ac3c3ee92b1ba97e536b6e9596d279
extracao_original/20260720T172321Z/raw/espn_summary/summary_event_760467__598d92bfbf4cf6ad.json,400566,598d92bfbf4cf6ade523602b5f76818810e3814c8bfcef4bd5bf21c8b29b6e21
extracao_original/20260720T172321Z/raw/espn_summary/summary_event_760468__905b68f4bb87b1d9.json,401772,905b68f4bb87b1d921eea67e9f2c3169ff03ba8b013a8375c7e2a0f55644216d
extracao_original/20260720T172321Z/raw/espn_summary/summary_event_760469__8297d3a4994025a7.json,375167,8297d3a4994025a77f771af61c058e1bc39a9a9d10d74f4266beaf18448b9d57
extracao_original/20260720T172321Z/raw/espn_summary/summary_event_760470__820cc52d81aa6aa3.json,427423,820cc52d81aa6aa31755475c7cf2ef9d1a2376485e61ec65ff1fbb4efaba8515
extracao_original/20260720T172321Z/raw/espn_summary/summary_event_760471__3a2ca2364404e728.json,411883,3a2ca2364404e7281ae922714e6d5d12f4b2b3fa95f4a61d5f7407d1b148a57d
extracao_original/20260720T172321Z/raw/espn_summary/summary_event_760472__b2c797030e8796db.json,390459,b2c797030e8796db492d73298ae5b937e045a31a587dd3d8fbcc430dab5fd868
extracao_original/20260720T172321Z/raw/espn_summary/summary_event_760473__f6a514f1ad77ae9b.json,397646,f6a514f1ad77ae9bb0d48be08ad0ee2561a27be268211aa16a74385f5ce0feb7
extracao_original/20260720T172321Z/raw/espn_summary/summary_event_760474__81b10a7b065836a1.json,405835,81b10a7b065836a1b7eef6515db427a694534178a9798d42f7dffe5bc36161b8
extracao_original/20260720T172321Z/raw/espn_summary/summary_event_760475__39bcbb6f113e7213.json,429278,39bcbb6f113e721356f44840fcd199649e057b9653912da9d243519f29ba903f
extracao_original/20260720T172321Z/raw/espn_summary/summary_event_760476__a9b67fe45fc186e1.json,397315,a9b67fe45fc186e1a720df262a42ef09cdd5ed3d091477885dd03754728010fe
extracao_original/20260720T172321Z/raw/espn_summary/summary_event_760477__8bf313408614375a.json,418956,8bf313408614375a5ac2df1938a7650c1999acc0613de6a3d90d1fa9114785ce
extracao_original/20260720T172321Z/raw/espn_summary/summary_event_760478__95e982dbde2f1fbf.json,400958,95e982dbde2f1fbf6f437410b22e2fb7aaf915340d2fa509d4e2f1ce16b1ebf2
extracao_original/20260720T172321Z/raw/espn_summary/summary_event_760479__db85ba9932920a38.json,406899,db85ba9932920a3847fcb2a082f2d19df4a4a4e25264e2763802fa18aaf89ee1
extracao_original/20260720T172321Z/raw/espn_summary/summary_event_760480__1847365633ee1b09.json,394804,1847365633ee1b0940dd4dd97dbc0d9aaae94b69d94dcc58cb941da8ab547d58
extracao_original/20260720T172321Z/raw/espn_summary/summary_event_760481__e1521b0998d8a052.json,417359,e1521b0998d8a0524c91771f4d8c9fc9978496c429df293b62a525fda1caacc9
extracao_original/20260720T172321Z/raw/espn_summary/summary_event_760482__ecb662500a79bebd.json,413668,ecb662500a79bebdbdd48e1deded7c6056d4058a2a8f1909612f3f19cd6acc6b
extracao_original/20260720T172321Z/raw/espn_summary/summary_event_760483__6993486901030802.json,412105,6993486901030802cc997f144406a25057bcb9a9f2b4160a063ce2e5a84a47e5
extracao_original/20260720T172321Z/raw/espn_summary/summary_event_760484__a203d6b692c8400c.json,387102,a203d6b692c8400c8943557372657f13244c79925e06b047c918f8b57571382e
extracao_original/20260720T172321Z/raw/espn_summary/summary_event_760485__a8072f9d6b11f1d8.json,441012,a8072f9d6b11f1d8a9b6f4fb99d38d09cecb66f6aa2b7c78d9696ac8d627a0a3
extracao_original/20260720T172321Z/raw/espn_summary/summary_event_760486__753b607fbe8b2671.json,427097,753b607fbe8b2671f33b1861f75ed570a70c09bf781015466b51ba0ecec571fa
extracao_original/20260720T172321Z/raw/espn_summary/summary_event_760487__ea665ebb992c3f8a.json,410054,ea665ebb992c3f8aa41f9ee3f78a2aa704999587bf1054f693626540ec1b9d9f
extracao_original/20260720T172321Z/raw/espn_summary/summary_event_760488__ab0489c958e39fcf.json,448016,ab0489c958e39fcf22ea4402687fc1d7f091ff4f4c6d32de67278e07cab493d0
extracao_original/20260720T172321Z/raw/espn_summary/summary_event_760489__a45988eff1fee296.json,467875,a45988eff1fee296fa8d934c6943d5b5707f437907b8c4fd57419281081447b0
extracao_original/20260720T172321Z/raw/espn_summary/summary_event_760490__13389cf9e48c7796.json,392907,13389cf9e48c7796683dd8658e3d1a38c6cec96cbdc5a4e91e8b9275579dd273
extracao_original/20260720T172321Z/raw/espn_summary/summary_event_760491__d8e1c1f37752be35.json,403211,d8e1c1f37752be35c84f156b640fa8c41caba277a8396513bfb73fd948681a19
extracao_original/20260720T172321Z/raw/espn_summary/summary_event_760492__b040b94346951018.json,416013,b040b94346951018fb0d2d35a0548f182dceb7f72da2ce5b3526708e17315088
extracao_original/20260720T172321Z/raw/espn_summary/summary_event_760493__082ed0405ec7dac8.json,440891,082ed0405ec7dac8367d09db6d9af9343b530a04e0774388829338c0095c1edb
extracao_original/20260720T172321Z/raw/espn_summary/summary_event_760494__97669be123b29d65.json,435348,97669be123b29d65adfa97d112e8f49f7372b48b4b58b2d0afed2fc62c61e10b
extracao_original/20260720T172321Z/raw/espn_summary/summary_event_760495__cd857b3fed03a451.json,418401,cd857b3fed03a4513df8a45e8bd0fd29e12dec71c39f936708420edeaf7b9a91
extracao_original/20260720T172321Z/raw/espn_summary/summary_event_760496__07dd5583dc09153c.json,423305,07dd5583dc09153cf6831341a67d759a4b51f727dc441cf413caeb871d9b0de3
extracao_original/20260720T172321Z/raw/espn_summary/summary_event_760497__99b7246a378a0d17.json,411176,99b7246a378a0d1781bdd4fca9a7757a9ac1d6395b9d450be0295028b887edff
extracao_original/20260720T172321Z/raw/espn_summary/summary_event_760498__988005045feef35a.json,389173,988005045feef35afac217cd0a02690662f730e9c71092b39dec4db6f6146b5a
extracao_original/20260720T172321Z/raw/espn_summary/summary_event_760499__e5a581f3ce01c425.json,416182,e5a581f3ce01c425c9444e09efaba7970698425140599b4571c2fbdeb4fd98f3
extracao_original/20260720T172321Z/raw/espn_summary/summary_event_760500__5b5fe61a991d9782.json,438883,5b5fe61a991d978247770cd0873ff627ad478d55a172cb2778aee1b586b68e5b
extracao_original/20260720T172321Z/raw/espn_summary/summary_event_760501__ca3aa2cb902d9e6f.json,409190,ca3aa2cb902d9e6f4292232605f0fd58869d17a0a3d6f090845192953419948c
extracao_original/20260720T172321Z/raw/espn_summary/summary_event_760502__ec647410a643c84f.json,427137,ec647410a643c84f2f450bededf4e9aff7c564ddf23a822d88ecdb01ab7146c3
extracao_original/20260720T172321Z/raw/espn_summary/summary_event_760503__0e47b5f9610fbd65.json,396095,0e47b5f9610fbd65ddf176ef62e3df38a4e06d67f8e79e1969c5feb174356c44
extracao_original/20260720T172321Z/raw/espn_summary/summary_event_760504__86e4962675f26ea2.json,391402,86e4962675f26ea2980e6ef59ea1f3ac1ed0302f5ac3edcffabe072f2c5e74bc
extracao_original/20260720T172321Z/raw/espn_summary/summary_event_760505__40e882ee37eedaba.json,423775,40e882ee37eedaba1b2a0b059c18de3f5c7d4c977f41bea0c19aaa9fc420814f
extracao_original/20260720T172321Z/raw/espn_summary/summary_event_760506__adcc4d1ca185e129.json,411655,adcc4d1ca185e1290d87bcf1d61a487e209f2387e90d12f77d4bc723467aae54
extracao_original/20260720T172321Z/raw/espn_summary/summary_event_760507__568652a67e59fd0e.json,449518,568652a67e59fd0ea2a73d29a86a2ba8a906e30d62813b9c7d9e842d3f0347b6
extracao_original/20260720T172321Z/raw/espn_summary/summary_event_760508__5c4879696c8c309a.json,433494,5c4879696c8c309aa8e51c18b61aecbcc6562da4513cd79f576463c70f4bdee5
extracao_original/20260720T172321Z/raw/espn_summary/summary_event_760509__72a2d141e7be54eb.json,427145,72a2d141e7be54eb0b9de18b069b7a2d0f8ede5268462135bacb9ba1b205f20a
extracao_original/20260720T172321Z/raw/espn_summary/summary_event_760510__04adbb32568b28a3.json,425142,04adbb32568b28a33b913222f699a20680fb9dd4332896293b15aa7f565a5bdf
extracao_original/20260720T172321Z/raw/espn_summary/summary_event_760511__24094c879eacbc2b.json,437146,24094c879eacbc2bc317d200ce3c7a8b5c9aa8c99365891c7700cbfb9a094a40
extracao_original/20260720T172321Z/raw/espn_summary/summary_event_760512__4c874e13cb5e1191.json,449170,4c874e13cb5e1191e274b25dd86bec92df4c745ceb17250d62eefaa0ff7ccf33
extracao_original/20260720T172321Z/raw/espn_summary/summary_event_760513__912b3e56fdc24fcb.json,482765,912b3e56fdc24fcb3d8bf430333884e13d0b212b66e176001308844626ff9dea
extracao_original/20260720T172321Z/raw/espn_summary/summary_event_760514__9e01d6f2b6460921.json,432057,9e01d6f2b6460921fbb0e80ace07087b5500510f352af083032756debc083c35
extracao_original/20260720T172321Z/raw/espn_summary/summary_event_760515__28681b6559fafd5f.json,459010,28681b6559fafd5f4366f24873f5969ad8461cda1c5ac96c4b7bdb37a705c264
extracao_original/20260720T172321Z/raw/espn_summary/summary_event_760516__643c02200b1b12a5.json,468683,643c02200b1b12a57bae84acc8db9f72a3706271ca7539e260e995e9b8ef2c9c
extracao_original/20260720T172321Z/raw/espn_summary/summary_event_760517__a7bf90b0c8b2018f.json,489360,a7bf90b0c8b2018f9ac7922827bfbba6e66599eae18d73f8654a5746fe33f7d2
extracao_original/20260720T172321Z/raw/fifa_official/official_results_page_1__128df9d3c828baaf.html,4552,128df9d3c828baaf54e699e753e820c532b5087735d79d8b263f554f550cfb0c
extracao_original/20260720T172321Z/raw/fifa_official/official_results_page_2__01ef9c902fca9ebe.html,4552,01ef9c902fca9ebe15a0149424940aae8cb88426b152bfc1ddb3a5e3a1073b71
extracao_original/20260720T172321Z/raw_manifest.jsonl,51326,7f4820497d49f613bb61da3a4b1f16e5a080ce2eabc7c54f196c6c74f38be575
extracao_original/20260720T172321Z/reports/data_conflicts.csv,381,77d19c17bf0cd2c5d807f79c1f5804f7c55972941044744478b4b2f52622f726
extracao_original/20260720T172321Z/reports/data_gaps.csv,4,b42f2099187886def637d6aa840022266e05cb6c987a9394e708e23cd505eb46
extracao_original/20260720T172321Z/reports/extraction_summary.json,422,a78974f6ae400bb61e17acffa56f8e84e6fa01c15f2ac930a9a7a8cd26f01a97
extracao_original/20260720T172321Z/reports/quality_checks.csv,692,e149f6e013286385dd48e14733f32c98f7d684a7ed282491a389ca4fe57adead
extracao_original/20260720T172321Z/reports/summary_failures.csv,4,b42f2099187886def637d6aa840022266e05cb6c987a9394e708e23cd505eb46
extracao_original/20260720T172321Z/repository_patch/matches.csv,15867,120324cf1fdfa1075c0479d34d27691bb1fef2fb6d55999452a10504372b29f9
extracao_original/20260720T172321Z/repository_patch/matches.json,45447,7667af61c7481d79a91b4f30cb43ebb711208764119510c2cc6fa87021109921
extracao_original/20260720T172321Z/repository_patch/novos_resultados_extraidos.csv,31392,9ba7c4d5feb41458271d5dcadbd74c3e38ca848940a97affad8c4dbd9d7613dc
extracao_original/20260720T172321Z/repository_patch/resultados_reais.csv,29643,5afef8c0421d251d4474dd3a9bf20483ee55b544826fe7ff738ef54249b6fa4f
extracao_original/20260720T172321Z/wc2026_matches_full.json,14185466,000e9a9bfc9e0ecf982ad8dc95f51175e7e38e4edc30fdfba1948bc622676b0b
extracao_original/20260720T172321Z/wc2026_matches_master.csv,66950,ee5a5ee7b16922ef65f4895019a33bf77fd62e726c5b167204b0bd420d38e733
extracao_original/20260720T172321Z/wc2026_results_validated.csv,47478,c028467b15dd3d7112c192d1aea38a27a0e2ae9792df26afc1b2e78710ce7483
notebook/extracao_copa_2026_independente.ipynb,98204,89ef1c782cb1e5da2ce403361c69ff9f25fa630dff4c93d01630f992fec95f22
repositorio_corrigido/tabela-copa-main/.github/workflows/static.yml,1122,8b8086447716c2da1cbd58082728bce8824d25371b806351de7f6b9b2ebb435d
repositorio_corrigido/tabela-copa-main/.gitignore,262,51cec3803ff918d611517ed9072af01e013b695dd05ec2e4c57703afa2fba8b8
repositorio_corrigido/tabela-copa-main/.nojekyll,0,e3b0c44298fc1c149afbf4c8996fb92427ae41e4649b934ca495991b7852b855
repositorio_corrigido/tabela-copa-main/README.md,4828,bc20deac119cc4808c619257e4f1f635c856aaf5c8d5a258f146e886907cb973
repositorio_corrigido/tabela-copa-main/VALIDACAO_RECALCULO_PROBABILIDADES_2026_06_30.json,353,cd48e3ca4f64daf189cacdcd5e2ef935dc9ae28dcfd824687ea29f28df90c488
repositorio_corrigido/tabela-copa-main/assets/teams/ARG_argentina/flag.png,3876,7d45e6bad8b40392cbb36d15a7bd69276db61462b2cac252f64b132d75d4f650
repositorio_corrigido/tabela-copa-main/assets/teams/ARG_argentina/flag.svg,4003,0828d651a95f39cea1e5d9d2ee30ec4dbcf55d70bdea39c89ec80c83226ad86d
repositorio_corrigido/tabela-copa-main/assets/teams/ARG_argentina/icon.png,501,15826f94a862adf04d78ef3510f2cbe574d85913e58ebfa22e85b35aa999da2b
repositorio_corrigido/tabela-copa-main/assets/teams/ARG_argentina/metadata.json,797,4e7393d1f348dae99f4b5ccd896a27dcfecc02263272997700e0049b07204110
repositorio_corrigido/tabela-copa-main/assets/teams/ARG_argentina/sources.md,180,04932f22b550b3a033483bd45ae3dd8f488dc94ef00deca8cb2eca68eb826c2c
repositorio_corrigido/tabela-copa-main/assets/teams/AUS_australia/flag.png,3391,a726a5b75c753801dd6aa3897b3480753f05f706f2b3e916b7de716c9e53cac4
repositorio_corrigido/tabela-copa-main/assets/teams/AUS_australia/flag.svg,1307,b826e039804d5cf313bd7e22a40ea2239e8e22ddba7c19a8787dfaad1dda71aa
repositorio_corrigido/tabela-copa-main/assets/teams/AUS_australia/icon.png,884,56ce6ac8603fdee85fd4a8f3ef0a3ec21eabd70028c3b1095e2e9385c4c2b231
repositorio_corrigido/tabela-copa-main/assets/teams/AUS_australia/metadata.json,800,79123dc9b533e01ed909314bc4d94ffa846fd0bb3af5a6cb25f7f9a3ca95c7f9
repositorio_corrigido/tabela-copa-main/assets/teams/AUS_australia/sources.md,180,04932f22b550b3a033483bd45ae3dd8f488dc94ef00deca8cb2eca68eb826c2c
repositorio_corrigido/tabela-copa-main/assets/teams/AUT_austria/flag.png,259,ed0de839e7eac954f585c61abdbca243b2da409a5fb91bede409185a92c45813
repositorio_corrigido/tabela-copa-main/assets/teams/AUT_austria/flag.svg,154,5c5bded6c58d94069f75d61049773930b8a23aa2a73a17355f622c6ce40090dc
repositorio_corrigido/tabela-copa-main/assets/teams/AUT_austria/icon.png,116,03e7d11fa27d69e3bad443e57093dce045f180ce8e4a949baf98a5f5ac4c2f97
repositorio_corrigido/tabela-copa-main/assets/teams/AUT_austria/metadata.json,773,9468dd014f9968ee9802c36dedce6056b80ec11a6ca579d1a6d2233f85d77ffd
repositorio_corrigido/tabela-copa-main/assets/teams/AUT_austria/sources.md,180,04932f22b550b3a033483bd45ae3dd8f488dc94ef00deca8cb2eca68eb826c2c
repositorio_corrigido/tabela-copa-main/assets/teams/BEL_belgica/flag.png,799,baa317ea8afc1cfe5e3a0bc52e0a08a1823cacbc4746ef1ebc11a6ee8c088ce4
repositorio_corrigido/tabela-copa-main/assets/teams/BEL_belgica/flag.svg,182,95933c385c9e72479ec7e63f6cbca50d07695fd2e41fab334ea549c20b234fd1
repositorio_corrigido/tabela-copa-main/assets/teams/BEL_belgica/icon.png,146,7f9c72f59a344d8eb84d7d049e506470468f63aa1ca387b13ec9e205ac3a3b8f
repositorio_corrigido/tabela-copa-main/assets/teams/BEL_belgica/metadata.json,793,7d295e06e632c080ae4e8f5816ca8d396a1ebcbd3be83c272ce5a552877cfc90
repositorio_corrigido/tabela-copa-main/assets/teams/BEL_belgica/sources.md,180,04932f22b550b3a033483bd45ae3dd8f488dc94ef00deca8cb2eca68eb826c2c
repositorio_corrigido/tabela-copa-main/assets/teams/BIH_bosnia-e-herzegovina/flag.png,2883,6437bf761c480f3421c3a3f8f6a37fb23903b8278e2a57bd286a5c98362c4868
repositorio_corrigido/tabela-copa-main/assets/teams/BIH_bosnia-e-herzegovina/flag.svg,437,1c83a2cf7e8366afb9d724f896902ec46a722739538349d6f41b0953d47f171f
repositorio_corrigido/tabela-copa-main/assets/teams/BIH_bosnia-e-herzegovina/icon.png,804,ecccd6088b8f7ec20a92d1b2b3d0792380a9ea7cce2f2efb4956bdadd15ca0e8
repositorio_corrigido/tabela-copa-main/assets/teams/BIH_bosnia-e-herzegovina/metadata.json,848,75ca512995fe2912ea61130d196570cc1a30cfc9107dba23cce95d5389c80f17
repositorio_corrigido/tabela-copa-main/assets/teams/BIH_bosnia-e-herzegovina/sources.md,180,04932f22b550b3a033483bd45ae3dd8f488dc94ef00deca8cb2eca68eb826c2c
repositorio_corrigido/tabela-copa-main/assets/teams/BRA_brasil/flag.png,5304,440ab8f8ff1ad8ea928a2ae85d66e560a127515c4b7593a20594c5c2f5b71131
repositorio_corrigido/tabela-copa-main/assets/teams/BRA_brasil/flag.svg,4160,e0215eff9f53b0236db885963ac45d6baea52e10ce33ceafdbe0eb1820d21160
repositorio_corrigido/tabela-copa-main/assets/teams/BRA_brasil/icon.png,923,f7788a2b7c388b6f82da4619ac2dd1d75b6adca2bd91533de5c75667f00cec0e
repositorio_corrigido/tabela-copa-main/assets/teams/BRA_brasil/metadata.json,794,a9cd712758e87be645f3ffad5a085afc5c2ef74c4b098d718eb0767586cd0e82
repositorio_corrigido/tabela-copa-main/assets/teams/BRA_brasil/sources.md,180,04932f22b550b3a033483bd45ae3dd8f488dc94ef00deca8cb2eca68eb826c2c
repositorio_corrigido/tabela-copa-main/assets/teams/CAN_canada/flag.png,2568,13e05d94c947074325d234994aef9fdb42a43253dde8841ff05d8f02f672c3ee
repositorio_corrigido/tabela-copa-main/assets/teams/CAN_canada/flag.svg,658,3cd6c2b9fe12bc0617ef4374b570ad87920bae757a95b104384fc301352c6942
repositorio_corrigido/tabela-copa-main/assets/teams/CAN_canada/icon.png,522,023ecf3013f75de57558866e79d8a3086d869b2cfb10f2c4db2e5e63ddff728a
repositorio_corrigido/tabela-copa-main/assets/teams/CAN_canada/metadata.json,788,ed4088c84153634c3f7e60a99656de01acc8b82ff143eb5a387daf807d0e3265
repositorio_corrigido/tabela-copa-main/assets/teams/CAN_canada/sources.md,180,04932f22b550b3a033483bd45ae3dd8f488dc94ef00deca8cb2eca68eb826c2c
repositorio_corrigido/tabela-copa-main/assets/teams/CHE_suica/flag.png,255,c8bf94ba6993bd61142e3a78980acf81d1b40bfbf1398bec129e5e8a0597640c
repositorio_corrigido/tabela-copa-main/assets/teams/CHE_suica/flag.svg,183,a5ec3bbf0f3e686ea05ae17f51e8f3a287ad332217b679bbd393842b7d427859
repositorio_corrigido/tabela-copa-main/assets/teams/CHE_suica/icon.png,117,94478e65a1d99089e9a12df14e8a7bcb5e2efbd04488d8766c6e4431b7e3892c
repositorio_corrigido/tabela-copa-main/assets/teams/CHE_suica/metadata.json,790,f3129583a121cd40e56cd556d2abe9aa55373c40ab3d816bf9d33262074b6765
repositorio_corrigido/tabela-copa-main/assets/teams/CHE_suica/sources.md,180,04932f22b550b3a033483bd45ae3dd8f488dc94ef00deca8cb2eca68eb826c2c
repositorio_corrigido/tabela-copa-main/assets/teams/CIV_costa-do-marfim/flag.png,642,0ec7147cb9163a473698374fa712aecf46742df4db854129e7132d07a29b37af
repositorio_corrigido/tabela-copa-main/assets/teams/CIV_costa-do-marfim/flag.svg,194,aaf7093dc7c4b1e65d6cd0a65cf20dc957971205a04985897fb3980bccb3a394
repositorio_corrigido/tabela-copa-main/assets/teams/CIV_costa-do-marfim/icon.png,146,301bb48837c362c4aeb8a1c7a7bfb39ece18b62ce113c1e91bce9cf6e4dca070
repositorio_corrigido/tabela-copa-main/assets/teams/CIV_costa-do-marfim/metadata.json,808,949beec552f82ae75918cd41541bb86fe90076243c7fa52fedb10e56d1d29447
repositorio_corrigido/tabela-copa-main/assets/teams/CIV_costa-do-marfim/sources.md,180,04932f22b550b3a033483bd45ae3dd8f488dc94ef00deca8cb2eca68eb826c2c
repositorio_corrigido/tabela-copa-main/assets/teams/COD_rd-congo/flag.png,3417,8f64cb2dc6d24710b5109436a9d6561716a8a414c7f0ce78438a8995745decc3
repositorio_corrigido/tabela-copa-main/assets/teams/COD_rd-congo/flag.svg,307,e2e70cf2f16e4ede17ec2a6d0b740c82b622e2cae6b3419d2217092f9c0872f4
repositorio_corrigido/tabela-copa-main/assets/teams/COD_rd-congo/icon.png,792,1223a592dbbb3bf25d7969db12cceb138a8eae22a83cf3c40b9eaa3e04998295
repositorio_corrigido/tabela-copa-main/assets/teams/COD_rd-congo/metadata.json,830,f1cb3d4f4b006cfd5b940391d4243407020f9afba793a3f5b6a03e4d92caec36
repositorio_corrigido/tabela-copa-main/assets/teams/COD_rd-congo/sources.md,180,04932f22b550b3a033483bd45ae3dd8f488dc94ef00deca8cb2eca68eb826c2c
repositorio_corrigido/tabela-copa-main/assets/teams/COL_colombia/flag.png,537,aa724f533b407fcf5b57194c6a55fddff32023ede738932cb91961ae21a2f468
repositorio_corrigido/tabela-copa-main/assets/teams/COL_colombia/flag.svg,201,ec3daa5a284fc6d10104a53fd16ea77eba9ac1044ffa629f953644c1de63dcd3
repositorio_corrigido/tabela-copa-main/assets/teams/COL_colombia/icon.png,140,dd202bddce98ae26c4aea748401b7ce8566f7f1b649a1f63b1811fd2e0d5149d
repositorio_corrigido/tabela-copa-main/assets/teams/COL_colombia/metadata.json,790,1e0497cb7a7b5d988f194924a89137e4b19861aed9884775f855dfba450ee64a
repositorio_corrigido/tabela-copa-main/assets/teams/COL_colombia/sources.md,180,04932f22b550b3a033483bd45ae3dd8f488dc94ef00deca8cb2eca68eb826c2c
repositorio_corrigido/tabela-copa-main/assets/teams/CPV_cabo-verde/flag.png,1563,c9ab398381882494c31aeb27ab189ba178aa2bb8dedd65afd65e92c02849a4ec
repositorio_corrigido/tabela-copa-main/assets/teams/CPV_cabo-verde/flag.svg,1494,bcbf0add799b13377bdf842e1f380ff630650d3b7dba2d8f1273093cfa6ceb0f
repositorio_corrigido/tabela-copa-main/assets/teams/CPV_cabo-verde/icon.png,356,cb75cbc55a83bf441a656453e64763392cc991f774f10d5217eb2085b9d4e507
repositorio_corrigido/tabela-copa-main/assets/teams/CPV_cabo-verde/metadata.json,798,6b7c449a5d83f7c255faa0918b0aeebe3c35bd293aec99eb5b361e5df8e40bd7
repositorio_corrigido/tabela-copa-main/assets/teams/CPV_cabo-verde/sources.md,180,04932f22b550b3a033483bd45ae3dd8f488dc94ef00deca8cb2eca68eb826c2c
repositorio_corrigido/tabela-copa-main/assets/teams/CUW_curacao/flag.png,1120,998d9ca4bbe17cb769856b8db6b1694364974e5ca42c1c5e3306d77335ab2456
repositorio_corrigido/tabela-copa-main/assets/teams/CUW_curacao/flag.svg,266,6e35d3452497a8e5766b9c00087b91d06e79fde18dfe6b74fb18ff72c6635bc1
repositorio_corrigido/tabela-copa-main/assets/teams/CUW_curacao/icon.png,275,525977c79820d1981d6a2a67af483a0f356d633915d959e9762c648d71be4cc0
repositorio_corrigido/tabela-copa-main/assets/teams/CUW_curacao/metadata.json,798,c29122c2a3adcc9ed990c6a5a403a3ea7ed14ae03a42c906ff6fe6ba7f13405e
repositorio_corrigido/tabela-copa-main/assets/teams/CUW_curacao/sources.md,180,04932f22b550b3a033483bd45ae3dd8f488dc94ef00deca8cb2eca68eb826c2c
repositorio_corrigido/tabela-copa-main/assets/teams/CZE_tchequia/flag.png,1733,579542cbff1bcd3e418d283a1349548be07960e2e2fcb0657d1ee27ca9ef7906
repositorio_corrigido/tabela-copa-main/assets/teams/CZE_tchequia/flag.svg,210,5f4ba801f6715e2d29f8b88f785bfc77a0dc1455a0f649626ad9a0cc66cd6df2
repositorio_corrigido/tabela-copa-main/assets/teams/CZE_tchequia/icon.png,549,188f6a8bbc68c814e277d5918957e52bfcaf97bcde9ae7b3649a755707231671
repositorio_corrigido/tabela-copa-main/assets/teams/CZE_tchequia/metadata.json,806,7dcc197cbb0c98e8ab624187ac2dfa18cceca26fa94fd8f9b2e89f05bcd7e33c
repositorio_corrigido/tabela-copa-main/assets/teams/CZE_tchequia/sources.md,180,04932f22b550b3a033483bd45ae3dd8f488dc94ef00deca8cb2eca68eb826c2c
repositorio_corrigido/tabela-copa-main/assets/teams/DEU_alemanha/flag.png,290,6a358426339a29a7734b7dea9602cd9e73ef24cfc8f4beb904ace4d62ea41a81
repositorio_corrigido/tabela-copa-main/assets/teams/DEU_alemanha/flag.svg,186,595d7718f6a22e5ea9de0cbbcabd857ac1892f4a6c81beb1ef936050193d9323
repositorio_corrigido/tabela-copa-main/assets/teams/DEU_alemanha/icon.png,121,f4b089c174f12cb767693e1c586c26030ea58cf664bd1f3ef6ffeb717b5255b9
repositorio_corrigido/tabela-copa-main/assets/teams/DEU_alemanha/metadata.json,786,8a32264ab595a7247933dae1e8c81f20830533173291deb835b6f0b15bd82e8d
repositorio_corrigido/tabela-copa-main/assets/teams/DEU_alemanha/sources.md,180,04932f22b550b3a033483bd45ae3dd8f488dc94ef00deca8cb2eca68eb826c2c
repositorio_corrigido/tabela-copa-main/assets/teams/DZA_argelia/flag.png,2337,7eb62ba820f65589f7d4759b752326d696c0075c2da5340b41d0d826da44902d
repositorio_corrigido/tabela-copa-main/assets/teams/DZA_argelia/flag.svg,285,51bda9bdc313fa5418550d94d46f31e0c396f4e70c810b629fac0430f4b7e638
repositorio_corrigido/tabela-copa-main/assets/teams/DZA_argelia/icon.png,441,9808d89ffa2f7f215206b54dd783601e69910397e92894c1419d5e6a23012704
repositorio_corrigido/tabela-copa-main/assets/teams/DZA_argelia/metadata.json,786,a080b1598fdd7ca6009302d2c9bb4ef8705ad65a3d57852f14fe65f4a0ed54e1
repositorio_corrigido/tabela-copa-main/assets/teams/DZA_argelia/sources.md,180,04932f22b550b3a033483bd45ae3dd8f488dc94ef00deca8cb2eca68eb826c2c
repositorio_corrigido/tabela-copa-main/assets/teams/ECU_equador/flag.png,12706,4329e4b9d6dc81328a90c83d6d4ca582c3e0afa9451c7f16b1d2f1672f36f6f0
repositorio_corrigido/tabela-copa-main/assets/teams/ECU_equador/flag.svg,216988,59c54050d583084c7ea35fdba8e1afddb99260cc22c4fb2c81abef41144a335c
repositorio_corrigido/tabela-copa-main/assets/teams/ECU_equador/icon.png,1682,c1f3e223d0a6caee034854db237c38ee013b6b8ce0d349011a35b19902af7b88
repositorio_corrigido/tabela-copa-main/assets/teams/ECU_equador/metadata.json,787,28792ed16d0ce6cd381522e2f7f0fba044058c4bc6751774361e274c533aa9db
repositorio_corrigido/tabela-copa-main/assets/teams/ECU_equador/sources.md,180,04932f22b550b3a033483bd45ae3dd8f488dc94ef00deca8cb2eca68eb826c2c
repositorio_corrigido/tabela-copa-main/assets/teams/EGY_egito/flag.png,3445,122704ff78ff7c94ba8d3cfabe3006133f608a3acb0dbeedb46a67880df70b8b
repositorio_corrigido/tabela-copa-main/assets/teams/EGY_egito/flag.svg,18351,07129395f46d9e71844fe9b485e05bf49741bc72a480b567297d6d865f3d8150
repositorio_corrigido/tabela-copa-main/assets/teams/EGY_egito/icon.png,455,469d87d24518d0d09ac0614ebeed9aaa14c54cd13e00ac31a39d41bbb51b6959
repositorio_corrigido/tabela-copa-main/assets/teams/EGY_egito/metadata.json,780,674e4bf3822d35010b3ffeb42a8eb76b3032738e481efe623185951bda235d0b
repositorio_corrigido/tabela-copa-main/assets/teams/EGY_egito/sources.md,180,04932f22b550b3a033483bd45ae3dd8f488dc94ef00deca8cb2eca68eb826c2c
repositorio_corrigido/tabela-copa-main/assets/teams/ENG_inglaterra/flag.png,347,d9c34dc959332f3115c2344ca97637a8819a799855fdf0e42fc580129cd49dc7
repositorio_corrigido/tabela-copa-main/assets/teams/ENG_inglaterra/flag.svg,176,cc76327923f60bb6c41ee484c3379921142c933e919e4108110f3689ab7f2c5a
repositorio_corrigido/tabela-copa-main/assets/teams/ENG_inglaterra/icon.png,131,2cec0bf824d14899accff7c54e426f6fc90d67f330e10e518da4a27953fa588e
repositorio_corrigido/tabela-copa-main/assets/teams/ENG_inglaterra/metadata.json,798,1fd954e7c5c5924c99dbb2179f44f55431d0c23129ae45f1223cd34d5a69eb9e
repositorio_corrigido/tabela-copa-main/assets/teams/ENG_inglaterra/sources.md,180,04932f22b550b3a033483bd45ae3dd8f488dc94ef00deca8cb2eca68eb826c2c
repositorio_corrigido/tabela-copa-main/assets/teams/ESP_espanha/flag.png,8184,f75e4faf7035a63db3672f40378896d386c83fe6d0d8eaa9dcf5a3be7985bb41
repositorio_corrigido/tabela-copa-main/assets/teams/ESP_espanha/flag.svg,153035,d672868d51fc5b4f2d76f510c9360a4401bdb3ca805349bd04cb4ba277d5b379
repositorio_corrigido/tabela-copa-main/assets/teams/ESP_espanha/icon.png,1073,3ca118ebce58784d9d8f2c8ad2fc90c53ccac7928f2d637a7f1621e2b3fd8cd0
repositorio_corrigido/tabela-copa-main/assets/teams/ESP_espanha/metadata.json,785,ac176a9e43722cc81a7bf571928bbcaecd22daf4cee46d75451607139aeac77b
repositorio_corrigido/tabela-copa-main/assets/teams/ESP_espanha/sources.md,180,04932f22b550b3a033483bd45ae3dd8f488dc94ef00deca8cb2eca68eb826c2c
repositorio_corrigido/tabela-copa-main/assets/teams/FRA_franca/flag.png,642,ba394b1cab8dc9fccb2fc43cac1ab1bba9eff559038c983bea41e281a366df6b
repositorio_corrigido/tabela-copa-main/assets/teams/FRA_franca/flag.svg,191,09645c97a47436337d63cd54625200542c65e0e1c83b774a58c9d28d0555b0e7
repositorio_corrigido/tabela-copa-main/assets/teams/FRA_franca/icon.png,148,614ac70fb7f6a979261dc3f837b932617b18af4da22f1bdee5cbb69636f3cce2
repositorio_corrigido/tabela-copa-main/assets/teams/FRA_franca/metadata.json,781,8567fa06a2d600aa0c07f17b57b2032480c54e265c62fc77a576af294f6df973
repositorio_corrigido/tabela-copa-main/assets/teams/FRA_franca/sources.md,180,04932f22b550b3a033483bd45ae3dd8f488dc94ef00deca8cb2eca68eb826c2c
repositorio_corrigido/tabela-copa-main/assets/teams/GHA_gana/flag.png,1373,b625006f315884c794dd6c18ca14cdc2e73d6fa972ace67080c2e51d938832ed
repositorio_corrigido/tabela-copa-main/assets/teams/GHA_gana/flag.svg,255,a8c4320f89adc39f1c43f0100031e6acfce9299aed5bf035732d00d34d44ee88
repositorio_corrigido/tabela-copa-main/assets/teams/GHA_gana/icon.png,301,ec4d4cc45ec5833c6dd9dadd4f9b565b55aea3f6f8aad61b00f135d6f98d761f
repositorio_corrigido/tabela-copa-main/assets/teams/GHA_gana/metadata.json,780,0755ae3bbda7c102f39885c73a388a13cc8b9ac92c373a587758876b322c293f
repositorio_corrigido/tabela-copa-main/assets/teams/GHA_gana/sources.md,180,04932f22b550b3a033483bd45ae3dd8f488dc94ef00deca8cb2eca68eb826c2c
repositorio_corrigido/tabela-copa-main/assets/teams/HRV_croacia/flag.png,4046,a021ab65cb260bbd943150fb23e36a2f71dfcf48a898353d2b82345bd7402ac6
repositorio_corrigido/tabela-copa-main/assets/teams/HRV_croacia/flag.svg,81475,fa44157809f7739aabca54f3e27dfb1d7409ef17afe6ac18dd39294f124e205a
repositorio_corrigido/tabela-copa-main/assets/teams/HRV_croacia/icon.png,831,579f0ec7db829a980a06880ed5e0169c13c2329d7a7a7155efd0d8bfbe3035d8
repositorio_corrigido/tabela-copa-main/assets/teams/HRV_croacia/metadata.json,786,8ce4b8039d9025f2b528ba4239839cb2c87b591663154d8f667a82e162d15b9f
repositorio_corrigido/tabela-copa-main/assets/teams/HRV_croacia/sources.md,180,04932f22b550b3a033483bd45ae3dd8f488dc94ef00deca8cb2eca68eb826c2c
repositorio_corrigido/tabela-copa-main/assets/teams/HTI_haiti/flag.png,11321,93ac7baaa2f3dff19f195bba0031909b230cf7e93c1cd7a694d70d54be37d876
repositorio_corrigido/tabela-copa-main/assets/teams/HTI_haiti/flag.svg,101261,65839463e163fd812f732f606111c68961e9bb23aa9624c8c448605fe0e086a1
repositorio_corrigido/tabela-copa-main/assets/teams/HTI_haiti/icon.png,1410,ac94d5706d2536b13ecb104d295172aaa710710c01241155a76e9c163f1f61c0
repositorio_corrigido/tabela-copa-main/assets/teams/HTI_haiti/metadata.json,778,b637b262990c4b0ef5d23be391efcd967d99661276d9ff0d8c7159bd26ade71a
repositorio_corrigido/tabela-copa-main/assets/teams/HTI_haiti/sources.md,180,04932f22b550b3a033483bd45ae3dd8f488dc94ef00deca8cb2eca68eb826c2c
repositorio_corrigido/tabela-copa-main/assets/teams/IRN_ira/flag.png,3725,e3a8a436e0d0359fd5d93129e302999e80b4507aeb30c5f86d07fe7742c76b4b
repositorio_corrigido/tabela-copa-main/assets/teams/IRN_ira/flag.svg,1298,8e3015ef6405ba9c80a9c93897e3d75f21e4df303f3bcf8e363ea4c96cd06272
repositorio_corrigido/tabela-copa-main/assets/teams/IRN_ira/icon.png,871,e0acdf9f98f8b87f05f17fc56a1ed1f23e09397c2eb10befffbb90843978586a
repositorio_corrigido/tabela-copa-main/assets/teams/IRN_ira/metadata.json,793,69625bea37e21f197c55a738cd398e0ad17c62220fd0ddcadf53c6a75f947920
repositorio_corrigido/tabela-copa-main/assets/teams/IRN_ira/sources.md,180,04932f22b550b3a033483bd45ae3dd8f488dc94ef00deca8cb2eca68eb826c2c
repositorio_corrigido/tabela-copa-main/assets/teams/IRQ_iraque/flag.png,1622,eb010a85d371c60f0085c7142bb812af305065fa483d83899089fd5120aa9669
repositorio_corrigido/tabela-copa-main/assets/teams/IRQ_iraque/flag.svg,1165,b0de86ef9c1cfb0067e0989bffa6f15579e0c78b331fc29a9e3469aea3cbec20
repositorio_corrigido/tabela-copa-main/assets/teams/IRQ_iraque/icon.png,354,530da24a37055c9e89c2e7551826d08b87f69a5ef728f9e8a426c44e146a4f8d
repositorio_corrigido/tabela-copa-main/assets/teams/IRQ_iraque/metadata.json,773,d890fc8c9c04c8de6096c1f40b2eddbb8f906bce78916ee84151c57fffe2742d
repositorio_corrigido/tabela-copa-main/assets/teams/IRQ_iraque/sources.md,180,04932f22b550b3a033483bd45ae3dd8f488dc94ef00deca8cb2eca68eb826c2c
repositorio_corrigido/tabela-copa-main/assets/teams/JOR_jordania/flag.png,1406,1825ec66cc98b9519c182e8787254b87d5ca0d1e80163e7cc0d899cebbe74063
repositorio_corrigido/tabela-copa-main/assets/teams/JOR_jordania/flag.svg,371,fb2b2896420258e37d2e27a1d07c6488b5ff14a587edfbe7c4153f93042b8424
repositorio_corrigido/tabela-copa-main/assets/teams/JOR_jordania/icon.png,548,840885817aabd0e3098d609a9542059df1d416bc412a61425f45d3d50d01edb9
repositorio_corrigido/tabela-copa-main/assets/teams/JOR_jordania/metadata.json,786,27446271c4ec4a977c26cf426685245578cdcade9f927452662d3652cc5c6305
repositorio_corrigido/tabela-copa-main/assets/teams/JOR_jordania/sources.md,180,04932f22b550b3a033483bd45ae3dd8f488dc94ef00deca8cb2eca68eb826c2c
repositorio_corrigido/tabela-copa-main/assets/teams/JPN_japao/flag.png,1977,ed1bcecd59da0efc43c8be1084c3417a988ea8c7ec5c87b420d168c2fe9f77e1
repositorio_corrigido/tabela-copa-main/assets/teams/JPN_japao/flag.svg,160,e8e6f6e75bc02eeb35e5904edc13df9b5990da70ac1ff1daa7a9fcc61c709a03
repositorio_corrigido/tabela-copa-main/assets/teams/JPN_japao/icon.png,391,c7e5f9a7836016eb8d8faa040d755ffde73bca29225cae55e3b93fe844495aa4
repositorio_corrigido/tabela-copa-main/assets/teams/JPN_japao/metadata.json,778,5e6c78964e91ef5efe42420a63d304d5c50cdf8b143191ad893cb3890d07ce7d
repositorio_corrigido/tabela-copa-main/assets/teams/JPN_japao/sources.md,180,04932f22b550b3a033483bd45ae3dd8f488dc94ef00deca8cb2eca68eb826c2c
repositorio_corrigido/tabela-copa-main/assets/teams/KOR_coreia-do-sul/flag.png,4709,3577135d964f4a3b3c7f7e94e01c528fadc769990d05e2414be8bc506719c01e
repositorio_corrigido/tabela-copa-main/assets/teams/KOR_coreia-do-sul/flag.svg,817,4e0b6d5fa63e2fc1c3d86fda025a4c2129e52d5fc6551d8355e9385dd2d88f4b
repositorio_corrigido/tabela-copa-main/assets/teams/KOR_coreia-do-sul/icon.png,993,d6a3affc5cf04aad5685bc70652da10356007333b96a52bcc06484c5c5c91a11
repositorio_corrigido/tabela-copa-main/assets/teams/KOR_coreia-do-sul/metadata.json,802,45d8c764b291e3246e8dd383e07f9bf995679a52b5525f5ad764cfcf1c0a10c7
repositorio_corrigido/tabela-copa-main/assets/teams/KOR_coreia-do-sul/sources.md,180,04932f22b550b3a033483bd45ae3dd8f488dc94ef00deca8cb2eca68eb826c2c
repositorio_corrigido/tabela-copa-main/assets/teams/MAR_marrocos/flag.png,1737,e64cee5073601be784df18ea68e898cfd5403f8b9e63b3e531af59b93ddbe48b
repositorio_corrigido/tabela-copa-main/assets/teams/MAR_marrocos/flag.svg,258,1f6f0d1bf2e6d69fc943eb0eb3a96a4e5f8473bfdd1bd6b5a4c903c6c7ee2fe2
repositorio_corrigido/tabela-copa-main/assets/teams/MAR_marrocos/icon.png,388,199a43b52c6e2e8ff3af3d81a71e0fd987dcb63f2db184982a3f56551a3adf71
repositorio_corrigido/tabela-copa-main/assets/teams/MAR_marrocos/metadata.json,794,b7f086a02407ff8692699ed542fe451728ac7d61a1bae18b9adf50823bc0bf52
repositorio_corrigido/tabela-copa-main/assets/teams/MAR_marrocos/sources.md,180,04932f22b550b3a033483bd45ae3dd8f488dc94ef00deca8cb2eca68eb826c2c
repositorio_corrigido/tabela-copa-main/assets/teams/MEX_mexico/flag.png,9679,0c6800a58e6105c26cfbecbd91a8dfcc4a6ed8d711d7c3c8b31cc767473a4c4a
repositorio_corrigido/tabela-copa-main/assets/teams/MEX_mexico/flag.svg,143318,baa6f7163f307c16a5d3e36c83a09fe46adbe16adfa866d4bb2d750a79d96b92
repositorio_corrigido/tabela-copa-main/assets/teams/MEX_mexico/icon.png,1196,eb4c70aa36085fb53519c340a552722c2ffc6b11ed529b5a5f06685e5190dd53
repositorio_corrigido/tabela-copa-main/assets/teams/MEX_mexico/metadata.json,778,9d5c5d80848eb368396084b7b3dab18223697d5d3d4e27e3c2f60d613eec1b10
repositorio_corrigido/tabela-copa-main/assets/teams/MEX_mexico/sources.md,180,04932f22b550b3a033483bd45ae3dd8f488dc94ef00deca8cb2eca68eb826c2c
repositorio_corrigido/tabela-copa-main/assets/teams/NLD_holanda/flag.png,515,a1fcde85c96e8d7b340a57e4ab2e6aa5d915b26dafc307e40e17d658e4023304
repositorio_corrigido/tabela-copa-main/assets/teams/NLD_holanda/flag.svg,200,2f7463573cdc3a0f7760c18459a3280d9272d1e6b2060909f12b95644e4fd545
repositorio_corrigido/tabela-copa-main/assets/teams/NLD_holanda/icon.png,142,2430182213d6587f5aaa1cd302cd64a99b80df54dcaa73f2dd0c0a2bb1f4b6fc
repositorio_corrigido/tabela-copa-main/assets/teams/NLD_holanda/metadata.json,815,2bcce310dd49c0f4f0cbd90fccfce1e61efb7757ba3e5dda4304f07a70deded0
repositorio_corrigido/tabela-copa-main/assets/teams/NLD_holanda/sources.md,180,04932f22b550b3a033483bd45ae3dd8f488dc94ef00deca8cb2eca68eb826c2c
repositorio_corrigido/tabela-copa-main/assets/teams/NOR_noruega/flag.png,765,4d1744d711801362657546b3fdfe203d2247c070bfe402b2752b025784ace027
repositorio_corrigido/tabela-copa-main/assets/teams/NOR_noruega/flag.svg,223,0d4b9a52f0a6bd264258baac791b39910a895bb6ca06f63477fa823a262febdc
repositorio_corrigido/tabela-copa-main/assets/teams/NOR_noruega/icon.png,184,8e028568e34c8dac66c664fdec1e0b268820f77dce0537e07e64948ed8eb39df
repositorio_corrigido/tabela-copa-main/assets/teams/NOR_noruega/metadata.json,789,b8566313feb84df41a9923586024eaeaad331adb474d34365d929421e2650ccf
repositorio_corrigido/tabela-copa-main/assets/teams/NOR_noruega/sources.md,180,04932f22b550b3a033483bd45ae3dd8f488dc94ef00deca8cb2eca68eb826c2c
repositorio_corrigido/tabela-copa-main/assets/teams/NZL_nova-zelandia/flag.png,3091,fee3370d3a9728e03e544f227af729dcd59c4062bba4bfd92e99f29de34f92d5
repositorio_corrigido/tabela-copa-main/assets/teams/NZL_nova-zelandia/flag.svg,1746,aa29843a365d4eb21d35932172232d7d591a35fc51ac95c040c356f0f16c447e
repositorio_corrigido/tabela-copa-main/assets/teams/NZL_nova-zelandia/icon.png,826,72053faa769180f445b7b0e92be290b4f3ee894268bf551757e9d959b8a35a7b
repositorio_corrigido/tabela-copa-main/assets/teams/NZL_nova-zelandia/metadata.json,804,10bc1bcf33763362ea38a6923a33d9b1edca87eaacf9644f354634b88a95d57a
repositorio_corrigido/tabela-copa-main/assets/teams/NZL_nova-zelandia/sources.md,180,04932f22b550b3a033483bd45ae3dd8f488dc94ef00deca8cb2eca68eb826c2c
repositorio_corrigido/tabela-copa-main/assets/teams/PAN_panama/flag.png,1924,133d4d92565bd825e1217f1144b3d3b1083bce10081308842bc947cdb233a3c4
repositorio_corrigido/tabela-copa-main/assets/teams/PAN_panama/flag.svg,280,8e8c7cf854aa3367d9ed9eda6c585540bde6369ef6163f435334216be4536200
repositorio_corrigido/tabela-copa-main/assets/teams/PAN_panama/icon.png,375,cf104cd16c38e5b2f1e12fd23ca694e94a21f6eaf0b9778387c0647b74341b94
repositorio_corrigido/tabela-copa-main/assets/teams/PAN_panama/metadata.json,790,4f374fd95e338d43b3479b586b0a8c07d60f8d4333fc100282a3b25e0c926997
repositorio_corrigido/tabela-copa-main/assets/teams/PAN_panama/sources.md,180,04932f22b550b3a033483bd45ae3dd8f488dc94ef00deca8cb2eca68eb826c2c
repositorio_corrigido/tabela-copa-main/assets/teams/PRT_portugal/flag.png,11602,e4b3446c813d08dbeb4fe98b3d37a2e6c250414d2c7577bf7a7fdad3de8aa53b
repositorio_corrigido/tabela-copa-main/assets/teams/PRT_portugal/flag.svg,10853,f60337f226fba6b695f54222f63b354920b1ecb4a0ff27f16bd49983f345f4c7
repositorio_corrigido/tabela-copa-main/assets/teams/PRT_portugal/icon.png,1467,67b98fbc32a7786c13910b225eb163ca36233428a42c96448a206820ecde946a
repositorio_corrigido/tabela-copa-main/assets/teams/PRT_portugal/metadata.json,790,55261d794c44d6a682a9c0ae86add202aafa315a8ccf3c2a2c83b5ab563cea4b
repositorio_corrigido/tabela-copa-main/assets/teams/PRT_portugal/sources.md,180,04932f22b550b3a033483bd45ae3dd8f488dc94ef00deca8cb2eca68eb826c2c
repositorio_corrigido/tabela-copa-main/assets/teams/PRY_paraguai/flag.png,3494,a6f529357da6eb7365d1b1e7ff02f6dbb429a40d3249c74d3fa7e6dbe8241d40
repositorio_corrigido/tabela-copa-main/assets/teams/PRY_paraguai/flag.svg,23500,5bb06bf5b8f3ea2633dcfc0d417400786c69d6b1cb681208072f4658d2838af2
repositorio_corrigido/tabela-copa-main/assets/teams/PRY_paraguai/icon.png,526,ef323b8ace26540dab3baa4a2330c57c87f7f80f25d294149a8e7f76f6c0b11d
repositorio_corrigido/tabela-copa-main/assets/teams/PRY_paraguai/metadata.json,795,ccdbe566f12ca15d4111d53f2d686f91abcf5a09e2a72a62a3cf0eeea66fccd9
repositorio_corrigido/tabela-copa-main/assets/teams/PRY_paraguai/sources.md,180,04932f22b550b3a033483bd45ae3dd8f488dc94ef00deca8cb2eca68eb826c2c
repositorio_corrigido/tabela-copa-main/assets/teams/QAT_catar/flag.png,1059,48bda98e56da6c212b243bac635cf8110747b79417cbbe091f2c20ab212907b8
repositorio_corrigido/tabela-copa-main/assets/teams/QAT_catar/flag.svg,264,5332c024cb6bac6d7ca2f96347d2ce8cfc63f5bf2643a1d1e6ed6146e6b75a1d
repositorio_corrigido/tabela-copa-main/assets/teams/QAT_catar/icon.png,462,0eb3c328c0398b59e64cee00d183f2c04d49c4a201fc37d70750e1742af2ab43
repositorio_corrigido/tabela-copa-main/assets/teams/QAT_catar/metadata.json,777,dcd5d62a6af6c2102133ce51864aa43451a84dcfe2bfb727672af3b1fb77ac4c
repositorio_corrigido/tabela-copa-main/assets/teams/QAT_catar/sources.md,180,04932f22b550b3a033483bd45ae3dd8f488dc94ef00deca8cb2eca68eb826c2c
repositorio_corrigido/tabela-copa-main/assets/teams/SAU_arabia-saudita/flag.png,7535,6578fcbdbfffe7cf8daea20e9f4f10ea0d6968e7f9ecfb9a61561d13d7fb5943
repositorio_corrigido/tabela-copa-main/assets/teams/SAU_arabia-saudita/flag.svg,24613,7176d38f2e39fa7c96608f5ae85bb51ba964f1b9a972b33b0d04796fe4487f71
repositorio_corrigido/tabela-copa-main/assets/teams/SAU_arabia-saudita/icon.png,867,e50f7fdca4f7cb29eec70c0143a8e639e9f95245218e6d226e99178e9f4dbde1
repositorio_corrigido/tabela-copa-main/assets/teams/SAU_arabia-saudita/metadata.json,815,f5c2681925ae91e55633330941a732fb71debc63230a29862c895b805ed91b9e
repositorio_corrigido/tabela-copa-main/assets/teams/SAU_arabia-saudita/sources.md,180,04932f22b550b3a033483bd45ae3dd8f488dc94ef00deca8cb2eca68eb826c2c
repositorio_corrigido/tabela-copa-main/assets/teams/SCO_escocia/flag.png,2604,36208b39f229cc5e490b9ca56d27b9f948498285f9c1f77730fc90b68ad54326
repositorio_corrigido/tabela-copa-main/assets/teams/SCO_escocia/flag.svg,192,a60eb254024ac30243e1fd89340f75ccc01fc88a7c6c599489f93da2bebaf9df
repositorio_corrigido/tabela-copa-main/assets/teams/SCO_escocia/icon.png,706,0d4193e41fe3e0ed632f5b962bd45c377b37af9635f30e3dab5d8edac2ca02c5
repositorio_corrigido/tabela-copa-main/assets/teams/SCO_escocia/metadata.json,806,4965b89a0f08473cf2ec91b097ae241377e8387c721413c11fadd7e823d239c2
repositorio_corrigido/tabela-copa-main/assets/teams/SCO_escocia/sources.md,180,04932f22b550b3a033483bd45ae3dd8f488dc94ef00deca8cb2eca68eb826c2c
repositorio_corrigido/tabela-copa-main/assets/teams/SEN_senegal/flag.png,1456,c94f38c57bbb6111a849aa1a88248967739be54a826bd4f9d884db6a61fc72b4
repositorio_corrigido/tabela-copa-main/assets/teams/SEN_senegal/flag.svg,228,c0593c9c104142eadae2d76bd739b28a37d2218bf1ef4b37bf8fa9655bfab087
repositorio_corrigido/tabela-copa-main/assets/teams/SEN_senegal/icon.png,286,0e9331f8d3a8011eac6b1114573ec5f62930c9fc6ceb1a5eb9749d4606d439fc
repositorio_corrigido/tabela-copa-main/assets/teams/SEN_senegal/metadata.json,790,2353a97cf645c47f17a37217428a1cf24a6ca649c288ccdfb28180c76592316e
repositorio_corrigido/tabela-copa-main/assets/teams/SEN_senegal/sources.md,180,04932f22b550b3a033483bd45ae3dd8f488dc94ef00deca8cb2eca68eb826c2c
repositorio_corrigido/tabela-copa-main/assets/teams/SWE_suecia/flag.png,211,d076d8d8e60b2d54268796b5584a0ffcac50e0be024038be2cb9f65088356a2e
repositorio_corrigido/tabela-copa-main/assets/teams/SWE_suecia/flag.svg,172,426348d99d9cace2df6eaa6d6766d5a5ac21bb65a504a4ed974486cf96156b8f
repositorio_corrigido/tabela-copa-main/assets/teams/SWE_suecia/icon.png,114,7c2b70c0033ead62f22c4044170fc27f1a1bc76e98640814be679e74aeb196f9
repositorio_corrigido/tabela-copa-main/assets/teams/SWE_suecia/metadata.json,793,b9885a957024b063e33fe6b872211d91ef93dd47e1e60fba260ecc3c35f183f2
repositorio_corrigido/tabela-copa-main/assets/teams/SWE_suecia/sources.md,180,04932f22b550b3a033483bd45ae3dd8f488dc94ef00deca8cb2eca68eb826c2c
repositorio_corrigido/tabela-copa-main/assets/teams/TUN_tunisia/flag.png,2389,a9ea5a7c375a13047b3f43833510ccff86e223db5cbd2802e15a8ce43aea3665
repositorio_corrigido/tabela-copa-main/assets/teams/TUN_tunisia/flag.svg,278,b0d8964ee6ff40309779e0a1ea2780926a85edf9f1715c22ecbd04e14a4be9b4
repositorio_corrigido/tabela-copa-main/assets/teams/TUN_tunisia/icon.png,461,c7c9c8ec26ebbbfeb8ed02f37c37005071cd8efa44955c392c7b8247991f2047
repositorio_corrigido/tabela-copa-main/assets/teams/TUN_tunisia/metadata.json,790,ae0887c2622baeb51a3046ae9b57c31021f0614115593b5b2a68c767245d970c
repositorio_corrigido/tabela-copa-main/assets/teams/TUN_tunisia/sources.md,180,04932f22b550b3a033483bd45ae3dd8f488dc94ef00deca8cb2eca68eb826c2c
repositorio_corrigido/tabela-copa-main/assets/teams/TUR_turquia/flag.png,1933,242f15123160382e6b1ef0246615c465e990b85a82456e8b5a61d392a5c5e97a
repositorio_corrigido/tabela-copa-main/assets/teams/TUR_turquia/flag.svg,287,f15da84b4e5b23f54b8177126f5711e6fd0db8d26a1b0d3cf7901d0aa8e6b7b1
repositorio_corrigido/tabela-copa-main/assets/teams/TUR_turquia/icon.png,428,94b302e0a2e42556fb19aed93600c2c8bd9d5cfcf754852a7033803dee5be789
repositorio_corrigido/tabela-copa-main/assets/teams/TUR_turquia/metadata.json,784,641fac307dfc25708d06b568fea07a42b6f5dc90d96bc0d85e2c97c67e7915fa
repositorio_corrigido/tabela-copa-main/assets/teams/TUR_turquia/sources.md,180,04932f22b550b3a033483bd45ae3dd8f488dc94ef00deca8cb2eca68eb826c2c
repositorio_corrigido/tabela-copa-main/assets/teams/URY_uruguai/flag.png,4696,c62fac6d03230bd0caa9aa1b0a9c7724851dedad7392c0425904d69ccd4b5e62
repositorio_corrigido/tabela-copa-main/assets/teams/URY_uruguai/flag.svg,5764,856fc0e14ff877b68a68c89144852808e7a17b213d5f1dba4b9d27435c0b2f54
repositorio_corrigido/tabela-copa-main/assets/teams/URY_uruguai/icon.png,704,05448b9fc967b6e009bab4f2b10030312d95d9c51096b543dda40ad0f9633daa
repositorio_corrigido/tabela-copa-main/assets/teams/URY_uruguai/metadata.json,791,238ac938c8a1319ea622ce5dd34bcca4f0cb94b7a3bd5416ae9ed48315e7d1d1
repositorio_corrigido/tabela-copa-main/assets/teams/URY_uruguai/sources.md,180,04932f22b550b3a033483bd45ae3dd8f488dc94ef00deca8cb2eca68eb826c2c
repositorio_corrigido/tabela-copa-main/assets/teams/USA_estados-unidos/flag.png,3025,1fc516cb03c8b4739a7d3cd5b5809116fe9c3b8478e42b6891d4c1d1fd30683c
repositorio_corrigido/tabela-copa-main/assets/teams/USA_estados-unidos/flag.svg,765,e1792c011daad918fdbd99a21f7f46fd71018ffd052af5a7d7faf9954d593e31
repositorio_corrigido/tabela-copa-main/assets/teams/USA_estados-unidos/icon.png,833,6500f767a43bb2bc007c83d8716b8ead8205a63baa0b07894f5617e3baaa0c52
repositorio_corrigido/tabela-copa-main/assets/teams/USA_estados-unidos/metadata.json,814,e6755a49b55028023fad965708e838ab09fbdbe4b31be7f7f38e8f34a075ef99
repositorio_corrigido/tabela-copa-main/assets/teams/USA_estados-unidos/sources.md,180,04932f22b550b3a033483bd45ae3dd8f488dc94ef00deca8cb2eca68eb826c2c
repositorio_corrigido/tabela-copa-main/assets/teams/UZB_uzbequistao/flag.png,1256,387bb984573223dbd078d5476c79c54bcca4e4827b60e442a2d5d0fb47aee052
repositorio_corrigido/tabela-copa-main/assets/teams/UZB_uzbequistao/flag.svg,1243,7ce6e8b7f4dd2a5bc050f9e538d22fde2fd371df15b751e48a29c1c3cb3df00b
repositorio_corrigido/tabela-copa-main/assets/teams/UZB_uzbequistao/icon.png,326,2c1f33236a8f4291ffc1a8094db353ba60fbf28b9f34f27815f2d5631bd37041
repositorio_corrigido/tabela-copa-main/assets/teams/UZB_uzbequistao/metadata.json,796,ccca4e45028f54f428d4ee91aba606dc7e3927336383814875ec4d590c520dad
repositorio_corrigido/tabela-copa-main/assets/teams/UZB_uzbequistao/sources.md,180,04932f22b550b3a033483bd45ae3dd8f488dc94ef00deca8cb2eca68eb826c2c
repositorio_corrigido/tabela-copa-main/assets/teams/ZAF_africa-do-sul/flag.png,2020,a2de16b4c51577608d445d7cb88460dd6dff76c0064a0b005c3e9356c65fa92c
repositorio_corrigido/tabela-copa-main/assets/teams/ZAF_africa-do-sul/flag.svg,566,6fbf0b68db7024ac996c92b1bbc62efe9a3bf12e469efaa29ae4fe0fa5c6da39
repositorio_corrigido/tabela-copa-main/assets/teams/ZAF_africa-do-sul/icon.png,655,89c5603b385275293d32aaa1adbf468d544ba308b5c982db4cebbb10cb718892
repositorio_corrigido/tabela-copa-main/assets/teams/ZAF_africa-do-sul/metadata.json,811,61810894518d0215138608c293ebc5f338e13a4fd24beed0c84a41deb015b227
repositorio_corrigido/tabela-copa-main/assets/teams/ZAF_africa-do-sul/sources.md,180,04932f22b550b3a033483bd45ae3dd8f488dc94ef00deca8cb2eca68eb826c2c
repositorio_corrigido/tabela-copa-main/data/analise/matriz_influencia.csv,2301,eebbb53f8bf20dfa0f53073707f00710dccaa10987c5b314d00bea20ca8b65c8
repositorio_corrigido/tabela-copa-main/data/atualizacoes_entrada_2026-07-01_resultados_desempenho.csv,2805,30624c57512ad94cbb587983c4456d199d60a2bde990d473de0c5df59521e193
repositorio_corrigido/tabela-copa-main/data/atualizacoes_entrada_2026-07-03_resultados_desempenho.csv,2360,11ebbfdef70080731d424b723a6b0cb5086805ffa29700ed40943c9347e0d7e3
repositorio_corrigido/tabela-copa-main/data/atualizacoes_entrada_26-06.csv,478,b29dd896b1de92f101b12b5223207e17d2f9fec1bdd47991cea6a6f40d90383a
repositorio_corrigido/tabela-copa-main/data/atualizacoes_entrada_26-06_resultados_desempenho.csv,3023,3be0347cd30ae49d0218c1f266e89c10db10a483f2917d6ed20b23cdeb76ee29
repositorio_corrigido/tabela-copa-main/data/auditoria_dados.csv,2359,b5605601fb1df1812f97c49d946a6d535ac9dd5b913fc33f4b7cf4062bdb0a43
repositorio_corrigido/tabela-copa-main/data/conflicts/data_conflicts.json,2,4f53cda18c2baa0c0354bb5f9a3ecbe5ed12ab4d8e11ba873c2f11161202b945
repositorio_corrigido/tabela-copa-main/data/conflicts/espn_result_conflicts_20260704T010732Z.csv,70,68cf06cc7358477a15eb9ca966e256a447c1c8223e9c5890c26adbec6aa58831
repositorio_corrigido/tabela-copa-main/data/database/matches.csv,15867,120324cf1fdfa1075c0479d34d27691bb1fef2fb6d55999452a10504372b29f9
repositorio_corrigido/tabela-copa-main/data/database/players_database.csv,624647,156624077a8cdc1d51a5d44be9d9d5f23233eef136ceaedd3eaf43fccd64b0eb
repositorio_corrigido/tabela-copa-main/data/database/referees_fifa.csv,82373,312aa152a2328f3d72139df168c1b5ddc4b9cefd72f05e7d78927685e6692916
repositorio_corrigido/tabela-copa-main/data/database/team_strengths.csv,11369,53cf67c550c2ccc341ad5f8073885ffd03e16f4cdf42e23de4811d0a546bf97f
repositorio_corrigido/tabela-copa-main/data/database/teams_tactical.csv,12353,26c95d1cfbbaec0f6ba2a4b1b52862c05396d17c3f4c8445cb14539b716182bd
repositorio_corrigido/tabela-copa-main/data/desempenho_fase_grupos_selecoes.csv,18495,b36f6651576a6b3df52c88e913316f69f0c1da452a488fa20da8b2fe1e3def18
repositorio_corrigido/tabela-copa-main/data/desempenho_jogadores_destaques.csv,13635,9b80c97069ede7fc1ff8505ea733a66c4e18f3176d3bd0e22dea017fbb8d380b
repositorio_corrigido/tabela-copa-main/data/desempenho_jogo_a_jogo.csv,18128,8f8d5afb5f2d641903a767c328583c80539a409ae460a1af78d67b48fb8a6182
repositorio_corrigido/tabela-copa-main/data/desempenho_penaltis.csv,2298,1f5c41e82848b729a32b8f137a80cb4901f0f8b4a0871d7e7ee2c873be8aca9e
repositorio_corrigido/tabela-copa-main/data/entrada/README_ENTRADA_MANUAL.md,1603,704ce3bd693a50b38f17afce428458447e0dbc211eb5287cf1d29c23ad99d947
repositorio_corrigido/tabela-copa-main/data/entrada/desempenho_jogadores_destaques.csv,1231,7852ecfa0f4eda219e2d90c5fec99b46dbfb6495f2ccca4ef8e1d46ed387a731
repositorio_corrigido/tabela-copa-main/data/entrada/desempenho_manual.csv,107346,4ecc4e85758a686f77635d259280cb9d91df8a85bb43faf076ac7d98320656c8
repositorio_corrigido/tabela-copa-main/data/entrada/desempenho_times_fase_grupos.csv,15718,0d667286f1de311b2862eabfc36a474cad46f36b85a8e7547a2cfba837b2a901
repositorio_corrigido/tabela-copa-main/data/entrada/novos_resultados.csv,82,6b9198b486231f2cee377367e99491b28e75e645f2b9f486a2dcb7a567c81bdd
repositorio_corrigido/tabela-copa-main/data/entrada/novos_resultados_extraidos.csv,22084,3b71ae616eb74aedbfadab6ad999999320279eb2eddc229b46a4956e851a757a
repositorio_corrigido/tabela-copa-main/data/extraction/20260720T162519Z/fifa_fetch_metadata.json,534,014a13f56d255d97ee3dbe0f84c2e8295920836346363f4604b3d4e7c418e980
repositorio_corrigido/tabela-copa-main/data/extraction/20260720T162519Z/wc2026_fifa_verification.csv,15179,3ce2f0626938faaa32fdb8c7c25d86b3460c404d0eea75dcb30776afa59bd745
repositorio_corrigido/tabela-copa-main/data/extraction/20260720T162519Z/wc2026_match_events.csv,1130249,8d0aec95da45bad5a3b223120fda412809dc30ce2cc66e70cd7c05425a3d7934
repositorio_corrigido/tabela-copa-main/data/extraction/20260720T162519Z/wc2026_match_officials.csv,16049,bc125125958b39609165407ced2cb67bfe73a9974bacb033c1de562a48cc374c
repositorio_corrigido/tabela-copa-main/data/extraction/20260720T162519Z/wc2026_matches_full.json,9058258,e7a07c21cc3d2f4dfdbe07331361f36aa3295f1bd768a88255ed7e4c9adbae13
repositorio_corrigido/tabela-copa-main/data/extraction/20260720T162519Z/wc2026_matches_master.csv,46780,ea5cb498df1f20550f79a35e9acc3e202880299439343641791b9af93a979df1
repositorio_corrigido/tabela-copa-main/data/extraction/20260720T162519Z/wc2026_penalty_shootouts.csv,10808,0332f6e92881a307afcc8cdbd87d9243ad4ecaac6e0624df354d9715120d3056
repositorio_corrigido/tabela-copa-main/data/extraction/20260720T162519Z/wc2026_player_match_stats.csv,1355950,c007fab3e3d882b6699b0ea89fa9f701a95f69ea0f20a1aa538671166b7ac870
repositorio_corrigido/tabela-copa-main/data/extraction/20260720T162519Z/wc2026_results_validated.csv,39575,d0ed1e5dfa496a94215a94e0f89ab31ec0a116e9819df882110a69c205749004
repositorio_corrigido/tabela-copa-main/data/extraction/20260720T162519Z/wc2026_team_match_stats.csv,47834,9ac396d5e165cb8ee84d6b641fa752cfe7f1033558d691d23a78983f85cb0db2
repositorio_corrigido/tabela-copa-main/data/fontes_dados.csv,2093,f17724a197376771a3859585c24c1aa93cc556d91d62c9b0cca06e9b99f9af50
repositorio_corrigido/tabela-copa-main/data/mappings/team_name_aliases.csv,1194,a2d0060e4fc1a6f5defcf9beb5d026d64be4a6f4c8f79ce8db5d3f4b7b0c6b3e
repositorio_corrigido/tabela-copa-main/data/matches.csv,15867,120324cf1fdfa1075c0479d34d27691bb1fef2fb6d55999452a10504372b29f9
repositorio_corrigido/tabela-copa-main/data/matches.json,92010,98bf27d87129c33242508b5eaaa7fe15b44307ba7d3f9fa33b27cca8cef964f5
repositorio_corrigido/tabela-copa-main/data/modelo_diario/README_MODELO_DIARIO.md,4457,9cc24440933d67d1917f21e9482fa323092284ca89f5f5a41482f604a2da6f2e
repositorio_corrigido/tabela-copa-main/data/modelo_diario/README_PROJECAO_CHAVEAMENTO.md,624,5f79ac685eb288558a3639c11fa90df19a21d821912e92fa498ed3c072382b7a
repositorio_corrigido/tabela-copa-main/data/modelo_diario/estado_times_dia_a_dia.csv,5882,6e3bc82e8c36835f9733930b96e88119ead56e63be518f197baf836c0fdc07af
repositorio_corrigido/tabela-copa-main/data/modelo_diario/features_times_iniciais.csv,26687,b4cc6410759a37789df383b5464e4816200c011a4260afac3cb34109d0e0c31f
repositorio_corrigido/tabela-copa-main/data/modelo_diario/metricas_modelo.json,1322,d3479ea01cffe4653b433cba9b4a84ea6c7d546fec11524bb10c19d7303ef9d3
repositorio_corrigido/tabela-copa-main/data/modelo_diario/previsoes_dia_a_dia.csv,52068,89233fd145a8fc0c9ee6ac1ba5b9fa4c315e386e91ae56dc98b1957b704ada2b
repositorio_corrigido/tabela-copa-main/data/modelo_diario/projecao_chaveamento_completa.csv,52068,89233fd145a8fc0c9ee6ac1ba5b9fa4c315e386e91ae56dc98b1957b704ada2b
repositorio_corrigido/tabela-copa-main/data/modelo_diario/resumo_diario_validacao.csv,1108,a6186108deb29030dbfff7936d123505f9aad6bcb7e96614d3b7e544216c3649
repositorio_corrigido/tabela-copa-main/data/modelo_diario/validacao_dia_a_dia.csv,47353,7237d4cefde8bbbf90e187724df40156fb46172f74b030fc6db894608a63ad61
repositorio_corrigido/tabela-copa-main/data/normalized/espn_desempenho_manual_integrado.csv,82494,5d837419d5dfc118003deaf9ebd321967d50d4111beb52dfe4789373e47c4dd7
repositorio_corrigido/tabela-copa-main/data/normalized/espn_match_events.csv,1130249,8d0aec95da45bad5a3b223120fda412809dc30ce2cc66e70cd7c05425a3d7934
repositorio_corrigido/tabela-copa-main/data/normalized/espn_match_events_latest.csv,1130249,8d0aec95da45bad5a3b223120fda412809dc30ce2cc66e70cd7c05425a3d7934
repositorio_corrigido/tabela-copa-main/data/normalized/espn_match_officials.csv,16049,bc125125958b39609165407ced2cb67bfe73a9974bacb033c1de562a48cc374c
repositorio_corrigido/tabela-copa-main/data/normalized/espn_match_officials_latest.csv,16049,bc125125958b39609165407ced2cb67bfe73a9974bacb033c1de562a48cc374c
repositorio_corrigido/tabela-copa-main/data/normalized/espn_matches.csv,56519,8039b6efa4187bd0a24ceccc5e78d756574e8190320845a3adbfc197d1f716b2
repositorio_corrigido/tabela-copa-main/data/normalized/espn_matches_latest.csv,56519,8039b6efa4187bd0a24ceccc5e78d756574e8190320845a3adbfc197d1f716b2
repositorio_corrigido/tabela-copa-main/data/normalized/espn_penalty_shootouts.csv,10808,0332f6e92881a307afcc8cdbd87d9243ad4ecaac6e0624df354d9715120d3056
repositorio_corrigido/tabela-copa-main/data/normalized/espn_penalty_shootouts_latest.csv,10808,0332f6e92881a307afcc8cdbd87d9243ad4ecaac6e0624df354d9715120d3056
repositorio_corrigido/tabela-copa-main/data/normalized/espn_player_match_stats.csv,1355950,c007fab3e3d882b6699b0ea89fa9f701a95f69ea0f20a1aa538671166b7ac870
repositorio_corrigido/tabela-copa-main/data/normalized/espn_player_match_stats_latest.csv,1355950,c007fab3e3d882b6699b0ea89fa9f701a95f69ea0f20a1aa538671166b7ac870
repositorio_corrigido/tabela-copa-main/data/normalized/espn_team_match_stats.csv,47834,9ac396d5e165cb8ee84d6b641fa752cfe7f1033558d691d23a78983f85cb0db2
repositorio_corrigido/tabela-copa-main/data/normalized/espn_team_match_stats_latest.csv,47834,9ac396d5e165cb8ee84d6b641fa752cfe7f1033558d691d23a78983f85cb0db2
repositorio_corrigido/tabela-copa-main/data/normalized/source_manifest_20260704T010732Z.csv,61353,b3fea680d68403853e236bf520392cdd7b25a33d375d9065754b3a922498af7f
repositorio_corrigido/tabela-copa-main/data/pendencias_dados.csv,2924,247f30b0c038b1cccf9f5f35a2a3a79363104b3be48975b64b21934dc1ea6cd7
repositorio_corrigido/tabela-copa-main/data/processed/matches_enriched.json,16064,a951fba01cc25cd9171bd2d85dd33cb3213d3c233df4beb7bd0893c885437b59
repositorio_corrigido/tabela-copa-main/data/raw/20260720T162519Z/espn_scoreboard/world_cup_2026_scoreboard__76d8ac971693f705.json,1142017,76d8ac971693f705c2172e3f8e04e19f426076f0eca63d878e41489072ecfeb5
repositorio_corrigido/tabela-copa-main/data/raw/20260720T162519Z/espn_summary/summary_event_760414__9dcfa19b07a7012a.json,406458,9dcfa19b07a7012a5dc906fb0930a211c93363d340e16a0b3eadfa9449936946
repositorio_corrigido/tabela-copa-main/data/raw/20260720T162519Z/espn_summary/summary_event_760415__f822726de0879d5e.json,413184,f822726de0879d5e8ad446b97df2effb6ac9e7ffacf3f904db07308f24acf6f5
repositorio_corrigido/tabela-copa-main/data/raw/20260720T162519Z/espn_summary/summary_event_760416__49453c87a4622ca6.json,433858,49453c87a4622ca60632ca4b63c9dbbd7200a747208f2c668baf76a987444c7e
repositorio_corrigido/tabela-copa-main/data/raw/20260720T162519Z/espn_summary/summary_event_760417__cf83d69dddedd26c.json,454511,cf83d69dddedd26c8be8c31400079a4820b3f3f462207783b73ef989552a6f8a
repositorio_corrigido/tabela-copa-main/data/raw/20260720T162519Z/espn_summary/summary_event_760418__2c06b33e107b8964.json,419505,2c06b33e107b8964d75b710d269e9a4d33e6f5e39296cd9b44b7aa960d3ad420
repositorio_corrigido/tabela-copa-main/data/raw/20260720T162519Z/espn_summary/summary_event_760419__36da54b3833edbea.json,426341,36da54b3833edbea323951d1f82b51155a2e1c9ac4c37e633a1fe5a6a881ff11
repositorio_corrigido/tabela-copa-main/data/raw/20260720T162519Z/espn_summary/summary_event_760420__13c4bea8df1a2fda.json,422602,13c4bea8df1a2fdaad4e518f6861ddab797b64ec4c7f806536ee691b7ed12a21
repositorio_corrigido/tabela-copa-main/data/raw/20260720T162519Z/espn_summary/summary_event_760421__e09da1dfb0541412.json,400836,e09da1dfb0541412dfdf296f37a496c22728a9fdf14bfc9123c3bd286aee1a9e
repositorio_corrigido/tabela-copa-main/data/raw/20260720T162519Z/espn_summary/summary_event_760422__b9958fbaf35dad92.json,421857,b9958fbaf35dad923748ca75797308b3a385acadc1329cb38539e498bb068755
repositorio_corrigido/tabela-copa-main/data/raw/20260720T162519Z/espn_summary/summary_event_760423__45b13fe51f543724.json,406477,45b13fe51f543724fd48ac9b9878bd002422ec000d61569a15ba66886af5151e
repositorio_corrigido/tabela-copa-main/data/raw/20260720T162519Z/espn_summary/summary_event_760424__9d2ce896f1dbb63d.json,404167,9d2ce896f1dbb63dd1774018e8912e4e125e42244892f09e13c552f656e02206
repositorio_corrigido/tabela-copa-main/data/raw/20260720T162519Z/espn_summary/summary_event_760425__391875a4a2e44baa.json,409222,391875a4a2e44baa4bddac75fbb95f1e69c46e8b896b23ba8b11778c66ba95d3
repositorio_corrigido/tabela-copa-main/data/raw/20260720T162519Z/espn_summary/summary_event_760426__8e9376f4ccf6df55.json,412374,8e9376f4ccf6df5542496c4774699feec2d3a3c6be1ea036bb68a2e0e3a1d05b
repositorio_corrigido/tabela-copa-main/data/raw/20260720T162519Z/espn_summary/summary_event_760427__7eed9ae07b2c6a48.json,399295,7eed9ae07b2c6a48bcc79e20d89a6f358fc89488f3103041f43ba3d4ef06d76b
repositorio_corrigido/tabela-copa-main/data/raw/20260720T162519Z/espn_summary/summary_event_760428__3a140dace424319d.json,389861,3a140dace424319d6d6e24c3de5cd39cadf9bb728098cf391e3cd15d729ba322
repositorio_corrigido/tabela-copa-main/data/raw/20260720T162519Z/espn_summary/summary_event_760429__dbd16772b2db10d7.json,396490,dbd16772b2db10d79900c3f43dee006a152687a82a7c863703a489921bd69cb3
repositorio_corrigido/tabela-copa-main/data/raw/20260720T162519Z/espn_summary/summary_event_760430__d9b237bc5d4a80f9.json,415639,d9b237bc5d4a80f96fd55fc48cc31088e9930d42cab61af5b4f96876a1a7f0a7
repositorio_corrigido/tabela-copa-main/data/raw/20260720T162519Z/espn_summary/summary_event_760431__bb3df178083ec0f5.json,395483,bb3df178083ec0f5b17091ce677ea622b672d0eb9a1129c9df9a36985f81cb98
repositorio_corrigido/tabela-copa-main/data/raw/20260720T162519Z/espn_summary/summary_event_760432__2a91cadc92f1156c.json,395605,2a91cadc92f1156c7dd4b80abc74ab213e0f499dffdc502e50bb2d382b5481d8
repositorio_corrigido/tabela-copa-main/data/raw/20260720T162519Z/espn_summary/summary_event_760433__c83628f9362b856b.json,419354,c83628f9362b856b85c4d90cb9e653f71a8dd592c019e362d8274478dd121d8c
repositorio_corrigido/tabela-copa-main/data/raw/20260720T162519Z/espn_summary/summary_event_760434__effc66e7dd98f0bd.json,384306,effc66e7dd98f0bd1d15e10eb95224251f24e6c299b6872e12e060236e3f89f0
repositorio_corrigido/tabela-copa-main/data/raw/20260720T162519Z/espn_summary/summary_event_760435__43335926bacc182c.json,417270,43335926bacc182c294bf2c8253cf81bb692f24d3739d3aabff1ceff2b4a9e34
repositorio_corrigido/tabela-copa-main/data/raw/20260720T162519Z/espn_summary/summary_event_760436__ca21ab773856aec1.json,405883,ca21ab773856aec16d7862ad5dbb3475d61e35a99d1aa9770b1811e791bb53c4
repositorio_corrigido/tabela-copa-main/data/raw/20260720T162519Z/espn_summary/summary_event_760437__d5bbcddb457fc20f.json,439842,d5bbcddb457fc20fd7d76772ec89b852f3683f2ba2d7c7c1e07d22a263b89e2e
repositorio_corrigido/tabela-copa-main/data/raw/20260720T162519Z/espn_summary/summary_event_760438__f546b9676fe08c8c.json,410720,f546b9676fe08c8c76efb1002cee66ae385063c6994c5b06644f05b9aa22dd80
repositorio_corrigido/tabela-copa-main/data/raw/20260720T162519Z/espn_summary/summary_event_760439__7111654b82846a80.json,397336,7111654b82846a8047e5eb58580a5d664006d6f7e3c85f56cf74e03ce70f3b37
repositorio_corrigido/tabela-copa-main/data/raw/20260720T162519Z/espn_summary/summary_event_760440__7d656ef8e465f72d.json,435978,7d656ef8e465f72dfd7904a3a48cdc365ba5ca9d7ea1e8f6af0127dc03e23aab
repositorio_corrigido/tabela-copa-main/data/raw/20260720T162519Z/espn_summary/summary_event_760441__99b21957415e7638.json,386161,99b21957415e763809b48364fe2a10faca9d5f2678d885c5c97f7b359e7122d5
repositorio_corrigido/tabela-copa-main/data/raw/20260720T162519Z/espn_summary/summary_event_760442__7ac43b0fc77ee3d1.json,435312,7ac43b0fc77ee3d1acf4c1e685bda96c47123ef988f73ebea0fc8ae8e66c710d
repositorio_corrigido/tabela-copa-main/data/raw/20260720T162519Z/espn_summary/summary_event_760443__a122ac1a51984843.json,436062,a122ac1a519848439c1b427987b815f3aa22b46d0023a96585a2f5ba231f9259
repositorio_corrigido/tabela-copa-main/data/raw/20260720T162519Z/espn_summary/summary_event_760444__f8765754fbaf73eb.json,416647,f8765754fbaf73eb376e25105ceca18ea49c7659daa5983d32b8b0e538191f14
repositorio_corrigido/tabela-copa-main/data/raw/20260720T162519Z/espn_summary/summary_event_760445__0d5e10da4906acca.json,389296,0d5e10da4906accaedf5dad32a14806eadd013fb43932a6dc7a38934b2c4cf99
repositorio_corrigido/tabela-copa-main/data/raw/20260720T162519Z/espn_summary/summary_event_760446__321f928c9be9335b.json,406678,321f928c9be9335b54a5061aec84af022d758e5451556a185f893ca60e30ebfe
repositorio_corrigido/tabela-copa-main/data/raw/20260720T162519Z/espn_summary/summary_event_760447__9bc85db8d1846ec6.json,429055,9bc85db8d1846ec62b383651e501f6cf738fffb80e5bb420c618b9efc3a72891
repositorio_corrigido/tabela-copa-main/data/raw/20260720T162519Z/espn_summary/summary_event_760448__9fa988263d860130.json,399824,9fa988263d860130de11d3fe39517be880dfd791f3bf0f0205ce9305c43267db
repositorio_corrigido/tabela-copa-main/data/raw/20260720T162519Z/espn_summary/summary_event_760449__230a3179967c3fb2.json,373387,230a3179967c3fb2add61bf1a4eb7fc64335228f2e7713619539c420e7fb0622
repositorio_corrigido/tabela-copa-main/data/raw/20260720T162519Z/espn_summary/summary_event_760450__e4c89531244e5855.json,392316,e4c89531244e585557fcefa52331366972c954a8904be4c94b07295a77ef61fb
repositorio_corrigido/tabela-copa-main/data/raw/20260720T162519Z/espn_summary/summary_event_760451__685f9fb342730d67.json,396232,685f9fb342730d6727fa5007e47811db45b0508fe9915cfc558f655bc89da611
repositorio_corrigido/tabela-copa-main/data/raw/20260720T162519Z/espn_summary/summary_event_760452__72559969275bace1.json,423271,72559969275bace1e82c1281270a422be5c38da33c8dfc0bd5c11f888251e318
repositorio_corrigido/tabela-copa-main/data/raw/20260720T162519Z/espn_summary/summary_event_760453__499e30f173a9a499.json,392343,499e30f173a9a499e0d31debd91d173f7f1eaa2084a257d59c9a69b273755a76
repositorio_corrigido/tabela-copa-main/data/raw/20260720T162519Z/espn_summary/summary_event_760454__49cb50f85165b3ba.json,403140,49cb50f85165b3ba3d212f15de56d5d07198694a0b6d9c8c4e78c221f3b69952
repositorio_corrigido/tabela-copa-main/data/raw/20260720T162519Z/espn_summary/summary_event_760455__29a80d6b1d84ea76.json,377759,29a80d6b1d84ea763b93be4271bfe4a6d65b17eb1d0a19133cbd6ac63aa9e43e
repositorio_corrigido/tabela-copa-main/data/raw/20260720T162519Z/espn_summary/summary_event_760456__192a257d0f576954.json,413801,192a257d0f576954c362656c3eb3d6b02a0ece2f47065bbc7d3fc90ee7eb9102
repositorio_corrigido/tabela-copa-main/data/raw/20260720T162519Z/espn_summary/summary_event_760457__0a56445fa03500bb.json,375698,0a56445fa03500bb8896bb37117543007695b8fcdc8b5f920fbf2c4fa4a68672
repositorio_corrigido/tabela-copa-main/data/raw/20260720T162519Z/espn_summary/summary_event_760458__797ea9a0fd86a808.json,429359,797ea9a0fd86a808e57044fe42dfe61c312fed84409c2e58038d94411871a769
repositorio_corrigido/tabela-copa-main/data/raw/20260720T162519Z/espn_summary/summary_event_760459__7a7c937fd27c2e92.json,407069,7a7c937fd27c2e92dfe3ae9dbfc8a3789429c3a4ed8b31816c8f906d369d6e83
repositorio_corrigido/tabela-copa-main/data/raw/20260720T162519Z/espn_summary/summary_event_760460__f577867c5c5afb7d.json,387850,f577867c5c5afb7d8dfc700bef8cc1fd1bdbd85a0fde8d20fd3e53e4f61a9a67
repositorio_corrigido/tabela-copa-main/data/raw/20260720T162519Z/espn_summary/summary_event_760461__f7b6cb53d44c2bae.json,429063,f7b6cb53d44c2bae68929ea3b1871dfee0491c1b14ac7c54c1ed872a0046f196
repositorio_corrigido/tabela-copa-main/data/raw/20260720T162519Z/espn_summary/summary_event_760462__108366ba1066d259.json,409951,108366ba1066d259d5df2b49acb0dc115346147dfdf44d208955d52f027ec3e6
repositorio_corrigido/tabela-copa-main/data/raw/20260720T162519Z/espn_summary/summary_event_760463__93eaf19d462a8dc2.json,409284,93eaf19d462a8dc270ba9d7dafb9e18766ba6d8106d1db331cd2dacdf6c21ad0
repositorio_corrigido/tabela-copa-main/data/raw/20260720T162519Z/espn_summary/summary_event_760464__d3967439cdb030dd.json,432465,d3967439cdb030dde258f7a1412b0fa839aa4979551d8aa5951bff932ffff2f0
repositorio_corrigido/tabela-copa-main/data/raw/20260720T162519Z/espn_summary/summary_event_760465__321a27d24b3e29fb.json,446364,321a27d24b3e29fbe6c0302718790e24aa2c3623722ff86c68cd8ca9bba71e9c
repositorio_corrigido/tabela-copa-main/data/raw/20260720T162519Z/espn_summary/summary_event_760466__fdea6aa32656bb87.json,381304,fdea6aa32656bb878ff969e9b1723b94192025b05ab5cda29881b3971d4d5c21
repositorio_corrigido/tabela-copa-main/data/raw/20260720T162519Z/espn_summary/summary_event_760467__958f9dddc25d699d.json,400206,958f9dddc25d699da8cd99c5e21f9b6fdaee8757f698b7554832409f862ab888
repositorio_corrigido/tabela-copa-main/data/raw/20260720T162519Z/espn_summary/summary_event_760468__96f32a968a12cb17.json,401412,96f32a968a12cb172aee55bb1cf854778544a9c53dcaba3a4ce2d54c6ee99852
repositorio_corrigido/tabela-copa-main/data/raw/20260720T162519Z/espn_summary/summary_event_760469__3fdbea8011c186a5.json,374807,3fdbea8011c186a54307f01268713f734a9b087c5af49945ce555fc1b04eec05
repositorio_corrigido/tabela-copa-main/data/raw/20260720T162519Z/espn_summary/summary_event_760470__91ac9beb62de41dd.json,427063,91ac9beb62de41dd9e1c958e8e1f3d2f8c349350c8e35085ace793f3d0564ec8
repositorio_corrigido/tabela-copa-main/data/raw/20260720T162519Z/espn_summary/summary_event_760471__957b8e15c4576294.json,411523,957b8e15c4576294895468980054b05b0fbb817bbac2581a4dfc486d11a2a7a2
repositorio_corrigido/tabela-copa-main/data/raw/20260720T162519Z/espn_summary/summary_event_760472__fce4c37c646a8ac4.json,390099,fce4c37c646a8ac47c09de8c7635733f3b3f7dff0318c1f418550cacf2e51c43
repositorio_corrigido/tabela-copa-main/data/raw/20260720T162519Z/espn_summary/summary_event_760473__2823ad3bcc40291d.json,397286,2823ad3bcc40291d30042c2130fb295de8772a6e82d28261c6bd7b48229ee5dc
repositorio_corrigido/tabela-copa-main/data/raw/20260720T162519Z/espn_summary/summary_event_760474__a7ab8c28eb258f74.json,405475,a7ab8c28eb258f74817d85e9545cbe8a766809186521be741349aa448e650e82
repositorio_corrigido/tabela-copa-main/data/raw/20260720T162519Z/espn_summary/summary_event_760475__64361e04b8c6f59a.json,428918,64361e04b8c6f59a16f90151e0597d131d8e732e8976a7483501d9fed4ea5880
repositorio_corrigido/tabela-copa-main/data/raw/20260720T162519Z/espn_summary/summary_event_760476__f4f511374839b847.json,396955,f4f511374839b847f7b4c4f0059ffcdb667bda51f432996e23f738f439f50808
repositorio_corrigido/tabela-copa-main/data/raw/20260720T162519Z/espn_summary/summary_event_760477__68196cc73c6f77b8.json,418596,68196cc73c6f77b8f4b8cddf89bd4b59286a8e3c6500fcdc3ff140dcbdda5a4c
repositorio_corrigido/tabela-copa-main/data/raw/20260720T162519Z/espn_summary/summary_event_760478__b4b5c62914954742.json,400598,b4b5c629149547423ed7de79497595ca5e8d66997e002bfe13592b6f75f38a1a
repositorio_corrigido/tabela-copa-main/data/raw/20260720T162519Z/espn_summary/summary_event_760479__dc0c755ba2699597.json,406539,dc0c755ba2699597c88eb52ff19af00631aac6ea1c3c2c525f6cbf89a17bc067
repositorio_corrigido/tabela-copa-main/data/raw/20260720T162519Z/espn_summary/summary_event_760480__0f5848663e186a31.json,394444,0f5848663e186a3196138818838146d6daa50e66c7f30698d7ba28cb4633fa48
repositorio_corrigido/tabela-copa-main/data/raw/20260720T162519Z/espn_summary/summary_event_760481__79c5965adaa8c65e.json,416999,79c5965adaa8c65ee38254d2b5c04cad2e69f9606c1d5e5e36d21037f321aae9
repositorio_corrigido/tabela-copa-main/data/raw/20260720T162519Z/espn_summary/summary_event_760482__adf1224860b5b15a.json,413308,adf1224860b5b15ac22e14fa65ff055183c78244c947805503dfef1a206f806e
repositorio_corrigido/tabela-copa-main/data/raw/20260720T162519Z/espn_summary/summary_event_760483__8d22a2047ca50faf.json,411745,8d22a2047ca50faf17cd61882cd85855431318c574ef8cc59541e5efc0409cdb
repositorio_corrigido/tabela-copa-main/data/raw/20260720T162519Z/espn_summary/summary_event_760484__4f98325831d947d9.json,386742,4f98325831d947d96192a7fad3954a9148bb36d69b1f8d0c503c3da01ce2e1b5
repositorio_corrigido/tabela-copa-main/data/raw/20260720T162519Z/espn_summary/summary_event_760485__05c018d7ce1a930e.json,440652,05c018d7ce1a930e293e267f527eb9311b9efcb5728caa2bac945666f056b05f
repositorio_corrigido/tabela-copa-main/data/raw/20260720T162519Z/espn_summary/summary_event_760486__95155c13f50791fc.json,426737,95155c13f50791fc0f409c8b89c64b598822f7a8eeda810cbfbd8d2a3f3d345a
repositorio_corrigido/tabela-copa-main/data/raw/20260720T162519Z/espn_summary/summary_event_760487__6b3ad23af484550a.json,409694,6b3ad23af484550abec780abae9970f8b8072a4112bba98daa2f6d81427bf117
repositorio_corrigido/tabela-copa-main/data/raw/20260720T162519Z/espn_summary/summary_event_760488__2f755e0cd879198a.json,447656,2f755e0cd879198a13d4cf895af5630eff9f90bd90138460d7f522d538af5049
repositorio_corrigido/tabela-copa-main/data/raw/20260720T162519Z/espn_summary/summary_event_760489__49236f403696eaab.json,467515,49236f403696eaab535967e31d4346303d3b5c611eb3593057440baee7f83f00
repositorio_corrigido/tabela-copa-main/data/raw/20260720T162519Z/espn_summary/summary_event_760490__e55b50fed18b583b.json,392547,e55b50fed18b583bee75a66c726fc4b234666188d4ba16ee65971cb2edd41e40
repositorio_corrigido/tabela-copa-main/data/raw/20260720T162519Z/espn_summary/summary_event_760491__2d5997d2e5d16bd6.json,402851,2d5997d2e5d16bd6782d0b47b1cc275b16710d2760963d7c1ea4fd2f9973b552
repositorio_corrigido/tabela-copa-main/data/raw/20260720T162519Z/espn_summary/summary_event_760492__24ec64813a974e0c.json,415653,24ec64813a974e0c05ca37fbcccc2d7772d152783decda9d4c510dab9b92d231
repositorio_corrigido/tabela-copa-main/data/raw/20260720T162519Z/espn_summary/summary_event_760493__dd3dd9127f594e8c.json,440531,dd3dd9127f594e8c4f69f3dad129510a0ea8c8e1e42a6a20a7b9a1496fbf3f71
repositorio_corrigido/tabela-copa-main/data/raw/20260720T162519Z/espn_summary/summary_event_760494__75b74cd8553b2976.json,434988,75b74cd8553b29767bbc6e71468ad0b8eb32522e3ca1ac3db037c38de3d02ba4
repositorio_corrigido/tabela-copa-main/data/raw/20260720T162519Z/espn_summary/summary_event_760495__0bd5f15ac24df431.json,418041,0bd5f15ac24df43134986fbe1fdf9347a0355bb1e408a66e1a7fceb6b595a880
repositorio_corrigido/tabela-copa-main/data/raw/20260720T162519Z/espn_summary/summary_event_760496__874c7a98ade4328c.json,422945,874c7a98ade4328c7e4cbde317cb85ea3eb5ae053fcb8d0c19d3289ca496ffcd
repositorio_corrigido/tabela-copa-main/data/raw/20260720T162519Z/espn_summary/summary_event_760497__50142fb9097e90b3.json,410816,50142fb9097e90b3ca361d3f30cd505d0de1eec7c2de7935b57b0aa0b3922995
repositorio_corrigido/tabela-copa-main/data/raw/20260720T162519Z/espn_summary/summary_event_760498__f32238436ec5702f.json,388813,f32238436ec5702ff2f1e8fdfb1113ed01828ac17db76de8e952d99e79bf67e6
repositorio_corrigido/tabela-copa-main/data/raw/20260720T162519Z/espn_summary/summary_event_760499__754f3962281ca59f.json,415822,754f3962281ca59fb27d37d8d5ce8de5592ad85cee0f222481a1cfa24701af17
repositorio_corrigido/tabela-copa-main/data/raw/20260720T162519Z/espn_summary/summary_event_760500__334f3fb9efe02ea7.json,438523,334f3fb9efe02ea7dfc9eb36ce36c4b94b4867da88cfd086e0391a71f4782034
repositorio_corrigido/tabela-copa-main/data/raw/20260720T162519Z/espn_summary/summary_event_760501__c4477c1e8a84a0bc.json,408830,c4477c1e8a84a0bcf8cf5b832f8d438f1a614d911b446417220b7d0e7d2fe746
repositorio_corrigido/tabela-copa-main/data/raw/20260720T162519Z/espn_summary/summary_event_760502__51efe8b2354ddd31.json,426777,51efe8b2354ddd31a37da92897c186c4b96f3444dfe02ba951cb27acf29d31de
repositorio_corrigido/tabela-copa-main/data/raw/20260720T162519Z/espn_summary/summary_event_760503__a6d1158f47bbe666.json,395735,a6d1158f47bbe666840aa31a370546397d69dfae16e98100641659b4ae1ffdc1
repositorio_corrigido/tabela-copa-main/data/raw/20260720T162519Z/espn_summary/summary_event_760504__275ae658c7386c6d.json,391042,275ae658c7386c6dceb61fb6235b17a12f30d40f5b609d5dd3076190aea972b4
repositorio_corrigido/tabela-copa-main/data/raw/20260720T162519Z/espn_summary/summary_event_760505__5c8b7d0dd97dcbdd.json,423415,5c8b7d0dd97dcbddecaf5d9dec557f709d4141de6d458bc8cf5debb9c48ad089
repositorio_corrigido/tabela-copa-main/data/raw/20260720T162519Z/espn_summary/summary_event_760506__bda65f9ade24f5cc.json,411295,bda65f9ade24f5cc0f1c19961614e00561ae1c406dfa79a641438cdac2791edc
repositorio_corrigido/tabela-copa-main/data/raw/20260720T162519Z/espn_summary/summary_event_760507__29a211cc1130ef7a.json,449158,29a211cc1130ef7afedf07a8b3ad19be6afa0482e57f13337a0dc552492c427c
repositorio_corrigido/tabela-copa-main/data/raw/20260720T162519Z/espn_summary/summary_event_760508__0fdf3b88b6b0e297.json,433134,0fdf3b88b6b0e297fc07ec85cd289dd7763e73ac3e6d0dd49be43987a0a527bf
repositorio_corrigido/tabela-copa-main/data/raw/20260720T162519Z/espn_summary/summary_event_760509__fc0c1ad127767758.json,426785,fc0c1ad1277677587f443973e52d47aa09120fa9aa1186c1204e71e71c402342
repositorio_corrigido/tabela-copa-main/data/raw/20260720T162519Z/espn_summary/summary_event_760510__f25e521128527abb.json,424782,f25e521128527abbe7986ed50f79bcf64b2d3b249b14591236c3823e30903f84
repositorio_corrigido/tabela-copa-main/data/raw/20260720T162519Z/espn_summary/summary_event_760511__42954a0a7668a37d.json,436786,42954a0a7668a37d338c5b65aba587cfeb87617169461736e070116e785469e2
repositorio_corrigido/tabela-copa-main/data/raw/20260720T162519Z/espn_summary/summary_event_760512__9ff558b140e09728.json,449170,9ff558b140e097287e72fcf24ed108a43058721d09ecb3a114521ba81b5127ae
repositorio_corrigido/tabela-copa-main/data/raw/20260720T162519Z/espn_summary/summary_event_760513__41dbe102d313ee65.json,482765,41dbe102d313ee65b28a21102a2f1e8a4a53541d81695af71ac5d42df35fa20a
repositorio_corrigido/tabela-copa-main/data/raw/20260720T162519Z/espn_summary/summary_event_760514__7a9677dd75799a8d.json,432057,7a9677dd75799a8d2b97445f5c6722f909c8b53e839cce46ac7caba0e89df5df
repositorio_corrigido/tabela-copa-main/data/raw/20260720T162519Z/espn_summary/summary_event_760515__635695a690843260.json,459010,635695a69084326017a47bd8952882d21498c7ffe7fbf47adb16b9ba66e1138b
repositorio_corrigido/tabela-copa-main/data/raw/20260720T162519Z/espn_summary/summary_event_760516__b74040e52f9a9ae7.json,468683,b74040e52f9a9ae7eda11a4e015f7982cb877966a367fc6ecbd72a7089d594a2
repositorio_corrigido/tabela-copa-main/data/raw/20260720T162519Z/espn_summary/summary_event_760517__f73823350fc3435d.json,489360,f73823350fc3435d7a30c3d4edf8c3a4bc4cad414036fad267a2ca4e286637f5
repositorio_corrigido/tabela-copa-main/data/raw/20260720T162519Z/fifa_official/official_results_page_1__128df9d3c828baaf.html,4552,128df9d3c828baaf54e699e753e820c532b5087735d79d8b263f554f550cfb0c
repositorio_corrigido/tabela-copa-main/data/raw/20260720T162519Z/fifa_official/official_results_page_2__d3d08f3f14d73318.html,4552,d3d08f3f14d73318119177ea13a0a7feee37e102f4d15c81e66ecea16a19b68a
repositorio_corrigido/tabela-copa-main/data/raw/world_cup_2026_database.json,21938,85eed95cd79abfe4255b2f3a96a1f8a16e6603868c18d5f01c3dd3f4256a0c9a
repositorio_corrigido/tabela-copa-main/data/raw/world_cup_2026_player_data_r32.json,19783,80d8c10c39a5e4459f0deaa3c441b28f1e7b539a955ad1fad3b0db32509f8f6e
repositorio_corrigido/tabela-copa-main/data/raw_manifest_20260704T010732Z.jsonl,85865,4ce9b096b5765fca15c3fa714f240baa167449143e039e3c6b71e346aab91f0a
repositorio_corrigido/tabela-copa-main/data/raw_manifest_20260720T162519Z.jsonl,55927,6323c2041304b2dd4a7c708b4ceb3891c1e4841e4eadc0b3c3fd3fa07bada631
repositorio_corrigido/tabela-copa-main/data/rede_neural/dataset_treinamento_rede_neural.csv,54567,7502daae614350f086b20ed313ce245cb22fe95bee85fe4178490badbe17757a
repositorio_corrigido/tabela-copa-main/data/rede_neural/debug_chaveamento_rede_neural.json,7611,c30a99915470511ca6341bf46af0df07e18ac58a048fa1ba55cd20f2c124fba5
repositorio_corrigido/tabela-copa-main/data/rede_neural/historico_treinamento.csv,847,208003123f361841a4fd16ebebcfe6bbc9664f4bfc9e1c656b2b07968c58956a
repositorio_corrigido/tabela-copa-main/data/rede_neural/inferencia_rede_neural_pura.csv,6560,afbed7302afcc60f01fd79bba21f125bb77fdb00c1e2c1ffedada23b8c517fe0
repositorio_corrigido/tabela-copa-main/data/rede_neural/metricas_rede_neural.json,966,7ca4333140ffd766871f75207125e7b5e220fd5961088d40aca2d6af35e5d8b3
repositorio_corrigido/tabela-copa-main/data/rede_neural/model_card.md,696,118b672cc049499f87205cc524ed9fccbd4b0a6db9d09b98ad659e9255276aa9
repositorio_corrigido/tabela-copa-main/data/rede_neural/modelo_rede_neural_copa.pt,69292,03591fb32e8d91338e5f519af8eba82d61aa81b6be34e348c164167cc26fbbaf
repositorio_corrigido/tabela-copa-main/data/rede_neural/previsoes_rede_neural.csv,11994,2ead8d809ea8ad45fcbdaec6f1dd57666f8414957d119dcce14b5c9773df7739
repositorio_corrigido/tabela-copa-main/data/rede_neural/schema_features_rede_neural.csv,3066,954a4b9a79df917756c7aace166d894071d043a01a99c55e5cc294816b7d5841
repositorio_corrigido/tabela-copa-main/data/rede_neural/team_embeddings_map.csv,592,0dedc5867ec65eaaed96fb6ea3981f3602de58e2d6439d7f95b6e059d4e6acfb
repositorio_corrigido/tabela-copa-main/data/reports/20260720T162519Z/bracket_and_data_corrections.csv,1179,17fbe4ec714863264a42d0f5b54710be91d3259a9640ffc33e9d7c20bb56e616
repositorio_corrigido/tabela-copa-main/data/reports/20260720T162519Z/correction_manifest.json,728,79f492095944321b15f985101f71dc3ef17e66b4ca6ab705e76746b6de89d314
repositorio_corrigido/tabela-copa-main/data/reports/20260720T162519Z/data_conflicts.csv,401,a733562e40cc92ca918e80df3393278a1810c12fcd11dca249b2fe18a93ec986
repositorio_corrigido/tabela-copa-main/data/reports/20260720T162519Z/data_gaps.csv,95,d20ac736c9727be7475f9b9da2aa45a7919f32fe386cf515a3cac3bfe6fbbe33
repositorio_corrigido/tabela-copa-main/data/reports/20260720T162519Z/event_mapping_report.csv,9179,c2e9b710316be92372da5c6e63a1f3e9627fd0b0c4611a3daffb53c59fb680ab
repositorio_corrigido/tabela-copa-main/data/reports/20260720T162519Z/extraction_summary.json,442,2bb4d276923fbb678777cfcf51ea5d72e94ab4146d2f5d8c519fdd6e40d9b329
repositorio_corrigido/tabela-copa-main/data/reports/20260720T162519Z/quality_checks.csv,679,9d77e9a870615c8c13aee85ce9b83da289075dc5a3e6c5407ce08ffa7d317203
repositorio_corrigido/tabela-copa-main/data/resultados.csv,34887,679abe0265661b43c5c97c9d01a2448c2cc2787442c5960b4c01dd32a0af2e44
repositorio_corrigido/tabela-copa-main/data/resultados.txt,4854,ea3d09e3c34f10016c64cd2496a7d0afda55ab2e1c0a05a259dfdb6fd55a917d
repositorio_corrigido/tabela-copa-main/data/resultados_reais.csv,34887,679abe0265661b43c5c97c9d01a2448c2cc2787442c5960b4c01dd32a0af2e44
repositorio_corrigido/tabela-copa-main/data/state/ingestion_state.json,49,204d5f163dff4dc956d26f67e057820cfb4f79d6dcaa7909dc5124c505180eac
repositorio_corrigido/tabela-copa-main/data/team_colors.csv,3658,56020a9a2163764f442551b32fd8766f7182b8f50f9cea9760f1ceb5afff195e
repositorio_corrigido/tabela-copa-main/docs/ARCHITECTURE.md,188,1166a8d719d702bd946c20960603868bfa8607d67b469830144dfa72b617b332
repositorio_corrigido/tabela-copa-main/docs/ARCHITECTURE_V3.md,131,4afb9632004fa799c6c527e7fa132c3d3bffc9c984adf467df5701e3803854a8
repositorio_corrigido/tabela-copa-main/docs/Pesquisa aprofundada da Copa do Mundo FIFA 2026.pdf,108314,2ec795d47ecf74a001da11b673d392df0de779b44b92cdb9c0e47fe56cc37090
repositorio_corrigido/tabela-copa-main/docs/RELATORIO_AJUSTE_PLACAR_PENALTIS_2026_07_01.md,2080,e548b38b28071822bb39215f21cf23ba68e07bda1083bb704ab0f890b519356f
repositorio_corrigido/tabela-copa-main/docs/RELATORIO_ATUALIZACAO_RESULTADOS_2026_07_03.md,1140,616c8593539a342bb75239776ce9d192e75b17861ca678704744466098e3c86f
repositorio_corrigido/tabela-copa-main/docs/RELATORIO_INTEGRACAO_ESPN_RAW_2026_07_04.md,1799,0298b357235999c6f3ceaf6df56cbb62f90382fb01f147d496fbf6202ffd21e5
repositorio_corrigido/tabela-copa-main/docs/RELATORIO_INTEGRACAO_PESQUISA_2026_06_30.md,1782,4a813506cceb773d2dfa32f7b5d913c7c852bb66109a2d84640f8fbe2d1305b1
repositorio_corrigido/tabela-copa-main/docs/RELATORIO_RECALIBRACAO_PROBABILIDADES_2026_06_30.md,2790,c964372233e65b706d6b104ca65b15f6d504666190afd0f8c9fcdcfdc5582de9
repositorio_corrigido/tabela-copa-main/docs/VALIDACAO_INTEGRACAO_ESPN_RAW_2026_07_04.json,521,92fb4e87db45050a0a3158fb8dc05deb32768bca0b0d87e11229d4242a398ee4
repositorio_corrigido/tabela-copa-main/docs/analise_deeplearningexamples.md,1294,ef623680e55ada6523ad70d09b7d569bf17f349e940a726eb434b458e13b638b
repositorio_corrigido/tabela-copa-main/docs/analise_dl_visualization_adaptacao.md,1199,ce6a68b21f0a9c236ad3a9e1cb76b950b9e01a3918c630d8bda9b39b7fca9321
repositorio_corrigido/tabela-copa-main/docs/analise_pixijs_visualizacao.md,827,cc5f99618c69404c939255f75c79f45e50af2c223b5878f4e78c9711a03799fc
repositorio_corrigido/tabela-copa-main/docs/historico/README_PATCH_GOLS_SOFRIDOS_AJUSTADOS_29-06.md,1377,ff8f573ebb4cf72fecfc3d43bcf1a396f43d7d1dd95c39e3f0d09db669021256
repositorio_corrigido/tabela-copa-main/docs/historico/README_PATCH_MODELO_VERIDICO_29-06.md,2232,60ad18e7318d41928c91556571e15c8cafeff360a6f48ea4dd0ba05ed254e417
repositorio_corrigido/tabela-copa-main/docs/historico/README_PATCH_SEM_BONUS_MANDANTE.md,602,028d6abf6a91d043eedd4511812a31ea86f7e78240e834cee6130f9915dba3cd
repositorio_corrigido/tabela-copa-main/docs/historico/RELATORIO_PATCH_1_SEGURANCA_VALIDACAO.md,1794,2af89a9eda2d27f2c1fb3f164982d7529aa921730a002ea62f6e6c804a2532ce
repositorio_corrigido/tabela-copa-main/docs/historico/RELATORIO_PATCH_2_LIMPEZA_ORFAOS.md,3016,48b94d718f4ba3e1853087be9984cfc027a455fbcbbc89e1195133df8d86f660
repositorio_corrigido/tabela-copa-main/docs/historico/VALIDACAO_ATUALIZACAO_AUTOMATICA_2026_06_30.json,638,8316358d5d99f649e46264abca068d64b1360a4799a250fcb1b2ff5d007a5072
repositorio_corrigido/tabela-copa-main/docs/historico/VALIDACAO_CHAVEAMENTO_SEM_CONFLITO.md,1272,5a91580fbe0f29a6e52f9f7d695d64d0cb67f0c438dc104dc31fb2f659c352a8
repositorio_corrigido/tabela-copa-main/docs/historico/VALIDACAO_CORRECAO_FRONTEND.md,2334,fea705dd82b540a25859e28f59f5b1d734782e2f206daf87b35ffd6c12d42099
repositorio_corrigido/tabela-copa-main/docs/historico/VALIDACAO_GOLS_SOFRIDOS_AJUSTADOS_29-06.md,1043,8b72d2e97fffe7481fc9dc9c29e7d6ba84738d5042072126013704aa19ddd2ac
repositorio_corrigido/tabela-copa-main/docs/historico/VALIDACAO_INTEGRACAO_PESQUISA_2026_06_30.json,1576,286ba9ffb03e2ddb2448e57ddfe223151dbe9f353327eac118697214337885ed
repositorio_corrigido/tabela-copa-main/docs/historico/VALIDACAO_MODELO_VERIDICO_29-06.md,1096,141be7999fc362b05b3c805cf20c7fe9d7ae8b61a8cfa3e741f855e3708f00e3
repositorio_corrigido/tabela-copa-main/docs/historico/VALIDACAO_PATCH_1_SEGURANCA_2026_06_30.json,746,9002d28c0a9df24ddab2a5d32fa6d020f5aad38e33f7718397907422f83f73fa
repositorio_corrigido/tabela-copa-main/docs/historico/VALIDACAO_PATCH_2_LIMPEZA_ORFAOS_2026_06_30.json,1213,daff8038773339b905d531c25b97205732c3258b9f9f50c0ba42270f99405526
repositorio_corrigido/tabela-copa-main/docs/historico/VALIDACAO_RECALCULO_PROBABILIDADES_2026_06_30.json,353,aa2424ba5f2e1022753ea70de29cc7b3421b1938faa18e8b0c3bcd8cad70d471
repositorio_corrigido/tabela-copa-main/docs/historico/VALIDACAO_RECALIBRACAO_CLASSIFICACAO_2026_06_30.json,681,23f9035df6b7d319920ac0dd58dd061546064d2582d676906a5b16576878e279
repositorio_corrigido/tabela-copa-main/grupos-jogos.html,3214,327432612844b78fdbed94df1aae2fef8603677ace21d2395b5717ff44ae01d0
repositorio_corrigido/tabela-copa-main/grupos-resultados.html,2976,24a2f5cc72951215efcdc3cb6045bc0659e27fe08f4f172b4bab9a9905fd2fac
repositorio_corrigido/tabela-copa-main/index.html,361,463b2fde107fd720136e97b110ce1a2a8606375638a38daa5bf3acef9f4368e7
repositorio_corrigido/tabela-copa-main/mata-mata-chave.html,2561,60d704fd44f87f96a673f1303d1435714713901ef50e8a54d3ec50aa5796ca4b
repositorio_corrigido/tabela-copa-main/mata-mata-jogos.html,3060,cbb65c03030e0ad7d08b80065805fea674800d34b145f9c4950da8569b4df725
repositorio_corrigido/tabela-copa-main/neural_copa/__init__.py,67,ba5ec963c82dc04327c05f2a06e9206f0608d5f55463c96bfd7e9b3fad8722a7
repositorio_corrigido/tabela-copa-main/neural_copa/__pycache__/__init__.cpython-313.pyc,234,0e400e9ae0befee871feec49dff4a698610435ffa808a0849019f2b3533b3811
repositorio_corrigido/tabela-copa-main/neural_copa/__pycache__/config.cpython-313.pyc,1864,d4757e8f392d3e2962e954dfa25a4823fa8992c31fa50806ba695547283ae26e
repositorio_corrigido/tabela-copa-main/neural_copa/__pycache__/data_utils.cpython-313.pyc,18461,99ed5977dc939d81ef89dd6251b8b7dd35b3df12228c6f5904357dd0d31ae2cb
repositorio_corrigido/tabela-copa-main/neural_copa/__pycache__/export_frontend.cpython-313.pyc,3845,fd1e72d3d0c7ff142971d76655a7abe82ece9dc34e9da1e75366774e5328e6f9
repositorio_corrigido/tabela-copa-main/neural_copa/__pycache__/inference.cpython-313.pyc,4567,6ab8516cb2c173e05048342caf1e555cdd79d9fa1212ce5c2b62b4723fa71119
repositorio_corrigido/tabela-copa-main/neural_copa/__pycache__/knockout.cpython-313.pyc,27234,d3a31cec6d98a671634e8e6cc70c9f21e427327bd1469dd03e5795bcb7973bba
repositorio_corrigido/tabela-copa-main/neural_copa/__pycache__/modeling.cpython-313.pyc,2660,b4dfad0f1b267b2f138c156c73d45e1c2088a5c6acb786eda9af1478f736cb23
repositorio_corrigido/tabela-copa-main/neural_copa/__pycache__/run_pipeline.cpython-313.pyc,819,7f66b9844bcd39bd1fe687a8774144c8ccb3e9772599ac9ad70a03f010a7c94f
repositorio_corrigido/tabela-copa-main/neural_copa/__pycache__/train.cpython-313.pyc,15312,ceae5dcc2ea3cc120e3f74362808e30299507f309d149ab31f6d37eb05d216ec
repositorio_corrigido/tabela-copa-main/neural_copa/config.py,693,60af71dd8f52408859108ab24569fbb2ce43ba9cf1a7b0e5cde65e6db62e1649
repositorio_corrigido/tabela-copa-main/neural_copa/data_utils.py,11482,f9d2a82b1f634ea20b187dffb77b45875c25cf007144c3266c43e7ee358712cc
repositorio_corrigido/tabela-copa-main/neural_copa/export_frontend.py,2340,2862270ec54943ff9b0d55d13f240287b56dd50ef46d3a53753a4fd9fd4d481f
repositorio_corrigido/tabela-copa-main/neural_copa/inference.py,2671,f38c4f19b2c71d17f9edd93e14d6cd3b529a7befbd85ac4b5ae9d627ced79856
repositorio_corrigido/tabela-copa-main/neural_copa/knockout.py,18973,ea049069b2363ad1465a38d443e25002c8684786af461edff2a77847a54d55e5
repositorio_corrigido/tabela-copa-main/neural_copa/modeling.py,1486,338b275a58fcd59404c92b0d556fa44acb7e45c0a322e66d5b68711cf3c3fb85
repositorio_corrigido/tabela-copa-main/neural_copa/run_pipeline.py,447,03ecb3fde5d3ff9204849dfe26e8fe12fe76fec2c716684a3795657322aefdf6
repositorio_corrigido/tabela-copa-main/neural_copa/train.py,10298,af8da263ce1f52f79c20fbb75724cda5ee1d18b575d96b4852fcd1f3a88ed495
repositorio_corrigido/tabela-copa-main/notebooks/README.md,359,d6fe1c3e0aac5122f51e6be84c05477139fe9910b6eab2ddbf18f861a635f3ad
repositorio_corrigido/tabela-copa-main/notebooks/extracao_confiavel_copa_2026.ipynb,101120,d5cc73bbdd1f700e55d9372fc8e8f6906af15e2dc6ae83eeecf9f4ce11429614
repositorio_corrigido/tabela-copa-main/notebooks/extracao_confiavel_copa_2026_v2.ipynb,101120,d5cc73bbdd1f700e55d9372fc8e8f6906af15e2dc6ae83eeecf9f4ce11429614
repositorio_corrigido/tabela-copa-main/rede-neural.html,6953,ac9b1df2ed4cd255b8f512e5bf0a5119ee1f53bc39f1d07dd3c0cbadc397ee87
repositorio_corrigido/tabela-copa-main/requirements.txt,0,e3b0c44298fc1c149afbf4c8996fb92427ae41e4649b934ca495991b7852b855
repositorio_corrigido/tabela-copa-main/scripts/README_integracao_pesquisa_2026_06_30.md,583,cc4b7f9a5d23ee35abadebbc4f742baa0be50f03a8fb43d05ce177dc4664bfe6
repositorio_corrigido/tabela-copa-main/scripts/__pycache__/modelo_neural_diario.cpython-313.pyc,87940,a7106f95923fa3b354a3106bfc62c56d686f607e3624cf6c4b9747245bae0880
repositorio_corrigido/tabela-copa-main/scripts/atualizar_modelo.py,9064,7f21e7edeed237861cac6a7a420c5579f1d2ad697e5e8352f2533eff7db568a3
repositorio_corrigido/tabela-copa-main/scripts/modelo_neural_diario.py,67671,3f650ec5f75bc6fa1e3c174c8fcab4099e942280a0c5111bf5bde9a8860f916b
repositorio_corrigido/tabela-copa-main/scripts/recalcular_chaveamento_completo.py,22558,5ce9339fe8ef39a71477d1479c4415db7db6303f9e468fd39bca9265f516cf87
repositorio_corrigido/tabela-copa-main/scripts/testes/test_integridade_dados.py,13645,ea8ac762272ae55c18987eafe3191b4558b6ada0e39a8b2879fe220c137eaa0b
repositorio_corrigido/tabela-copa-main/scripts/treinar_rede_neural_copa.py,193,2afbc1b48154402578e2e3172eb262678d8259ac3e3df28bd19fd08174c0bcb5
repositorio_corrigido/tabela-copa-main/scripts/validar_recalculo_probabilidades.py,4861,b64426b40328c17dc14741ebc8d238e76204d9b822a4768bcad68b6245a807ab
repositorio_corrigido/tabela-copa-main/src/dashboard.js,36810,8276f2f760331ecbffa56dc976d48540d2ef69ac08250836a3641863278cab1d
repositorio_corrigido/tabela-copa-main/src/data.js,100273,7b5cbd593f2847b00a162c0cb8ec7ed58ac47fdfaacc261156507ec02f275f47
repositorio_corrigido/tabela-copa-main/src/modelo-diario-data.js,433120,aa4b8e72aa5ca4b844393cd419bad82f5eea60407030f774692b24a1cd7c1131
repositorio_corrigido/tabela-copa-main/src/neural-data-viz.js,14145,64afc30eec379c15668ef6f10d2b63372e411a94cc68456799b75f2fbb641855
repositorio_corrigido/tabela-copa-main/src/pixi-neural-view.js,13239,d4248db22c93b12a1308be27e4e9af8df063245c66a4c52bea0bbdf1e367c5ce
repositorio_corrigido/tabela-copa-main/src/prediction-source.js,4243,6b3695bb58422833e063171203e43568b32e1a9322c4fcaa7e823be7cd1310d3
repositorio_corrigido/tabela-copa-main/src/rede-neural-data.js,71963,47ed8d978a790a2dcc64605bbfbeffcb9e7650bee950ae1df91d535e4eb3600a
repositorio_corrigido/tabela-copa-main/src/styles.css,25007,0b94a2ccbdda7efbb9fa31f923d8c25ae77578f57509d6712de2865e89ba912c
repositorio_corrigido/tabela-copa-main/src/team-assets.js,35360,a573b3b3bec8057fdad85cde762ee1970b64b2ed1b6dba3790ca72ac7e8b0513
repositorio_corrigido/tabela-copa-main/src/team-colors.js,10801,0b7297516002ad8e17a1e1a9ac7fee96c4c78a54c189ce32b1a7927319959497
